"신규진입 키워드","키워드","카테고리","브랜드 키워드","쇼핑성 키워드","경쟁률","최근 1개월 검색량","예상 1개월 검색량","예상1개월 검색량 상승률","최근 3개월 검색량","예상 3개월 검색량","예상3개월 검색량 상승률","작년 검색량","작년 최대검색 월","작년최대 검색월 검색량","계절성","계절성 월","네이버 상품수","네이버 해외 상품수","네이버 평균가","네이버 경쟁강도","네이버 일반배송비율","네이버 해외배송비율","네이버 묶음상품비율","쿠팡 평균가","쿠팡 총리뷰수","쿠팡 최대리뷰수","쿠팡 평균리뷰수","쿠팡 로켓배송비율","쿠팡 판매자로켓 배송비율","쿠팡 일반배송비율","쿠팡 해외배송비율","쿠팡 해외배송 총리뷰수","쿠팡 해외배송 최대리뷰수","쿠팡 해외배송 평균리뷰수"
"X","안경테","패션잡화>선글라스/안경테","X","O","65.38","32030","31776","-0.0079","111019","104941","-0.0547","571661","3","57410","없음","없음","2094274","687751","94623","높음","0.95","0.05","0.025","26082","20553","8913","761","0.2593","0.5185","0.1481","0.0741","91","56","46"
"X","오클리선글라스","패션잡화>선글라스/안경테","O","O","5.15","48940","43989","-0.1012","204836","127022","-0.3799","769392","5","105824","없음","없음","252107","133756","179887","높음","1","0","0.15","210322","189","100","7","0.037","0.5556","0.3704","0.037","9","9","9"
"X","크롬하츠안경","패션잡화>선글라스/안경테","O","X","0.05","32130","26423","-0.1776","99939","98565","-0.0137","446288","5","62190","없음","없음","1472","1073","1852020","높음","0.5","0.5","0.375","517004","526","95","19","0","0.2593","0.4444","0.2963","26","10","3"
"X","선글라스","패션잡화>선글라스/안경테","X","O","90.11","48440","44423","-0.0829","157297","95102","-0.3954","1037431","5","151760","없음","없음","4364717","2003939","135270","높음","0.925","0.075","0.175","13088","22511","8977","833","0.2222","0.7037","0.0741","0","0","0","0"
"X","안경","패션잡화>선글라스/안경테","X","X","36.34","98200","97471","-0.0074","266683","243076","-0.0885","919847","3","90848","없음","없음","3568210","1116445","89114","높음","0.95","0.05","0.075","20892","17822","8909","660","0.1852","0.4444","0.2593","0.1111","59","29","20"
"X","티타늄안경테","패션잡화>선글라스/안경테","X","O","12.93","16050","16035","-0.0009","54432","55882","0.0266","231845","1","23757","없음","없음","207485","75868","180822","높음","1","0","0","49302","1545","382","57","0.037","0.6667","0.2593","0.037","0","0","0"
"X","뿔테안경","패션잡화>선글라스/안경테","X","O","12.5","18750","18164","-0.0313","58084","61383","0.0568","368312","1","36976","없음","없음","234295","40513","109806","높음","1","0","0","12363","9017","5717","346","0.2308","0.6154","0.1538","0","0","0","0"
"X","블루라이트차단안경","패션잡화>선글라스/안경테","X","O","5.56","25740","25465","-0.0107","81483","84871","0.0416","404362","1","48123","없음","없음","143204","25166","78613","높음","1","0","0.025","19525","17493","8913","672","0.0769","0.6154","0.1538","0.1538","61","56","15"
"X","레이벤선글라스","패션잡화>선글라스/안경테","O","O","6.06","25450","22216","-0.1271","112117","66923","-0.4031","350302","5","52119","없음","없음","154335","101861","188425","높음","0.925","0.075","0.3","157266","444","214","16","0.0741","0.3333","0.5556","0.037","0","0","0"
"X","젠틀몬스터안경","패션잡화>선글라스/안경테","O","O","0.02","34050","35960","0.0561","117708","127580","0.0839","476217","3","47549","없음","없음","838","231","285225","높음","1","0","0.025","51424","5652","2021","209","0.2222","0.5556","0.1111","0.1111","64","64","21"
"X","몽벨선글라스","패션잡화>선글라스/안경테","O","X","0.06","28160","19751","-0.2986","141598","66176","-0.5326","66854","9","12589","있음","5,6,7,8,9","1602","1351","86281","높음","0.3","0.7","0.25","117451","8960","5207","331","0.1852","0.1481","0.2963","0.3704","3","1","0"
"X","안경케이스","패션잡화>선글라스/안경테","X","O","63.35","6750","6237","-0.076","24351","21821","-0.1039","101990","3","9603","없음","없음","427641","100934","10895","높음","0.975","0.025","0.3","8102","3565","1293","132","0.1111","0.5185","0.3704","0","0","0","0"
"X","안경코받침","패션잡화>선글라스/안경테","X","O","10.22","10460","5643","-0.4605","37904","28150","-0.2573","151319","10","14996","없음","없음","106854","13970","6759","높음","1","0","0.175","6887","10164","1998","376","0.0741","0.6296","0.2963","0","0","0","0"
"X","명품안경테","패션잡화>선글라스/안경테","X","O","27.56","4620","4518","-0.0221","13592","14862","0.0934","61755","1","6837","없음","없음","127306","31374","311286","높음","1","0","0.075","80963","382","155","14","0","0.1481","0.7778","0.0741","16","13","8"
"X","젠틀몬스터","패션잡화>선글라스/안경테","O","X","0.05","139000","129423","-0.0689","577704","461737","-0.2007","2936531","5","433470","없음","없음","7003","2305","305650","높음","1","0","0.05","84571","26101","8964","725","0.2222","0.5","0.1389","0.1389","0","0","0"
"X","셀린느선글라스","패션잡화>선글라스/안경테","O","X","2.29","15210","12832","-0.1563","77902","38495","-0.5059","496968","5","82545","없음","없음","34901","25493","514589","높음","0.825","0.175","0","534746","0","0","0","1","0","0","0","0","0","0"
"X","안경닦이","패션잡화>선글라스/안경테","X","O","8.21","8380","9154","0.0924","30767","40507","0.3166","136292","12","12848","없음","없음","68840","2992","8766","높음","1","0","0.125","7986","83332","23340","3086","0.3333","0.3333","0.3333","0","0","0","0"
"X","톰포드선글라스","패션잡화>선글라스/안경테","O","O","6","11690","9496","-0.1877","54451","27482","-0.4953","314461","5","47706","없음","없음","70091","50804","360349","높음","0.975","0.025","0.55","380970","0","0","0","1","0","0","0","0","0","0"
"X","편광선글라스","패션잡화>선글라스/안경테","X","O","59.56","9840","6502","-0.3392","46809","27571","-0.411","236622","5","34204","없음","없음","586109","195553","102862","높음","0.95","0.05","0.2","21672","43357","8966","1605","0.1111","0.6296","0.2222","0.037","0","0","0"
"X","무테안경","패션잡화>선글라스/안경테","X","O","7.62","7050","7018","-0.0045","23741","20141","-0.1516","183084","3","27948","없음","없음","53743","18825","367341","높음","0.975","0.025","0.075","26682","405","77","15","0.0741","0.4444","0.3704","0.1111","18","18","6"
"X","톰포드안경","패션잡화>선글라스/안경테","O","O","1.99","9880","10235","0.0359","30938","40537","0.3103","113872","2","13803","없음","없음","19706","15764","324431","높음","0.95","0.05","0.6","452533","0","0","0","0.9444","0","-0.0556","0.1111","0","0","0"
"X","금자안경","패션잡화>선글라스/안경테","X","O","0.52","18790","17875","-0.0487","60547","64740","0.0693","233293","6","24881","없음","없음","9849","463","528863","높음","0.975","0.025","0.05","104453","6192","5671","229","0.037","0.2222","0.4815","0.2593","36","26","5"
"X","린드버그안경테","패션잡화>선글라스/안경테","X","O","0.32","12060","11879","-0.015","41299","43449","0.0521","170764","2","17958","없음","없음","3860","2505","287205","높음","0.55","0.45","0.475","90375","1170","347","33","0","0.2857","0.3143","0.4","88","24","6"
"X","오클리","패션잡화>선글라스/안경테","O","X","11.25","48580","48132","-0.0092","150343","123772","-0.1767","553271","5","63062","없음","없음","546507","226377","167233","높음","0.975","0.025","0.4","180124","5535","5203","205","0.037","0.5556","0.2963","0.1111","27","9","9"
"X","젠틀몬스터선글라스","패션잡화>선글라스/안경테","O","X","0.24","19940","12459","-0.3752","102830","39547","-0.6154","1067091","5","175334","없음","없음","4777","2031","311000","높음","1","0","0.025","108498","22725","8972","841","0.3704","0.4074","0.1111","0.1111","0","0","0"
"X","오클리아이자켓","패션잡화>선글라스/안경테","O","O","0.12","13870","12770","-0.0793","55226","34402","-0.3771","128628","5","16039","없음","없음","1666","423","194673","높음","0.95","0.05","0.25","208292","95","29","3","0","0.1111","0.8519","0.037","0","0","0"
"X","미우미우선글라스","패션잡화>선글라스/안경테","O","O","4.31","8090","7431","-0.0815","36801","23819","-0.3528","97624","6","11672","없음","없음","34876","28950","446333","높음","0.4","0.6","0.8","417324","8","1","0","1","0","-0.0278","0.0278","0","0","0"
"X","안경줄","패션잡화>선글라스/안경테","X","O","39.96","3500","2869","-0.1803","13336","9498","-0.2878","90840","6","10256","없음","없음","139860","16569","6957","높음","1","0","0.4","8630","4457","1802","165","0","0.5926","0.4074","0","0","0","0"
"X","미우미우안경","패션잡화>선글라스/안경테","O","O","0.57","12890","15726","0.22","38877","46494","0.1959","162433","3","23661","없음","없음","7347","6536","373607","높음","0.425","0.575","0.725","460068","1","1","0","0.8824","0","0.1176","0","0","0","0"
"X","체인소맨안경","패션잡화>선글라스/안경테","","","5.86","5940","0","","7049","0","","0","","0","없음","없음","34786","26212","117204","낮음","0.2","0.8","0.1","21020","16","6","0","0","0","0.0741","0.9259","10","3","0"
"X","몽블랑안경테","패션잡화>선글라스/안경테","O","O","6.35","1810","1936","0.0696","5749","6059","0.0539","22770","2","2184","없음","없음","11490","4614","156905","높음","0.975","0.025","0.975","234116","103","41","3","0.037","0.037","0.9259","0","0","0","0"
"X","크롬하츠안경테","패션잡화>선글라스/안경테","O","O","0.57","4610","4599","-0.0024","13578","14957","0.1016","59047","5","7297","없음","없음","2614","1582","2205031","높음","0.675","0.325","0.45","521874","652","127","24","0.037","0.2963","0.3704","0.2963","60","35","8"
"X","샤넬선글라스","패션잡화>선글라스/안경테","O","O","1.09","8440","11556","0.3692","36275","26680","-0.2645","190089","5","28645","없음","없음","9200","6710","713664","높음","0.625","0.375","0","554715","1320","594","36","0.3056","0.25","0.4444","0","0","0","0"
"X","노안안경","패션잡화>선글라스/안경테","X","O","2.05","6430","4791","-0.2549","22497","16140","-0.2826","87980","7","8935","없음","없음","13159","3169","24853","높음","0.675","0.325","0.475","26214","1748","436","49","0.0286","0.2286","0.4","0.3429","153","49","13"
"X","안경코받침패드","패션잡화>선글라스/안경테","X","O","14.74","4900","19195","2.9173","18234","82292","3.5131","21840","11","5422","있음","11,12","72219","9330","5464","중간","1","0","0.225","6702","8518","1875","315","0.037","0.5556","0.3704","0.037","9","9","9"
"X","구찌안경테","패션잡화>선글라스/안경테","O","O","13.34","3030","2893","-0.0452","9833","8596","-0.1258","75542","1","10265","없음","없음","40426","20259","297275","높음","0.975","0.025","0","440766","2","1","0","0.8889","0","0.0278","0.0833","0","0","0"
"X","구찌선글라스","패션잡화>선글라스/안경테","O","O","15.38","7590","7441","-0.0196","43589","27691","-0.3647","242213","5","37519","없음","없음","116705","80850","324624","높음","0.925","0.075","0","418357","5","2","0","1","0","-0.1154","0.1154","0","0","0"
"X","페라가모선글라스","패션잡화>선글라스/안경테","X","O","6.02","4820","3979","-0.1745","18401","11611","-0.369","122098","5","19628","없음","없음","29035","15859","405562","높음","0.825","0.175","0","645236","4","1","0","1","0","0","0","0","0","0"
"X","안네발렌틴안경","패션잡화>선글라스/안경테","O","O","1.56","1880","1949","0.0367","5488","6466","0.1782","14855","2","1476","없음","없음","2931","110","599775","높음","1","0","0.1","295471","180","56","6","0","0.1852","0.7778","0.037","41","41","41"
"X","블루엘리펀트","패션잡화>선글라스/안경테","X","X","0.06","61490","56131","-0.0872","220778","184099","-0.1661","470166","6","66348","없음","없음","3813","910","47276","높음","1","0","0.5","2478395","1179","807","43","0.1481","0.1852","0.1481","0.5185","2","1","0"
"X","선글라스케이스","패션잡화>선글라스/안경테","X","O","122.93","2810","2242","-0.2021","13756","6592","-0.5208","60909","6","10540","있음","4,5,6,7,8","345425","76939","14722","높음","0.975","0.025","0.25","7453","2979","570","110","0.1852","0.5185","0.2593","0.037","31","31","31"
"X","하금테안경","패션잡화>선글라스/안경테","X","O","10.11","2830","2934","0.0367","9668","9551","-0.0121","43623","3","4705","없음","없음","28603","3165","158943","높음","0.975","0.025","0.05","30575","2474","962","91","0.2963","0.4444","0.1852","0.0741","0","0","0"
"X","톰포드안경테","패션잡화>선글라스/안경테","O","O","8.39","3760","3095","-0.1769","12412","11625","-0.0634","66486","1","8870","없음","없음","31532","19528","283837","높음","1","0","0.75","418372","0","0","0","0.8889","0","0.0556","0.0556","0","0","0"
"X","레이밴선글라스","패션잡화>선글라스/안경테","O","O","22.83","6760","5343","-0.2096","35467","19891","-0.4392","111088","5","16313","없음","없음","154324","101853","187847","높음","0.925","0.075","0.3","160022","478","215","17","0.1111","0.5185","0.3704","0","0","0","0"
"X","골프선글라스","패션잡화>선글라스/안경테","X","O","24.3","6120","4769","-0.2208","21828","9919","-0.5456","77314","5","12296","없음","없음","148737","43878","139861","높음","1","0","0.15","27654","45321","8972","1678","0.1852","0.5556","0.1111","0.1481","0","0","0"
"X","남자선글라스","패션잡화>선글라스/안경테","X","O","267.8","2770","2494","-0.0996","15172","7808","-0.4854","125793","6","19222","없음","없음","741813","372428","158588","높음","1","0","0.1","19372","35988","8966","1332","0.1852","0.7037","0.1111","0","0","0","0"
"X","안경줄목걸이","패션잡화>선글라스/안경테","X","O","33.62","1750","0","","6841","0","","0","","0","없음","없음","58840","4691","6932","높음","0.975","0.025","0.4","9566","6474","1804","239","0","0.6667","0.3333","0","0","0","0"
"X","오클리안경테","패션잡화>선글라스/안경테","O","O","15.98","2040","1991","-0.024","7301","5756","-0.2116","34407","3","3329","없음","없음","32596","21155","166692","높음","1","0","0.475","156128","30","4","1","0","0","0.9259","0.0741","0","0","0"
"X","썬그라스","패션잡화>선글라스/안경테","X","O","797.9","5470","4754","-0.1309","25905","14270","-0.4491","186790","5","28469","없음","없음","4364524","2004084","145190","높음","0.925","0.075","0.125","17959","44085","8971","1632","0.1481","0.7037","0.0741","0.0741","0","0","0"
"X","투명뿔테안경","패션잡화>선글라스/안경테","X","O","13.08","2620","2324","-0.113","8829","7198","-0.1847","62709","3","7392","없음","없음","34271","6802","51920","높음","1","0","0","16250","8994","5717","333","0.1481","0.7407","0.037","0.0741","56","56","28"
"X","오클리라테랄리스","패션잡화>선글라스/안경테","X","O","0","3500","5622","0.6063","13015","37059","1.8474","1122","11","478","있음","10,11","8","2","241821","높음","0.75","0.25","0.125","213549","10","4","0","0","0.0741","0.9259","0","0","0","0"
"X","레이벤안경테","패션잡화>선글라스/안경테","O","O","12.72","2730","2719","-0.004","9356","10215","0.0918","48778","2","5423","없음","없음","34720","20510","145588","높음","1","0","0.3","128564","41","8","1","0","0.1111","0.7407","0.1481","0","0","0"
"X","프라다선글라스","패션잡화>선글라스/안경테","O","O","6.89","6650","5750","-0.1353","27215","16192","-0.405","150244","5","20869","없음","없음","45804","35394","378330","높음","1","0","0","405636","9","5","0","0.1389","0","0.8611","0","0","0","0"
"X","프라다안경테","패션잡화>선글라스/안경테","O","O","6.01","2050","2181","0.0639","6388","7110","0.113","30749","3","3173","없음","없음","12315","8501","323466","높음","0.975","0.025","0","322997","8","5","0","0","0","1","0","0","0","0"
"X","나이키선글라스","패션잡화>선글라스/안경테","O","O","8.36","2900","1994","-0.3124","14519","6319","-0.5648","65501","6","10263","없음","없음","24255","16637","126282","높음","0.8","0.2","0","89392","96","26","3","0.0741","0.3333","0.5185","0.0741","1","1","1"
"X","명품선글라스","패션잡화>선글라스/안경테","X","O","64.28","3100","2883","-0.07","12831","8002","-0.3764","66177","5","9785","없음","없음","199275","65786","241474","높음","1","0","0.3","99399","2606","857","96","0.1481","0.2963","0.5556","0","0","0","0"
"X","안경홀더","패션잡화>선글라스/안경테","X","O","52.14","2570","3528","0.3728","3196","3275","0.0247","3080","11","584","있음","9,10,11,12","133996","41665","4224","높음","0.85","0.15","0.8","9272","1533","649","56","0.0741","0.5185","0.3704","0.037","0","0","0"
"X","샤넬안경테","패션잡화>선글라스/안경테","O","O","1.47","2950","3226","0.0936","7332","8912","0.2155","44777","3","4747","없음","없음","4350","3234","609060","높음","0.85","0.15","0","491477","3","1","0","0.4286","0","0.5143","0.0571","0","0","0"
"X","안경집","패션잡화>선글라스/안경테","X","O","7.44","14850","14561","-0.0195","46165","39303","-0.1486","200049","8","18354","없음","없음","110478","13984","5600","높음","0.975","0.025","0.6","7480","4085","1293","151","0.2963","0.5185","0.1852","0","0","0","0"
"X","안경닦이천","패션잡화>선글라스/안경테","X","O","9.06","2780","2878","0.0353","8992","11389","0.2666","23645","3","2342","없음","없음","25179","1048","8274","높음","0.95","0.05","0.25","7170","43702","23347","1618","0.3333","0.2593","0.4074","0","0","0","0"
"X","안경거치대","패션잡화>선글라스/안경테","X","O","51.84","1890","2182","0.1545","6278","7234","0.1523","27085","12","2647","없음","없음","97972","26705","14503","높음","0.875","0.125","0.725","11720","2753","1293","101","0.2593","0.4444","0.1852","0.1111","0","0","0"
"X","디올선글라스","패션잡화>선글라스/안경테","O","O","3.53","6180","5633","-0.0885","27473","16231","-0.4092","136647","5","21479","없음","없음","21832","16793","684082","높음","0.575","0.425","0.375","573095","1","1","0","0.9167","0","0.0833","0","0","0","0"
"X","까르띠에안경","패션잡화>선글라스/안경테","O","O","0.48","5580","5485","-0.017","15065","14223","-0.0559","37642","2","3880","없음","없음","2706","2466","1308193","높음","0.35","0.65","0.75","1031005","0","0","0","0.8571","0","0.1429","0","0","0","0"
"X","긱시크안경","패션잡화>선글라스/안경테","X","O","3.83","7330","6480","-0.116","23405","18057","-0.2285","186356","3","27288","없음","없음","28085","6866","149086","높음","1","0","0.05","16493","667","152","24","0.0741","0.6296","0.2963","0","0","0","0"
"X","샤넬안경","패션잡화>선글라스/안경테","O","O","0.81","4380","4756","0.0858","12891","13816","0.0718","92508","3","10836","없음","없음","3529","3108","594950","높음","0.6","0.4","0","278133","1037","412","38","0","0.2593","0.6296","0.1111","38","24","13"
"X","가메만넨","패션잡화>선글라스/안경테","O","O","1.31","5360","5108","-0.047","19005","18561","-0.0234","127635","2","14875","없음","없음","7009","384","621895","높음","1","0","0.35","326488","78","33","2","0.0741","0.0741","0.6667","0.1852","0","0","0"
"X","베디베로선글라스","패션잡화>선글라스/안경테","O","O","4.68","2740","2219","-0.1901","14890","5959","-0.5998","167554","5","28701","있음","3,4,5,6,7","12823","654","60791","높음","1","0","0.2","104884","16","4","0","0.1481","0","0.8519","0","0","0","0"
"X","카린안경테","패션잡화>선글라스/안경테","O","X","0.2","3560","3575","0.0042","11465","10000","-0.1278","53069","8","6364","없음","없음","712","119","211550","높음","1","0","0.15","72629","2788","2019","103","0.0741","0.3333","0.4444","0.1481","91","65","23"
"X","뿔테","패션잡화>선글라스/안경테","X","O","115.54","3590","3423","-0.0465","10340","10097","-0.0235","58268","3","5860","없음","없음","414788","60992","114022","높음","1","0","0.05","17524","9227","5717","341","0.2222","0.6296","0.1111","0.037","0","0","0"
"X","레이벤대디오","패션잡화>선글라스/안경테","O","O","0.04","7700","5654","-0.2657","38509","17394","-0.5483","62661","7","13347","있음","6,7,8","295","45","152537","높음","0.825","0.175","0.25","160088","59","30","2","0.037","0.2222","0.7037","0.037","0","0","0"
"X","포나인즈안경","패션잡화>선글라스/안경테","X","O","0.53","3980","3624","-0.0894","11260","12202","0.0837","23672","7","2347","없음","없음","2092","114","758687","높음","1","0","0.75","764892","135","90","5","0","0","0.9259","0.0741","45","23","23"
"X","젠틀몬스터안경테","패션잡화>선글라스/안경테","O","O","0.69","3000","2870","-0.0433","10258","8643","-0.1574","67237","5","6934","없음","없음","2082","264","282075","높음","1","0","0","57520","2464","521","91","0.1852","0.5926","0.1111","0.1111","2","2","1"
"X","남자안경테","패션잡화>선글라스/안경테","X","O","114.34","3050","1536","-0.4964","10457","4401","-0.5791","53192","1","6225","없음","없음","348741","152024","77622","높음","1","0","0","30687","9375","5670","347","0.1481","0.4074","0.2963","0.1481","61","35","15"
"X","안경태","패션잡화>선글라스/안경테","X","O","463.92","4570","4439","-0.0287","15213","14927","-0.0188","77981","1","7981","없음","없음","2120095","697099","91471","높음","0.95","0.05","0.05","20180","20775","8918","769","0.2222","0.5556","0.1852","0.037","36","36","36"
"X","반무테안경","패션잡화>선글라스/안경테","X","O","14.1","1640","1681","0.025","5508","5476","-0.0058","30196","3","3355","없음","없음","23132","4913","229645","높음","0.975","0.025","0.2","34510","1051","261","38","0.0741","0.2593","0.5556","0.1111","29","22","10"
"X","안경줄스트랩","패션잡화>선글라스/안경테","X","O","92.64","860","0","","2600","0","","0","","0","없음","없음","79673","9187","8363","높음","1","0","0.225","8314","5141","1802","190","0","0.6667","0.3333","0","0","0","0"
"X","카린선글라스","패션잡화>선글라스/안경테","X","O","0.23","4500","3611","-0.1976","22074","9515","-0.5689","151983","5","29997","있음","4,5,6,7,8","1042","417","204593","높음","1","0","0.125","78774","2373","863","87","0.1481","0.3333","0.5185","0","0","0","0"
"X","무테안경테","패션잡화>선글라스/안경테","X","O","42.43","1250","1298","0.0384","2685","2794","0.0406","8177","8","795","없음","없음","53037","17127","223806","높음","0.975","0.025","0.2","23432","430","77","15","0.037","0.4074","0.4444","0.1111","6","4","2"
"X","안경브랜드","패션잡화>선글라스/안경테","X","O","4.35","7740","7588","-0.0196","26029","25521","-0.0195","133211","3","13656","없음","없음","33697","17100","236737","높음","0.975","0.025","0.3","31902","11002","5670","407","0.1852","0.5556","0.2222","0.037","56","56","56"
"X","여자선글라스","패션잡화>선글라스/안경테","X","O","408.04","1710","1352","-0.2094","7301","4279","-0.4139","89316","5","14564","없음","없음","697743","416225","172689","높음","1","0","0.1","25388","9302","4757","344","0.2222","0.6667","0.1111","0","0","0","0"
"X","자크마리마지","패션잡화>선글라스/안경테","O","O","0.97","5710","5397","-0.0548","21179","20870","-0.0146","91756","1","9658","없음","없음","5519","2461","1497192","높음","0.925","0.075","0.425","1387433","8","7","0","0.0345","0","0.2759","0.6897","0","0","0"
"X","안경흘러내림방지","패션잡화>선글라스/안경테","X","O","15.86","3160","3017","-0.0453","10289","8467","-0.1771","31405","8","3061","없음","없음","50119","1711","3394","높음","1","0","0.25","6887","6630","1275","245","0.037","0.6296","0.3333","0","0","0","0"
"X","가벼운안경테","패션잡화>선글라스/안경테","X","O","64.86","2270","2178","-0.0405","7584","7406","-0.0235","29177","1","2890","없음","없음","147221","37172","81913","높음","1","0","0.05","33225","9105","5670","337","0.1481","0.5556","0.2963","0","0","0","0"
"X","티타늄안경","패션잡화>선글라스/안경테","X","O","77.47","1820","1821","0.0005","5627","5544","-0.0148","19443","3","1936","없음","없음","140987","52769","224806","높음","1","0","0","53501","3636","2023","134","0.037","0.5185","0.3333","0.1111","9","9","3"
"X","빅사이즈안경테","패션잡화>선글라스/안경테","X","O","47.98","1120","1119","-0.0009","3905","4153","0.0635","15450","1","1482","없음","없음","53732","16163","53385","높음","1","0","0","39000","3030","645","112","0.1481","0.4074","0.3333","0.1111","0","0","0"
"X","미우미우안경테","패션잡화>선글라스/안경테","O","O","2.32","3000","3276","0.092","8746","8979","0.0266","31981","2","5027","없음","없음","6947","5707","420530","높음","0.575","0.425","0.625","395658","94","40","3","0.7917","0","0.2083","0","0","0","0"
"X","썬글라스","패션잡화>선글라스/안경테","X","O","1059.42","4120","3937","-0.0444","18602","12309","-0.3383","120185","5","16973","없음","없음","4364824","2005099","142940","높음","0.925","0.075","0.15","17546","35982","8968","1332","0.2222","0.7037","0.0741","0","0","0","0"
"X","레이벤안경","패션잡화>선글라스/안경테","O","O","9.67","4060","3827","-0.0574","10859","10250","-0.0561","18426","2","1853","없음","없음","39250","23995","158292","높음","0.975","0.025","0.375","128007","42","7","1","0","0.037","0.8148","0.1481","0","0","0"
"X","하금테","패션잡화>선글라스/안경테","X","O","20.88","2530","2686","0.0617","8321","8028","-0.0352","40467","3","4586","없음","없음","52832","3952","158430","높음","0.975","0.025","0.3","22483","2688","962","99","0.2222","0.5556","0.1852","0.037","0","0","0"
"X","jins체인소맨","패션잡화>선글라스/안경테","","","0.01","2000","0","","2910","0","","0","","0","없음","없음","18","18","302188","낮음","0","1","0","23664","108","42","3","0","0.0278","0.4167","0.5556","10","3","1"
"X","오클리안경","패션잡화>선글라스/안경테","O","O","15.2","1910","1933","0.012","6342","5429","-0.144","25210","5","2407","없음","없음","29041","14638","179234","높음","0.925","0.075","0.425","152988","29","5","1","0","0.037","0.8148","0.1481","0","0","0"
"X","틴트선글라스","패션잡화>선글라스/안경테","X","O","22.9","2900","2369","-0.1831","14463","7563","-0.4771","112002","6","17059","없음","없음","66424","8577","99870","높음","1","0","0.175","21149","2585","807","95","0.2222","0.6296","0.1111","0.037","7","7","7"
"X","안경보관함","패션잡화>선글라스/안경테","X","O","148.05","2080","2098","0.0087","8235","8105","-0.0158","33687","3","3246","없음","없음","307934","63335","11671","높음","0.95","0.05","0.25","15667","3042","1293","112","0.2593","0.2593","0.4815","0","0","0","0"
"X","모스콧렘토쉬","패션잡화>선글라스/안경테","O","O","0.37","8040","7659","-0.0474","24572","22025","-0.1037","147637","1","14844","없음","없음","2951","2211","494356","높음","0.35","0.65","0.85","216302","295","173","10","0.037","0.0741","0.4074","0.4815","57","56","4"
"X","선글라스추천","패션잡화>선글라스/안경테","X","X","1160.76","3730","2983","-0.2003","19059","7386","-0.6125","115579","5","22377","있음","4,5,6,7","4329624","1991877","138514","높음","0.9","0.1","0.125","21865","41024","8965","1519","0.1852","0.6296","0.1852","0","0","0","0"
"X","몽벨트레킹선글라스","패션잡화>선글라스/안경테","O","O","0.35","2670","2396","-0.1026","16951","8912","-0.4742","15591","5","2944","있음","4,5,6,7,8,9","939","766","94018","중간","0.35","0.65","0.325","153061","5246","5206","194","0.0741","0","0.2963","0.6296","7","2","0"
"X","안나수이선글라스","패션잡화>선글라스/안경테","O","O","1.83","1360","1302","-0.0426","6194","2683","-0.5668","59796","5","10668","있음","3,4,5,6","2493","182","121351","높음","1","0","0.65","118688","603","594","22","0","0.037","0.963","0","0","0","0"
"X","까르띠에안경테","패션잡화>선글라스/안경테","O","O","2.09","1820","1644","-0.0967","4836","4536","-0.062","12822","2","1402","없음","없음","3795","3022","1718171","높음","0.725","0.275","0.7","1038166","54","54","9","0.8333","0","0.1667","0","0","0","0"
"X","다이소선글라스","패션잡화>선글라스/안경테","O","O","0.01","5330","5513","0.0343","36481","29989","-0.178","44311","5","6443","없음","없음","48","3","9500","낮음","0.925","0.075","0.05","9189","6816","1309","189","0.25","0.5","0.25","0","0","0","0"
"X","여자안경테","패션잡화>선글라스/안경테","X","O","199.7","1890","2020","0.0688","6908","6958","0.0072","43944","1","4724","없음","없음","377424","164099","86045","높음","1","0","0","31202","19573","8918","724","0.2222","0.4444","0.1481","0.1852","149","56","30"
"X","폴리스선글라스","패션잡화>선글라스/안경테","O","O","3.17","2150","1678","-0.2195","10953","4333","-0.6044","57528","5","9514","없음","없음","6816","3246","159068","높음","0.925","0.075","0.625","92941","9440","8968","349","0.1481","0.0741","0.7037","0.0741","0","0","0"
"X","린드버그모르텐","패션잡화>선글라스/안경테","X","O","0.03","3780","4007","0.0601","14391","15737","0.0935","51418","1","5811","없음","없음","114","20","665198","높음","0.65","0.35","0.425","52499","621","262","23","0","0.1852","0.7407","0.0741","9","8","5"
"X","크롬하츠","패션잡화>선글라스/안경테","O","O","0.26","95470","78818","-0.1744","302088","259705","-0.1403","1189763","2","127136","없음","없음","24871","16674","8732389","높음","0.75","0.25","0.1","1766146","310","145","11","0.5926","0.1481","0.1481","0.1111","0","0","0"
"X","레이벤","패션잡화>선글라스/안경테","O","O","11.01","17510","15234","-0.13","75053","51820","-0.3096","182722","5","23199","없음","없음","192764","122338","163924","높음","0.95","0.05","0.65","170193","240","38","8","0.1852","0.4074","0.4074","0","0","0","0"
"X","프라다안경","패션잡화>선글라스/안경테","O","O","4.84","2180","2641","0.2115","8120","8859","0.091","28109","3","3567","없음","없음","10546","7423","368337","높음","1","0","0","313788","9","5","0","0","0","1","0","0","0","0"
"X","다초점렌즈가격","패션잡화>선글라스/안경테","X","O","0.34","8390","6822","-0.1869","29324","23143","-0.2108","26329","3","8837","있음","1,2,3","2817","1960","66965","높음","0.675","0.325","0.1","31561","10492","9091","317","0.0909","0.303","0.3636","0.2424","27","22","3"
"X","메타안경","패션잡화>선글라스/안경테","X","O","2.17","4870","1570","-0.6776","11953","10066","-0.1579","8917","10","3534","있음","9,10","10551","6110","568431","중간","0.4","0.6","0.475","332240","59","23","2","0","0","0.0741","0.9259","43","23","2"
"X","안네발렌틴","패션잡화>선글라스/안경테","O","O","2.09","2440","2954","0.2107","8496","8035","-0.0543","51476","1","6076","없음","없음","5090","552","585427","높음","1","0","0.275","458497","23","13","0","0","0.0303","0.9394","0.0303","0","0","0"
"X","투브릿지안경","패션잡화>선글라스/안경테","X","O","4.23","1770","1893","0.0695","6386","5814","-0.0896","39891","5","4506","없음","없음","7480","1484","67697","높음","0.975","0.025","0.075","24193","1723","762","63","0.2963","0.2593","0.3333","0.1111","0","0","0"
"X","가메만넨안경","패션잡화>선글라스/안경테","O","O","1.78","2760","2858","0.0355","8749","9083","0.0382","23837","6","2619","없음","없음","4908","145","627352","높음","1","0","0.325","258839","578","155","21","0","0.2222","0.5556","0.2222","111","56","19"
"X","안경닦이클리너","패션잡화>선글라스/안경테","X","O","29.97","1170","0","","4556","24602","4.3999","143","1","70","있음","1,12","35060","1233","8455","높음","1","0","0.225","9826","141240","23370","5231","0.4444","0.1481","0.2222","0.1852","0","0","0"
"X","일본안경테","패션잡화>선글라스/안경테","X","O","25.01","1810","1718","-0.0508","5918","6335","0.0705","35798","2","3798","없음","없음","45261","32439","338419","높음","0.875","0.125","0.2","67119","1200","382","44","0","0.2222","0.1852","0.5926","80","36","5"
"X","미우미우리가드","패션잡화>선글라스/안경테","O","X","0.61","2990","3963","0.3254","10120","10410","0.0287","55874","3","7008","없음","없음","1828","732","496827","높음","0.45","0.55","0.9","1028802","0","0","0","1","0","0","0","0","0","0"
"X","버버리안경테","패션잡화>선글라스/안경테","O","O","12.63","910","809","-0.111","3115","2987","-0.0411","13346","1","1444","없음","없음","11496","5127","179386","높음","1","0","0","306992","2","1","0","0.4167","0","0.5278","0.0556","0","0","0"
"X","구찌선글라스여성","패션잡화>선글라스/안경테","O","O","24.65","1350","0","","4512","0","","207","5","207","있음","5","33271","22141","362495","높음","0.875","0.125","0","327924","13","5","0","0.8889","0","0.1111","0","0","0","0"
"X","호피안경테","패션잡화>선글라스/안경테","X","O","16.66","1000","1038","0.038","2537","3168","0.2487","10815","12","1122","없음","없음","16664","3012","146471","높음","1","0","0.2","18680","1959","972","54","0.3056","0.3056","0.3056","0.0833","43","43","14"
"X","국산티타늄안경테","패션잡화>선글라스/안경테","X","O","2.18","1570","4741","2.0197","5453","44366","7.1361","2541","12","952","있음","11,12","3430","36","49644","높음","1","0","0.175","55038","1831","382","67","0.037","0.4444","0.4815","0.037","56","56","56"
"X","바이코즈안경","패션잡화>선글라스/안경테","X","O","0.58","2190","2170","-0.0091","5181","4619","-0.1085","6743","7","850","없음","없음","1273","0","214540","높음","1","0","0","182473","801","341","29","0.037","0.1111","0.8519","0","0","0","0"
"X","투명안경테","패션잡화>선글라스/안경테","X","O","88.92","1440","1349","-0.0632","4664","3674","-0.2123","38204","3","4031","없음","없음","128049","35200","40329","높음","1","0","0","17419","10646","5742","394","0.2222","0.4444","0.2222","0.1111","408","349","136"
"O","바이코즈안경테","패션잡화>선글라스/안경테","X","X","2.63","680","310","-0.5441","1102","869","-0.2114","1056","6","167","없음","없음","1785","0","205198","높음","1","0","0.1","163392","2817","2201","104","0","0.1481","0.7037","0.1481","45","16","11"
"X","알작은안경테","패션잡화>선글라스/안경테","O","O","9.83","440","1067","1.425","1553","3016","0.942","2683","1","406","없음","없음","4323","2275","65218","높음","1","0","0.025","29964","301","76","11","0.037","0.2593","0.3333","0.3704","105","35","11"
"X","에스까다선글라스","패션잡화>선글라스/안경테","O","O","4.28","1080","945","-0.125","5073","2364","-0.534","32874","5","5769","있음","3,4,5,6,7","4621","606","144086","높음","1","0","0.8","101981","624","594","23","0.037","0","0.963","0","0","0","0"
"X","여성선글라스","패션잡화>선글라스/안경테","X","O","889.51","800","732","-0.085","3820","2099","-0.4505","44179","4","7642","있음","3,4,5,6,7","711611","425204","181821","높음","1","0","0.1","17695","4961","857","183","0.0741","0.8519","0.0741","0","0","0","0"
"X","안경집케이스","패션잡화>선글라스/안경테","X","O","101.43","1010","0","","2241","0","","0","","0","없음","없음","102445","12580","6142","높음","0.975","0.025","0.425","7522","3053","573","113","0.1481","0.6296","0.2222","0","0","0","0"
"X","금테안경","패션잡화>선글라스/안경테","X","O","8.01","1520","1582","0.0408","4962","4820","-0.0286","29229","3","2894","없음","없음","12177","4017","75175","높음","1","0","0.125","33997","8572","5671","317","0.0741","0.5185","0.2222","0.1852","76","56","15"
"X","블루라이트안경","패션잡화>선글라스/안경테","X","O","39.06","4490","7366","0.6405","13896","24235","0.744","102194","4","25770","있음","3,4,5","175385","39523","64533","높음","1","0","0.025","21929","9484","5670","364","0.0385","0.5769","0.1538","0.2308","35","30","6"
"X","ai안경","패션잡화>선글라스/안경테","X","X","7.97","1750","1973","0.1274","5176","7242","0.3991","3717","10","620","있음","2,8,9,10,11","13956","9065","441396","높음","0.375","0.625","0.55","216874","121","31","3","0","0.0303","0.0909","0.8788","72","23","2"
"X","블랙몬스터안경","패션잡화>선글라스/안경테","O","O","1.28","2210","2192","-0.0081","7065","6814","-0.0355","27309","5","2481","없음","없음","2819","0","97606","높음","1","0","0.225","65602","8008","5716","296","0.037","0.1852","0.7037","0.0741","56","56","28"
"X","클립선글라스","패션잡화>선글라스/안경테","X","O","218.66","970","717","-0.2608","5125","2650","-0.4829","38757","5","6117","없음","없음","212101","47548","33230","높음","1","0","0.175","13170","9343","2534","346","0.2222","0.5926","0.1852","0","0","0","0"
"X","리끌로우선글라스","패션잡화>선글라스/안경테","O","O","8.25","1790","1821","0.0173","12478","5023","-0.5975","52368","6","9256","있음","5,6,7,8","14771","8","21349","높음","1","0","0.8","26290","1085","802","40","0.8519","0","0.1481","0","0","0","0"
"X","리에티선글라스","패션잡화>선글라스/안경테","O","O","0.33","5470","4962","-0.0929","26121","14555","-0.4428","179928","6","26351","없음","없음","1784","26","32516","높음","1","0","0.45","29085","2047","857","75","0.8889","0.1111","0","0","0","0","0"
"X","구찌선그라스","패션잡화>선글라스/안경테","O","O","91.85","1270","1293","0.0181","4071","2828","-0.3053","52891","5","7897","없음","없음","116652","80806","331499","높음","1","0","0","374083","2","1","0","1","0","0","0","0","0","0"
"X","안경코받침교체","패션잡화>선글라스/안경테","X","O","5.25","3940","4774","0.2117","12512","11474","-0.083","53394","11","5216","없음","없음","20704","2972","4299","높음","1","0","0.275","10567","10213","2042","378","0.1852","0.5185","0.2222","0.0741","0","0","0"
"X","썬그라스추천","패션잡화>선글라스/안경테","X","X","1931.55","2260","1822","-0.1938","8783","5514","-0.3722","72091","5","13130","있음","3,4,5,6,7","4365309","2015299","187597","높음","0.975","0.025","0","28407","51573","8972","1910","0.1852","0.6667","0.1481","0","0","0","0"
"X","안경스트랩","패션잡화>선글라스/안경테","X","O","97.04","1200","921","-0.2325","4960","3858","-0.2222","18099","6","1985","없음","없음","116452","21514","7521","높음","1","0","0.2","8082","4780","1801","177","0","0.7407","0.2593","0","0","0","0"
"X","반무테안경테","패션잡화>선글라스/안경테","X","O","79.37","330","662","1.0061","1000","2387","1.387","1412","2","204","없음","없음","26192","5681","159905","높음","0.925","0.075","0.25","49347","329","158","12","0.037","0.0741","0.5556","0.3333","24","22","3"
"X","남자뿔테안경","패션잡화>선글라스/안경테","X","O","44.97","1350","794","-0.4119","4122","2444","-0.4071","41027","1","4655","없음","없음","60705","13179","83647","높음","1","0","0","17865","9584","5717","368","0.2308","0.5385","0.2308","0","0","0","0"
"X","야간운전안경","패션잡화>선글라스/안경테","X","O","6.15","2290","2653","0.1585","5745","7265","0.2646","25149","11","2737","없음","없음","14088","4391","26606","높음","0.975","0.025","0.525","30405","15719","8972","582","0","0.5185","0.3704","0.1111","0","0","0"
"O","접이식안경","패션잡화>선글라스/안경테","X","O","50.31","940","826","-0.1213","1755","1448","-0.1749","3298","3","335","없음","없음","47295","13232","115484","중간","0.625","0.375","0.5","17260","1037","242","28","0.0278","0.2778","0.5","0.1944","53","53","8"
"X","안경다리교체","패션잡화>선글라스/안경테","X","O","10.31","870","890","0.023","3139","2933","-0.0656","12550","7","1268","없음","없음","8970","3435","18154","높음","0.45","0.55","0.775","12957","276","71","10","0","0.1852","0.2593","0.5556","17","7","1"
"X","안경목걸이","패션잡화>선글라스/안경테","X","O","61.57","1330","1032","-0.2241","3868","2948","-0.2378","17462","6","1879","없음","없음","81888","13425","6762","높음","0.975","0.025","0.4","9350","5905","1804","218","0","0.7778","0.2222","0","0","0","0"
"X","고도근시안경테","패션잡화>선글라스/안경테","X","O","2.06","1290","1347","0.0442","3927","3726","-0.0512","11733","3","1369","없음","없음","2654","145","122762","높음","1","0","0.025","44394","1152","382","42","0.037","0.2963","0.6296","0.037","56","56","56"
"X","발렌시아가선글라스","패션잡화>선글라스/안경테","O","O","21.47","3030","2403","-0.2069","13532","7465","-0.4483","57445","5","8018","없음","없음","65057","42461","602856","높음","0.925","0.075","0","452481","0","0","0","1","0","-0.1111","0.1111","0","0","0"
"X","문글라스","패션잡화>선글라스/안경테","X","O","0.16","1110","993","-0.1054","7052","3549","-0.4967","24453","6","4269","있음","3,4,5,6,7,8","181","15","106018","중간","0.975","0.025","0","28017","5516","2036","204","0.1111","0.2222","0.3333","0.3333","7","5","1"
"X","베라왕선글라스","패션잡화>선글라스/안경테","O","O","0.69","2060","1350","-0.3447","18257","14497","-0.2059","202188","5","63765","있음","5,6","1421","855","219476","중간","0.5","0.5","0.9","78125","4625","1622","171","0.1111","0.2222","0.6667","0","0","0","0"
"X","카린안경","패션잡화>선글라스/안경테","O","O","0.06","3710","4234","0.1412","11598","10873","-0.0625","42224","8","4288","없음","없음","206","118","247475","높음","0.575","0.425","0.25","99499","1005","246","37","0.037","0.4074","0.4444","0.1111","36","36","12"
"X","몽벨접이식선글라스","패션잡화>선글라스/안경테","O","O","0.24","1700","1162","-0.3165","8639","4031","-0.5334","16711","9","3929","있음","5,9","400","336","97277","중간","0.275","0.725","0.175","127084","9084","8977","336","0.037","0.1481","0.4074","0.4074","4","2","0"
"X","뿔테안경테","패션잡화>선글라스/안경테","X","O","310.99","940","1035","0.1011","2668","3308","0.2399","15368","3","1520","없음","없음","292328","47434","105776","높음","1","0","0.025","15693","3985","946","147","0.1481","0.5185","0.2222","0.1111","48","43","16"
"X","실루엣안경","패션잡화>선글라스/안경테","O","O","0.72","3530","3148","-0.1082","8947","7466","-0.1655","29630","6","3696","없음","없음","2547","1409","791897","높음","0.45","0.55","0.7","254721","200","151","7","0","0.0741","0.8148","0.1111","0","0","0"
"X","아넬형안경","패션잡화>선글라스/안경테","O","X","1.17","2370","2368","-0.0008","7043","6868","-0.0248","42922","3","5134","없음","없음","2768","443","203985","높음","1","0","0.075","32174","7875","5718","291","0.1852","0.4074","0.3333","0.0741","58","56","29"
"X","투브릿지안경테","패션잡화>선글라스/안경테","X","O","12.23","860","376","-0.5628","2716","2358","-0.1318","2537","1","494","있음","1,5","10517","1718","44668","높음","1","0","0.075","42400","1871","762","69","0.3704","0.2963","0.2593","0.0741","0","0","0"
"X","돋보기안경테","패션잡화>선글라스/안경테","X","O","27.88","720","561","-0.2208","2773","1882","-0.3213","9404","8","1042","없음","없음","20075","4349","26683","높음","0.975","0.025","0.125","21827","1483","437","54","0.0741","0.1852","0.5185","0.2222","71","31","12"
"X","안경귀고무","패션잡화>선글라스/안경테","X","O","18.46","1750","1509","-0.1377","5916","4451","-0.2476","23443","4","2265","없음","없음","32313","1188","2128","높음","1","0","0.475","6618","3863","1275","143","0.037","0.5556","0.4074","0","0","0","0"
"X","톰브라운안경테","패션잡화>선글라스/안경테","O","O","2.41","1120","1192","0.0643","4050","4061","0.0027","15755","1","1610","없음","없음","2697","1523","796804","높음","0.9","0.1","0.35","500940","3","1","0","0.5882","0","0.3529","0.0588","0","0","0"
"X","디올안경테","패션잡화>선글라스/안경테","O","O","4.02","1380","1591","0.1529","4116","3933","-0.0445","15051","5","1504","없음","없음","5545","3194","273979","높음","1","0","0.025","345994","1","1","0","0.2059","0","0.6176","0.1765","0","0","0"
"X","울템안경테","패션잡화>선글라스/안경테","X","O","14.69","940","893","-0.05","3372","3411","0.0116","14327","3","1381","없음","없음","13809","352","54145","높음","1","0","0.075","32308","2878","980","106","0.2222","0.1111","0.6296","0.037","56","56","56"
"X","림락안경테","패션잡화>선글라스/안경테","O","O","0.98","2100","2336","0.1124","7193","7905","0.099","27392","2","2769","없음","없음","2049","223","264167","높음","0.95","0.05","0.225","150274","431","155","15","0","0.1481","0.7407","0.1111","60","36","20"
"X","동그란안경테","패션잡화>선글라스/안경테","X","X","82.99","710","1613","1.2718","2070","1974","-0.0464","11801","3","1532","없음","없음","58926","8162","80416","높음","0.975","0.025","0.175","18319","16535","8913","459","0.2778","0.3056","0.2222","0.1944","136","56","19"
"X","대두안경","패션잡화>선글라스/안경테","X","O","8.86","1420","1369","-0.0359","4478","9463","1.1132","17780","12","2438","없음","없음","12587","7963","48260","높음","1","0","0.05","29625","22667","8918","839","0.2593","0.3333","0.2963","0.1111","0","0","0"
"X","코받침없는안경","패션잡화>선글라스/안경테","X","O","1.98","1260","1125","-0.1071","4301","3958","-0.0797","23475","1","2384","없음","없음","2499","640","110608","높음","0.975","0.025","0.125","36218","6589","5669","244","0.2222","0.2963","0.4074","0.0741","56","56","28"
"X","애쉬크로프트","패션잡화>선글라스/안경테","O","O","0.63","4000","3807","-0.0483","13343","12006","-0.1002","134327","1","15096","없음","없음","2523","726","122746","높음","1","0","0.175","148318","16","8","0","0","0.1111","0.8148","0.0741","0","0","0"
"X","오클리가스캔","패션잡화>선글라스/안경테","O","O","0.32","3570","3207","-0.1017","15296","8545","-0.4414","82033","6","10446","없음","없음","1160","399","168078","높음","0.8","0.2","0.5","166351","87","18","3","0","0.1111","0.8889","0","0","0","0"
"X","클립온선글라스","패션잡화>선글라스/안경테","X","O","26.58","1130","951","-0.1584","6041","2474","-0.5905","35484","9","5337","없음","없음","30038","8353","39593","높음","1","0","0.125","20495","4324","1143","160","0.1111","0.5185","0.3333","0.037","0","0","0"
"X","실리콘안경코받침","패션잡화>선글라스/안경테","X","O","47.45","910","709","-0.2209","1617","1063","-0.3426","5420","5","800","없음","없음","43182","2974","2889","중간","1","0","0.325","6959","15765","2042","437","0.0833","0.6111","0.3056","0","0","0","0"
"X","구찌안경","패션잡화>선글라스/안경테","O","O","14.73","1860","2017","0.0844","5405","5011","-0.0729","34011","3","3775","없음","없음","27404","16026","426720","높음","0.575","0.425","0","442182","2","1","0","0.8788","0","-0.0303","0.1515","0","0","0"
"X","안경파우치","패션잡화>선글라스/안경테","X","O","99.5","1240","1489","0.2008","4921","4799","-0.0248","12525","8","1379","없음","없음","123384","16265","9215","높음","0.95","0.05","0.375","7616","2199","571","81","0.1481","0.3333","0.5185","0","0","0","0"
"X","형상기억안경닦이","패션잡화>선글라스/안경테","X","O","0.21","1460","208","-0.8575","2460","88","-0.9642","748","8","376","있음","8,9","313","278","31045","높음","0.075","0.925","0.3","29587","31730","23348","1175","0.1481","0.0741","0.1111","0.6667","1","1","0"
"X","핀홀안경","패션잡화>선글라스/안경테","X","O","4.29","1290","1500","0.1628","4188","3669","-0.1239","23374","1","2922","없음","없음","5536","140","12184","높음","1","0","0.7","15266","3552","753","131","0","0.1852","0.8148","0","0","0","0"
"X","블루엘리펀트안경","패션잡화>선글라스/안경테","O","O","0.01","6870","13199","0.9213","19367","52381","1.7047","125207","3","18970","없음","없음","41","1","70892","중간","0.975","0.025","0.325","21627","24458","8917","905","0.3333","0.5185","0.1481","0","0","0","0"
"O","바이코즈","패션잡화>선글라스/안경테","X","O","0.99","2450","2562","0.0457","6721","6603","-0.0176","29926","3","4994","있음","3,4,5,6","2435","18","202287","중간","1","0","0.425","173627","52083","10186","1627","0.1875","0","0.8125","0","0","0","0"
"O","쓰리치얼스","패션잡화>선글라스/안경테","O","X","0.15","2200","0","","7618","0","","0","","0","없음","없음","326","74","64944","중간","0.975","0.025","0.775","11590","24227","8149","1009","0.375","0.2083","0.125","0.2917","6239","2441","891"
"X","구찌선그라스여성","패션잡화>선글라스/안경테","O","X","48.53","690","0","","2260","0","","21","4","11","있음","4","33486","22303","361860","높음","0.85","0.15","0","444727","23","8","0","0","0","0.9167","0.0833","0","0","0"
"X","로렌스폴안경","패션잡화>선글라스/안경테","O","O","0.38","2510","3484","0.388","6793","9396","0.3832","31593","11","4947","없음","없음","947","0","239817","높음","1","0","0.35","49705","10130","5718","375","0.1111","0.4074","0.3704","0.1111","81","56","27"
"X","낚시선글라스","패션잡화>선글라스/안경테","X","O","118.43","1520","935","-0.3849","7219","2952","-0.5911","21101","5","2553","없음","없음","180015","52379","102646","높음","0.95","0.05","0.225","27534","44756","8967","1657","0.1111","0.5556","0.2963","0.037","0","0","0"
"X","레이벤5429","패션잡화>선글라스/안경테","O","O","0.31","1950","1265","-0.3513","4806","5615","0.1683","6493","10","1281","있음","5,7,8,10,11","595","97","168315","높음","0.975","0.025","0.25","183856","9","7","0","0","0.0741","0.8148","0.1111","0","0","0"
"X","백산안경","패션잡화>선글라스/안경테","X","O","0.05","3820","3546","-0.0717","12055","13362","0.1084","66509","3","6590","없음","없음","180","3","355300","중간","0.775","0.225","0.075","55547","748","227","27","0.1111","0.1852","0.1852","0.5185","36","36","3"
"X","헌터선글라스","패션잡화>선글라스/안경테","O","O","2.67","950","969","0.02","8753","957","-0.8907","2385","8","632","있음","5,6,7,8","2532","321","99850","높음","1","0","0.675","92846","2482","1399","91","0","0.2222","0.7778","0","0","0","0"
"X","키티안경케이스","패션잡화>선글라스/안경테","O","O","3.33","750","757","0.0093","2630","2466","-0.0624","3830","8","663","있음","5,6,7,8,9,10,11,12","2499","1087","12809","중간","0.775","0.225","0.4","12791","160","62","5","0.037","0.1852","0.3704","0.4074","32","11","3"
"X","린드버그","패션잡화>선글라스/안경테","X","X","39.11","11270","11134","-0.0121","33754","29977","-0.1119","177722","3","16981","없음","없음","440789","35885","492968","높음","0.5","0.5","0.625","99725","424","57","15","0","0.5926","0.4074","0","0","0","0"
"X","디스트릭트비전타케요시","패션잡화>선글라스/안경테","O","O","0.06","1920","1996","0.0396","6733","3994","-0.4068","5821","8","1200","있음","7,8,9,10,11","123","40","525262","중간","0.625","0.375","0.125","50255","3011","1829","91","0.5152","0","0.3333","0.1515","2","1","0"
"X","샤넬선그라스","패션잡화>선글라스/안경테","O","O","8.51","1050","1061","0.0105","4258","2645","-0.3788","27740","5","4426","없음","없음","8940","6469","711679","높음","0.625","0.375","0","308184","2195","655","81","0.037","0.3704","0.5926","0","0","0","0"
"X","아이자켓","패션잡화>선글라스/안경테","O","O","0.83","2150","1481","-0.3112","8611","5334","-0.3806","13984","5","1751","없음","없음","1774","471","178030","높음","0.95","0.05","0.325","146208","253","81","9","0.1111","0.3333","0.5185","0.037","0","0","0"
"X","모스콧","패션잡화>선글라스/안경테","O","O","1.3","5000","4868","-0.0264","16109","14809","-0.0807","101692","1","9791","없음","없음","6476","5064","429067","높음","0.825","0.175","0.7","111873","529","173","19","0.1111","0.1111","0.2963","0.4815","62","56","5"
"X","생로랑선글라스","패션잡화>선글라스/안경테","O","O","42.97","1880","1627","-0.1346","8950","4397","-0.5087","61018","5","9638","없음","없음","80780","63736","490698","높음","0.7","0.3","0","412333","0","0","0","1","0","-0.0278","0.0278","0","0","0"
"X","오버사이즈안경테","패션잡화>선글라스/안경테","X","O","41.33","770","721","-0.0636","2574","4696","0.8244","6691","1","680","없음","없음","31825","11033","83681","높음","1","0","0.05","25477","4068","2019","150","0.1111","0.5556","0.2593","0.0741","0","0","0"
"X","디스트릭트비전","패션잡화>선글라스/안경테","O","O","0.58","8660","8412","-0.0286","34171","15391","-0.5496","84653","8","14512","있음","6,7,8,9,10,11","5050","3081","514550","높음","0.475","0.525","0.475","338614","2","2","0","0.2222","0","0.25","0.5278","0","0","0"
"X","구찌안경태","패션잡화>선글라스/안경테","O","O","44.44","910","1128","0.2396","2983","2477","-0.1696","16428","3","2574","없음","없음","40441","20265","301275","높음","1","0","0","381942","6","5","0","0.7222","0","0.2778","0","0","0","0"
"X","마이키타안경","패션잡화>선글라스/안경테","O","O","2.88","1830","1885","0.0301","6127","7382","0.2048","25611","2","2807","없음","없음","5264","3666","695560","높음","0.325","0.675","0.8","628281","6123","5670","226","0.037","0.0741","0.8519","0.037","0","0","0"
"X","슈슈통안경","패션잡화>선글라스/안경테","O","O","0.16","910","769","-0.1549","2344","3524","0.5034","6012","2","722","없음","없음","150","125","388343","중간","0.125","0.875","0.25","114525","809","443","29","0","0.3333","0.2222","0.4444","38","31","3"
"O","안경김서림방지","패션잡화>선글라스/안경테","X","O","93.94","1220","2416","0.9803","2924","12569","3.2986","33061","12","7444","있음","1,11,12","114607","18251","9152","높음","1","0","0.25","11606","74746","23338","2076","0.1667","0.1389","0.6667","0.0278","57","57","57"
"X","피오비노안경테","패션잡화>선글라스/안경테","O","O","2.23","1500","1503","0.002","5302","5508","0.0389","21444","5","2067","없음","없음","3342","3","105462","높음","1","0","0.075","119190","29","9","0","0","0","1","0","0","0","0"
"X","안경다리실리콘","패션잡화>선글라스/안경테","X","O","25.84","1230","1206","-0.0195","4125","3498","-0.152","15609","8","1514","없음","없음","31784","1587","1455","중간","1","0","0.625","7462","2981","1275","110","0.037","0.7037","0.2593","0","0","0","0"
"X","마수나가안경","패션잡화>선글라스/안경테","O","O","1.46","1720","1553","-0.0971","5997","5967","-0.005","22670","2","2619","없음","없음","2504","445","594917","높음","0.825","0.175","0.575","498903","7","3","0","0","0","0.9259","0.0741","3","3","2"
"X","명품안경","패션잡화>선글라스/안경테","X","O","55.18","1360","1304","-0.0412","3901","3867","-0.0087","19248","3","1959","없음","없음","75039","27748","376384","높음","1","0","0.05","87444","317","155","11","0","0.1111","0.8519","0.037","21","21","21"
"X","진스체인소맨","패션잡화>선글라스/안경테","X","O","0.02","710","0","","1406","0","","0","","0","없음","없음","12","12","325755","중간","0","1","0","18339","187","99","5","0","0.0278","0.4444","0.5278","6","3","0"
"X","몽벨제니선글라스","패션잡화>선글라스/안경테","O","X","1.11","3820","0","","17187","0","","0","","0","없음","없음","4256","3228","252889","높음","0.15","0.85","0.725","66562","26451","8972","979","0.1481","0.4074","0.2222","0.2222","2","1","0"
"X","변색안경","패션잡화>선글라스/안경테","X","O","21.79","2170","1881","-0.1332","9114","7392","-0.1889","45155","5","6958","없음","없음","47290","17981","36685","높음","1","0","0","22972","2841","963","105","0","0.7407","0.1111","0.1481","52","26","13"
"X","반뿔테안경","패션잡화>선글라스/안경테","X","O","5.32","2230","2201","-0.013","7214","8934","0.2384","30371","3","3645","없음","없음","11871","2928","168379","높음","0.925","0.075","0.2","34815","2663","962","98","0.1852","0.4815","0.2963","0.037","0","0","0"
"X","유니클로선글라스","패션잡화>선글라스/안경테","O","O","0.43","2720","1789","-0.3423","17156","5892","-0.6566","16381","6","2984","있음","4,5,6,7,8","1181","1104","24848","중간","0.15","0.85","0.35","23221","5768","5366","213","0.1111","0.2222","0.037","0.6296","6","2","0"
"X","긱시크뿔테안경","패션잡화>선글라스/안경테","X","O","9.36","1560","0","","3290","0","","1254","11","1144","있음","11","14602","2735","57664","높음","1","0","0","18822","489","153","18","0.2222","0.4444","0.3333","0","0","0","0"
"X","남성선글라스","패션잡화>선글라스/안경테","X","O","1400.11","530","486","-0.083","2757","1597","-0.4207","28785","5","4691","없음","없음","742057","372644","160693","높음","1","0","0.075","22056","62477","8967","2313","0.1481","0.7407","0.1111","0","0","0","0"
"X","안경클리너","패션잡화>선글라스/안경테","X","O","43.79","1550","1797","0.1594","5267","9682","0.8382","18899","12","2329","없음","없음","67869","12706","8278","높음","1","0","0.175","11246","160211","23348","5933","0.5185","0.1111","0.3704","0","0","0","0"
"X","금자안경ka52","패션잡화>선글라스/안경테","X","O","0.01","2020","1930","-0.0446","6878","12243","0.78","6182","12","1349","있음","9,10,11,12","30","0","605170","높음","1","0","0.0667","101537","2646","2020","98","0.0741","0.3333","0.4074","0.1852","37","36","7"
"X","안경태브랜드순위","패션잡화>선글라스/안경테","X","X","29.43","920","0","","2040","0","","0","","0","없음","없음","27076","13160","216373","중간","1","0","0","19185","13410","5785","496","0.2593","0.5926","0.1481","0","0","0","0"
"X","셀린느안경테","패션잡화>선글라스/안경테","O","O","6.3","950","951","0.0011","3242","3650","0.1258","21607","3","2790","없음","없음","5982","2519","204112","높음","1","0","0","280194","3","1","0","0.6111","0","0.3889","0","0","0","0"
"X","안경닦이제작","패션잡화>선글라스/안경테","X","O","4.99","550","549","-0.0018","2481","2241","-0.0967","11108","9","1170","없음","없음","2743","15","2678","높음","1","0","0.025","18123","3995","1916","110","0.0833","0.0556","0.6667","0.1944","0","0","0"
"X","호피안경","패션잡화>선글라스/안경테","X","O","13.1","980","1062","0.0837","2496","3123","0.2512","9750","11","1025","없음","없음","12834","2590","175798","높음","1","0","0.225","23834","1082","248","30","0.3333","0.3333","0.1944","0.1389","59","43","12"
"X","레이밴안경테","패션잡화>선글라스/안경테","O","O","29.62","1180","941","-0.2025","3687","3465","-0.0602","11677","1","1366","없음","없음","34949","20601","161292","높음","0.975","0.025","0.3","138055","63","23","2","0","0.037","0.8148","0.1481","0","0","0"
"X","색약안경","패션잡화>선글라스/안경테","X","O","0.85","1340","2062","0.5388","4366","6415","0.4693","15900","11","1787","없음","없음","1143","551","44072","높음","0.675","0.325","0.8","77040","1630","670","60","0.1111","0.3333","0.1481","0.4074","9","2","1"
"X","오클리코받침","패션잡화>선글라스/안경테","O","O","1.51","1180","840","-0.2881","4711","2197","-0.5336","13576","5","1702","없음","없음","1782","542","12972","높음","0.975","0.025","0.375","15525","614","152","22","0.037","0.2593","0.6667","0.037","0","0","0"
"X","페라가모안경테","패션잡화>선글라스/안경테","O","O","12.63","550","488","-0.1127","1653","1850","0.1192","10305","3","1072","없음","없음","6947","2212","227680","높음","0.95","0.05","0","300664","27","7","0","0.2941","0.0588","0.6471","0","0","0","0"
"X","반무테","패션잡화>선글라스/안경테","X","O","30.81","980","1045","0.0663","3182","2920","-0.0823","17261","2","1759","없음","없음","30192","6736","111832","높음","0.95","0.05","0.65","31202","1007","261","37","0.1111","0.2963","0.4074","0.1852","22","22","4"
"X","남자안경","패션잡화>선글라스/안경테","X","O","185.13","2410","2348","-0.0257","7809","7387","-0.054","53362","1","5514","없음","없음","446163","211257","83427","높음","1","0","0","21128","15528","5719","575","0.2593","0.5926","0.1481","0","0","0","0"
"X","보잉안경테","패션잡화>선글라스/안경테","X","O","18.18","550","514","-0.0655","1966","1594","-0.1892","10456","3","1204","없음","없음","9997","2653","60028","높음","0.975","0.025","0.125","24640","1473","762","54","0.1111","0.2963","0.4444","0.1481","5","5","1"
"X","빛번짐안경","패션잡화>선글라스/안경테","X","O","1.55","2450","2661","0.0861","6809","8349","0.2262","41642","10","4306","없음","없음","3787","1061","35183","높음","1","0","0.075","29223","20383","8977","754","0.0741","0.5926","0.2593","0.0741","81","56","41"
"X","썬글라스케이스","패션잡화>선글라스/안경테","X","O","406.86","860","591","-0.3128","3925","1795","-0.5427","15473","6","2527","없음","없음","349898","78277","16349","높음","0.975","0.025","0.3","8252","3269","576","121","0.2222","0.5926","0.1852","0","0","0","0"
"X","유즈풀아뜰리에","패션잡화>선글라스/안경테","O","O","0.02","2380","2200","-0.0756","6186","5376","-0.1309","15373","5","2738","있음","3,4,5,6,7,8","51","0","212642","높음","0.975","0.025","0","13818","7253","1315","345","0.2857","0.1905","0.5238","0","0","0","0"
"X","몽클레어선글라스","패션잡화>선글라스/안경테","O","O","10.9","810","528","-0.3481","3217","1683","-0.4768","34977","5","5237","없음","없음","8827","6667","206099","높음","0.9","0.1","0","384611","0","0","0","1","0","0","0","0","0","0"
"X","메타스마트글라스","패션잡화>선글라스/안경테","X","X","0.68","2120","1594","-0.2481","5155","4841","-0.0609","177","9","74","있음","9","1448","820","704453","높음","0.15","0.85","0.325","385511","39","19","1","0.0333","0","0","0.9667","34","19","1"
"X","보잉선글라스","패션잡화>선글라스/안경테","X","O","56.85","1570","1308","-0.1669","7112","3802","-0.4654","49547","5","7196","없음","없음","89250","4229","143953","높음","1","0","0.3","26572","3893","983","144","0.037","0.4815","0.4074","0.0741","0","0","0"
"X","안경걸이","패션잡화>선글라스/안경테","X","O","62.24","1480","1354","-0.0851","4724","3631","-0.2314","29072","6","3210","없음","없음","92110","13145","7847","높음","0.975","0.025","0.225","7198","6657","1804","246","0.037","0.6296","0.3333","0","0","0","0"
"X","안경수건","패션잡화>선글라스/안경테","O","O","18.45","1110","1025","-0.0766","3587","3570","-0.0047","8145","7","782","없음","없음","20485","784","7873","높음","1","0","0.125","7821","43229","23368","1601","0.2963","0.4074","0.2963","0","0","0","0"
"X","샤이니민호안경","패션잡화>선글라스/안경테","X","X","0.16","780","0","","797","0","","25","12","25","있음","12","122","104","90065","높음","0.275","0.725","0","35555","239","130","8","0","0.1481","0.037","0.8148","16","15","1"
"X","투디터","패션잡화>선글라스/안경테","O","O","0.75","3350","3152","-0.0591","13395","11283","-0.1577","50182","5","7094","없음","없음","2528","3","22155","중간","1","0","0","23961","17941","5720","664","0.3704","0.3704","0.2222","0.037","0","0","0"
"X","레오파드안경테","패션잡화>선글라스/안경테","X","X","18.43","440","591","0.3432","983","3747","2.8118","626","12","122","있음","9,10,11,12","8107","2807","50699","높음","0.9","0.1","0.4","27354","1131","249","41","0.1852","0.3704","0.3704","0.0741","73","43","37"
"X","얇은뿔테안경","패션잡화>선글라스/안경테","X","O","3.5","1260","1107","-0.1214","3930","4475","0.1387","10366","10","1234","없음","없음","4410","1227","68222","높음","1","0","0","17320","1978","947","73","0.1481","0.5556","0.1852","0.1111","0","0","0"
"X","오클리액츄에이터","패션잡화>선글라스/안경테","O","O","1.36","1250","1309","0.0472","4396","2502","-0.4308","14776","5","1913","없음","없음","1703","108","198871","높음","0.925","0.075","0.825","227012","4","1","0","0","0","0.963","0.037","0","0","0"
"X","160mm안경","패션잡화>선글라스/안경테","X","O","2.18","380","0","","803","696","-0.1333","45","8","11","있음","6,7,8,10,12","827","489","47770","중간","0.625","0.375","0.025","33606","6819","5670","200","0.1176","0.2647","0.0588","0.5588","11","7","1"
"X","구찌썬글라스","패션잡화>선글라스/안경테","O","O","116.34","1000","982","-0.018","3082","1948","-0.3679","41222","6","5745","없음","없음","116342","80573","334418","높음","0.975","0.025","0","331500","8","2","0","1","0","0","0","0","0","0"
"X","빅사이즈안경","패션잡화>선글라스/안경테","X","O","48.54","1000","988","-0.012","3201","4432","0.3846","15046","3","1484","없음","없음","48535","13184","53625","높음","1","0","0","24311","3708","645","137","0.1852","0.7778","0.037","0","0","0","0"
"X","사각뿔테","패션잡화>선글라스/안경테","O","O","171.61","460","438","-0.0478","1328","2289","0.7236","7814","12","979","없음","없음","78942","6705","153766","높음","1","0","0.125","18877","2451","946","94","0.0769","0.6923","0.1538","0.0769","0","0","0"
"X","자크마리마지안경","패션잡화>선글라스/안경테","O","O","0.27","2130","1892","-0.1117","6130","8796","0.4349","13341","1","2397","있음","1,2,3","581","128","1441841","높음","0.925","0.075","0.2","306975","9160","5717","339","0.0741","0.2222","0.4444","0.2593","121","56","17"
"X","오클리스트레이트자켓","패션잡화>선글라스/안경테","O","O","0.91","1120","697","-0.3777","3566","993","-0.7215","9710","8","2197","있음","5,6,7,8,9","1023","794","311715","중간","0.375","0.625","0.4","53264","3","1","0","0","0.037","0.1852","0.7778","1","1","0"
"X","도레이씨안경닦이","패션잡화>선글라스/안경테","O","O","0.17","2060","1762","-0.1447","8271","8185","-0.0104","28558","6","4664","없음","없음","341","13","314162","중간","0.8","0.2","0.15","10005","51164","23376","1894","0.1481","0.037","0.8148","0","0","0","0"
"X","패션안경","패션잡화>선글라스/안경테","X","O","866.27","2290","2339","0.0214","7251","7579","0.0452","60459","3","7075","없음","없음","1983760","646638","81494","높음","0.95","0.05","0.05","14078","16258","5717","625","0.1538","0.6538","0.1538","0.0385","56","56","56"
"X","블루엘리펀트선글라스","패션잡화>선글라스/안경테","X","O","0.44","2440","1632","-0.3311","11555","3439","-0.7024","92713","6","23530","있음","6,7","1074","1","47803","높음","1","0","0.675","27247","12020","8976","445","0.4444","0.4074","0.1481","0","0","0","0"
"X","선그라스","패션잡화>선글라스/안경테","X","O","2926.24","1470","1351","-0.081","6414","4540","-0.2922","52994","5","7746","없음","없음","4301573","1971252","145190","높음","0.925","0.075","0.125","18676","34087","8965","1262","0.3333","0.5926","0.0741","0","0","0","0"
"X","오클리래치","패션잡화>선글라스/안경테","O","O","4.74","1490","1228","-0.1758","6380","3345","-0.4757","33979","6","5357","없음","없음","7062","2235","181592","높음","0.825","0.175","0.575","207298","114","38","4","0","0.4444","0.5556","0","0","0","0"
"X","펜디선글라스","패션잡화>선글라스/안경테","O","O","11.1","1480","1428","-0.0351","5775","2900","-0.4978","42812","6","7094","없음","없음","16425","13789","481963","높음","0.35","0.65","0","514008","1","1","0","0.9722","0","-0.0556","0.0833","0","0","0"
"O","두꺼운뿔테안경","패션잡화>선글라스/안경테","X","O","21.02","290","147","-0.4931","781","1172","0.5006","997","1","354","있음","1","6096","2426","61580","높음","1","0","0.075","27295","1327","444","49","0.037","0.3333","0.3704","0.2593","24","12","3"
"X","리락쿠마안경케이스","패션잡화>선글라스/안경테","O","O","0.37","870","1524","0.7517","2494","4767","0.9114","2463","11","431","있음","1,7,9,10,11,12","319","224","24870","높음","0.35","0.65","0.375","21074","18","10","0","0","0","0.037","0.963","18","10","1"
"X","스포츠안경테","패션잡화>선글라스/안경테","X","O","75.11","490","417","-0.149","2099","1494","-0.2882","9921","6","996","없음","없음","36803","13932","115375","높음","0.975","0.025","0.25","41459","15473","5206","573","0.4444","0.2222","0.2222","0.1111","0","0","0"
"X","오클리홀브룩","패션잡화>선글라스/안경테","O","O","8.45","2540","1939","-0.2366","12281","5773","-0.5299","64714","6","9707","없음","없음","21468","11092","156179","높음","0.925","0.075","0.625","181501","158","53","5","0","0.4074","0.5556","0.037","0","0","0"
"X","올리버피플스","패션잡화>선글라스/안경테","O","O","11.81","2000","1815","-0.0925","6971","6515","-0.0654","53189","4","5985","없음","없음","23614","18209","329981","높음","0.525","0.475","0.9","305093","1","1","0","0","0","0.4063","0.5938","1","1","0"
"X","오클리이브이제로","패션잡화>선글라스/안경테","O","O","1.63","3290","2747","-0.165","13149","8649","-0.3422","31370","5","4338","없음","없음","5360","1480","190639","높음","0.925","0.075","0.5","252323","331","101","9","0","0.0833","0.9167","0","0","0","0"
"X","rb5429","패션잡화>선글라스/안경테","X","O","0","0","","","","","","4541","4","724","없음","없음","438","4","166533","낮음","1","0","0.3","176269","9","7","0","0.037","0.037","0.9259","0","0","0","0"
"X","마스카안경","패션잡화>선글라스/안경테","O","O","0.67","1410","1293","-0.083","5036","4550","-0.0965","22876","3","2422","없음","없음","945","5","274000","높음","0.975","0.025","0.55","22559","5653","2019","217","0.1923","0.4615","0.3077","0.0385","56","56","56"
"X","뿔테코받침","패션잡화>선글라스/안경테","X","O","10.21","1370","1235","-0.0985","4383","3957","-0.0972","23297","5","2134","없음","없음","13993","1067","5447","높음","1","0","0.4","8870","7646","1875","283","0.037","0.4815","0.4815","0","0","0","0"
"X","자크마리마지제피린","패션잡화>선글라스/안경테","O","O","0.04","1560","1658","0.0628","5878","6333","0.0774","29993","1","3858","없음","없음","65","34","1606866","중간","0.45","0.55","0.125","4294967295","9960","2687","301","0.0909","0.0909","0.5758","0.2424","350","126","44"
"X","미우미우리가드안경","패션잡화>선글라스/안경테","O","O","0.45","1070","575","-0.4626","3177","3259","0.0258","25655","3","5530","있음","2,3,4","482","109","455985","높음","0.675","0.325","0.55","660268","0","0","0","1","0","0","0","0","0","0"
"O","안경김서림방지제","패션잡화>선글라스/안경테","X","O","6.67","690","926","0.342","1699","4412","1.5968","12945","12","2642","있음","1,10,11,12","4600","455","7368","높음","1","0","0.575","13088","45276","19084","1676","0.1481","0.2222","0.5926","0.037","57","57","57"
"O","정샘물안경","패션잡화>선글라스/안경테","X","O","0.41","680","386","-0.4324","978","668","-0.317","1357","3","247","있음","1,2,3,4,10","277","251","129155","높음","0.45","0.55","0.25","48144","6675","5785","222","0.1","0.1333","0.3333","0.4333","15","10","1"
"X","버버리선글라스","패션잡화>선글라스/안경테","O","O","26.2","900","835","-0.0722","4410","2783","-0.3689","34971","5","5165","없음","없음","23577","19427","265632","높음","1","0","0","318290","3","1","0","0.8889","0","0.0833","0.0278","0","0","0"
"X","남자명품선글라스","패션잡화>선글라스/안경테","X","O","67.15","570","542","-0.0491","2645","1819","-0.3123","15474","6","2249","없음","없음","38276","7696","264532","높음","1","0","0","77861","11947","8981","442","0.1481","0.2222","0.5926","0.037","0","0","0"
"X","래쉬안경","패션잡화>선글라스/안경테","O","O","1.02","3700","3558","-0.0384","11705","11456","-0.0213","55843","10","5537","없음","없음","3790","742","228950","높음","1","0","0","141335","10087","5718","373","0.1111","0.2593","0.6296","0","0","0","0"
"X","추성훈안경","패션잡화>선글라스/안경테","O","O","0.49","1200","2264","0.8867","5212","53313","9.2289","1841","12","597","있음","1,12","583","553","61303","높음","0.35","0.65","0.375","54702","411","188","11","0.0278","0.1111","0.0833","0.7778","68","64","2"
"X","베디베로","패션잡화>선글라스/안경테","O","O","5.74","2420","2116","-0.1256","12862","8859","-0.3112","62579","5","9466","없음","없음","13900","653","59055","높음","1","0","0.425","100534","348","174","12","0","0.1111","0.8889","0","0","0","0"
"X","프라다선글라스남자","패션잡화>선글라스/안경테","O","X","11.67","650","0","","3243","0","","0","","0","없음","없음","7584","6419","344559","높음","1","0","0","379639","9","5","0","0.0323","0","0.9677","0","0","0","0"
"X","오클리아이자켓코받침","패션잡화>선글라스/안경테","O","O","0.09","800","612","-0.235","3498","1818","-0.4803","5249","7","779","없음","없음","69","0","70883","중간","1","0","0.125","22525","564","152","20","0.037","0.1481","0.8148","0","0","0","0"
"X","오클리아이자켓리덕스","패션잡화>선글라스/안경테","O","X","0.36","3160","3513","0.1117","12749","8423","-0.3393","42495","5","6240","없음","없음","1146","128","188386","높음","0.95","0.05","0.25","218087","61","23","2","0","0.1111","0.8889","0","0","0","0"
"O","메타레이벤디스플레이","패션잡화>선글라스/안경테","X","X","0.01","1870","0","","2858","0","","0","","0","없음","없음","15","8","2067553","낮음","0.4667","0.5333","0.0667","304664","309","82","8","0.1667","0","0.3611","0.4722","12","5","1"
"O","안경걸이목걸이","패션잡화>선글라스/안경테","X","O","57.2","450","423","-0.06","1259","547","-0.5655","618","4","144","있음","3,4,6,8","25739","1986","5604","높음","1","0","0.575","12400","2937","1802","108","0","0.5185","0.4815","0","0","0","0"
"X","마이키타","패션잡화>선글라스/안경테","O","O","13.63","1560","1596","0.0231","5640","5831","0.0339","29783","2","3295","없음","없음","21262","15384","648185","높음","0.625","0.375","0.8","603306","15577","15560","432","0.0278","0","0.7778","0.1944","1","1","0"
"X","선글라스파우치","패션잡화>선글라스/안경테","X","O","162.63","690","595","-0.1377","3752","1849","-0.5072","16200","6","3632","있음","5,6","112215","13820","12644","높음","1","0","0.625","8925","2000","570","74","0.1481","0.5926","0.2222","0.037","31","31","31"
"X","토마토안경","패션잡화>선글라스/안경테","X","X","0.28","3670","3824","0.042","12324","11713","-0.0496","58582","5","5830","없음","없음","1042","4","76670","높음","0.725","0.275","0","43039","1336","658","37","0.0833","0.0833","0.7222","0.1111","1","1","0"
"X","레이밴","패션잡화>선글라스/안경테","O","O","17.35","10990","9756","-0.1123","42180","33725","-0.2005","153690","5","16676","없음","없음","190651","120921","166332","높음","0.95","0.05","0.6","169157","462","214","17","0","0.4074","0.4444","0.1481","0","0","0"
"X","금성제안경","패션잡화>선글라스/안경테","X","O","0.05","1980","0","","6627","0","","11","7","11","있음","7","101","43","34313","높음","0.475","0.525","0.125","36889","1863","963","69","0","0.2222","0.1852","0.5926","99","26","6"
"X","남자뿔테","패션잡화>선글라스/안경테","X","O","100.14","1010","1224","0.2119","3461","4764","0.3765","15485","12","1619","없음","없음","101145","18689","90805","높음","1","0","0","18916","9063","5718","335","0.2593","0.5185","0.1852","0.037","26","26","26"
"X","리에티안경","패션잡화>선글라스/안경테","O","O","0.09","3040","3674","0.2086","9431","13340","0.4145","19152","11","2873","없음","없음","284","3","30266","중간","0.975","0.025","0.7","29777","1160","175","32","0.6944","0.0833","0.1944","0.0278","56","56","56"
"X","몽블랑안경","패션잡화>선글라스/안경테","O","O","11.12","690","659","-0.0449","2402","2265","-0.057","9775","3","991","없음","없음","7675","3630","212499","높음","0.425","0.575","1","165987","409","98","15","0.037","0.1481","0.7037","0.1111","62","56","21"
"X","타르트옵티컬","패션잡화>선글라스/안경테","O","O","0.62","4170","4009","-0.0386","13171","12103","-0.0811","87778","1","10164","없음","없음","2574","1031","406550","높음","0.7","0.3","0.1","423066","5","2","0","0","0","0.8148","0.1852","2","2","0"
"X","pxg선글라스","패션잡화>선글라스/안경테","O","O","1.4","1010","689","-0.3178","4631","2257","-0.5126","16234","5","3955","있음","5,6,8","1413","18","366977","높음","1","0","0.55","231420","28763","8976","1065","0.0741","0.3704","0.1852","0.3704","0","0","0"
"X","림락","패션잡화>선글라스/안경테","O","O","1.36","2100","1947","-0.0729","6952","6573","-0.0545","40423","3","4644","없음","없음","2852","513","257625","높음","0.825","0.175","0.875","172350","247","196","9","0","0.037","0.8519","0.1111","0","0","0"
"X","진스체인소맨안경","패션잡화>선글라스/안경테","","","0.02","600","0","","651","0","","0","","0","없음","없음","11","11","340641","중간","0","1","0","15286","397","123","14","0","0","0.4815","0.5185","4","3","0"
"X","하이타이드안경케이스","패션잡화>선글라스/안경테","O","O","0.84","450","68","-0.8489","1704","917","-0.4619","1300","10","877","있음","10","379","209","35355","중간","0.525","0.475","0.375","42269","1299","1293","48","0","0.0741","0.1852","0.7407","3","3","0"
"X","레이밴대디오","패션잡화>선글라스/안경테","O","O","0.1","3090","2384","-0.2285","14602","6826","-0.5325","21784","7","4716","있음","6,7,8,9","300","45","152645","높음","0.875","0.125","0.25","161282","66","30","2","0","0.1481","0.7407","0.1111","0","0","0"
"X","오클리케이스","패션잡화>선글라스/안경테","O","O","13.14","570","437","-0.2333","2934","1434","-0.5112","9480","5","1201","없음","없음","7491","3414","32199","높음","0.95","0.05","0.55","26732","243","61","8","0","0.1429","0.8571","0","0","0","0"
"O","레제르스퀘어","패션잡화>선글라스/안경테","O","O","0.23","1430","955","-0.3322","3683","1840","-0.5004","16328","3","2376","없음","없음","325","186","151635","높음","0.65","0.35","0.4","133994","86","72","3","0.0741","0.037","0.2222","0.6667","2","1","0"
"X","오클리플란타리스","패션잡화>선글라스/안경테","O","O","0.11","2180","1602","-0.2651","9034","13661","0.5122","1346","10","581","있음","10,11","242","123","424759","중간","0.5","0.5","0.35","190142","276","100","10","0.037","0.1481","0.7778","0.037","0","0","0"
"O","가메만넨138","패션잡화>선글라스/안경테","","","0.28","60","0","","60","0","","127","8","39","있음","3,7,8,10","17","0","640485","중간","1","0","0.1176","539990","1406","551","39","0.0833","0.0278","0.7222","0.1667","20","12","3"
"X","크롬하츠선글라스","패션잡화>선글라스/안경테","O","O","2.61","1210","1492","0.2331","5464","4848","-0.1127","30739","5","5821","있음","4,5,6,7","3155","2114","2404170","높음","0.425","0.575","0.75","58598","2196","469","61","0.1111","0.6389","0.1944","0.0556","7","6","4"
"X","안경귀받침","패션잡화>선글라스/안경테","X","O","20.25","670","572","-0.1463","2019","1632","-0.1917","5673","6","667","없음","없음","13569","265","926","높음","1","0","0.875","6440","3811","1275","141","0.037","0.6667","0.2963","0","0","0","0"
"O","오클리피치맨","패션잡화>선글라스/안경테","O","O","2.34","640","554","-0.1344","2244","1714","-0.2362","9725","4","1077","없음","없음","1497","408","199694","높음","0.85","0.15","0.6","212972","20","5","0","0","0","1","0","0","0","0"
"X","투디터안경","패션잡화>선글라스/안경테","O","O","0.23","2730","2810","0.0293","7917","7644","-0.0345","30694","5","3239","없음","없음","621","3","21397","낮음","1","0","0","18392","24911","8909","958","0.3462","0.5769","0.0769","0","0","0","0"
"O","라테랄리스","패션잡화>선글라스/안경테","X","X","0.7","1060","2330","1.1981","3253","3105","-0.0455","45","9","26","있음","9","745","192","188449","높음","0.925","0.075","0.425","143344","356653","50330","10489","0.2647","0","0.7353","0","0","0","0"
"X","극세사안경닦이","패션잡화>선글라스/안경테","X","O","17.67","890","788","-0.1146","3116","4706","0.5103","2840","2","315","없음","없음","15728","632","6297","높음","1","0","0.475","7004","38803","19084","1437","0.3704","0.2593","0.3704","0","0","0","0"
"X","도레이씨","패션잡화>선글라스/안경테","O","O","0.37","1240","1077","-0.1315","5998","5928","-0.0117","24751","6","2738","없음","없음","453","48","312415","높음","0.875","0.125","0.175","9948","66091","23373","2447","0.2222","0.037","0.6296","0.1111","0","0","0"
"X","사각뿔테안경","패션잡화>선글라스/안경테","O","O","66.32","600","531","-0.115","1616","1556","-0.0371","9809","3","1123","없음","없음","39790","5352","158197","높음","1","0","0.1","22097","2436","947","90","0.1481","0.2963","0.4074","0.1481","0","0","0"
"X","안경코받침실리콘","패션잡화>선글라스/안경테","X","O","38.55","1140","2143","0.8798","4236","5534","0.3064","8117","11","880","없음","없음","43949","3056","3451","중간","1","0","0.225","6112","10565","1999","391","0.037","0.5185","0.4444","0","0","0","0"
"X","리끌로우","패션잡화>선글라스/안경테","O","O","6.82","6080","9732","0.6007","25842","33092","0.2806","91791","6","12227","없음","없음","41487","38","22283","높음","1","0","0.7","25391","1979","800","73","0.8519","0","0.1481","0","0","0","0"
"X","셀린느안경","패션잡화>선글라스/안경테","O","O","1.3","1500","1736","0.1573","4558","5158","0.1316","31778","6","3879","없음","없음","1952","1378","484815","높음","0.475","0.525","0","296383","9","1","0","0.5556","0","0.4444","0","0","0","0"
"X","조용필선글라스","패션잡화>선글라스/안경테","X","X","0.08","5090","0","","5105","0","","389","1","254","있음","1","386","108","105241","낮음","0.775","0.225","0.275","68588","11699","9242","433","0.1111","0.4815","0.2963","0.1111","2","2","1"
"X","생로랑안경","패션잡화>선글라스/안경테","O","O","15.29","970","813","-0.1619","3073","3645","0.1861","10600","10","1897","있음","10,11,12","14829","10937","442373","높음","0.25","0.75","0","430657","0","0","0","1","0","0","0","0","0","0"
"O","코받침","패션잡화>선글라스/안경테","X","O","117.78","1000","1065","0.065","3492","2865","-0.1796","15184","6","1612","없음","없음","117776","17797","5687","높음","1","0","0.35","7366","11163","2002","413","0.0741","0.7037","0.2222","0","0","0","0"
"X","프로젝트프로덕트","패션잡화>선글라스/안경테","O","O","1.02","8230","7324","-0.1101","30604","20226","-0.3391","179427","6","20769","없음","없음","8388","54","273425","높음","1","0","0.3","221884","20","20","0","0","0","0.9688","0.0313","0","0","0"
"X","리끌로우안경","패션잡화>선글라스/안경테","O","O","3.79","1910","2110","0.1047","6743","7047","0.0451","32317","3","3639","없음","없음","7233","0","20565","높음","1","0","0.9","24882","2187","801","81","0.8148","0","0.1852","0","0","0","0"
"X","윤현민안경","패션잡화>선글라스/안경테","X","O","0.13","650","0","","1687","0","","0","","0","없음","없음","82","75","50765","높음","0.075","0.925","0.275","29449","15298","5720","566","0.2593","0.3333","0.1852","0.2222","165","48","28"
"X","작은안경테","패션잡화>선글라스/안경테","X","O","59.41","380","368","-0.0316","1017","942","-0.0737","6198","1","673","없음","없음","22574","11074","98706","높음","1","0","0.1","27054","2702","2018","100","0.037","0.2222","0.3704","0.3704","159","56","16"
"X","쿠로시오선글라스","패션잡화>선글라스/안경테","O","X","1.12","560","218","-0.6107","2902","4268","0.4707","8093","12","1190","없음","없음","625","0","146497","중간","1","0","0.2","102732","1192","655","44","0","0.2963","0.4815","0.2222","28","13","5"
"X","투명뿔테","패션잡화>선글라스/안경테","X","O","57.55","960","980","0.0208","3624","2945","-0.1874","26376","3","2770","없음","없음","55246","8398","45610","높음","1","0","0","18719","8618","5720","319","0.3704","0.4074","0.1481","0.0741","56","56","28"
"X","까르뱅안경","패션잡화>선글라스/안경테","O","O","1.55","2440","2322","-0.0484","7958","7973","0.0019","33769","1","3630","없음","없음","3775","5","261250","높음","1","0","0.1","1271722","54","54","1","0.9722","0","0.0278","0","0","0","0"
"O","바이코즈바온","패션잡화>선글라스/안경테","X","X","0.06","720","0","","1993","14190","6.1199","267","12","114","있음","12","40","0","233940","중간","1","0","0","19757","226197","10412","6652","0.8824","0","0.1176","0","0","0","0"
"X","jins안경","패션잡화>선글라스/안경테","X","O","0.1","1710","1734","0.014","4476","14661","2.2755","5919","7","697","없음","없음","165","70","195894","중간","0.225","0.775","0.3","110080","11387","8915","421","0.0741","0.2222","0.4074","0.2963","0","0","0"
"X","마츠다안경","패션잡화>선글라스/안경테","O","O","1.94","850","981","0.1541","2884","3078","0.0673","14206","2","1505","없음","없음","1647","595","835068","높음","0.7","0.3","0.65","495417","881","657","32","0.037","0.1111","0.6296","0.2222","42","35","7"
"X","포나인즈","패션잡화>선글라스/안경테","X","O","0.84","3370","3364","-0.0018","9196","10174","0.1064","29118","7","2949","없음","없음","2846","125","738507","높음","0.95","0.05","0.7","791872","0","0","0","0","0","0.8333","0.1667","0","0","0"
"X","대두안경테","패션잡화>선글라스/안경테","X","O","27.49","540","497","-0.0796","2072","2235","0.0787","9601","1","970","없음","없음","14844","9322","44787","높음","1","0","0.05","35662","2561","493","94","0.1852","0.4444","0.2593","0.1111","0","0","0"
"X","린드버그안경","패션잡화>선글라스/안경테","X","O","0.71","2450","2843","0.1604","7228","7477","0.0344","38169","2","3918","없음","없음","1747","1286","621809","높음","0.475","0.525","0.575","95978","506","179","18","0","0.2963","0.3333","0.3704","12","8","1"
"X","마르지엘라안경","패션잡화>선글라스/안경테","X","O","0.05","970","1266","0.3052","3271","3436","0.0504","17996","3","3257","있음","3,4,5,6,7,10","53","27","563470","높음","0.6","0.4","0.125","377868","1","1","0","0.4737","0","0.5263","0","0","0","0"
"X","산드로선글라스","패션잡화>선글라스/안경테","O","O","2.19","1480","1082","-0.2689","9727","3626","-0.6272","37296","5","7563","있음","4,5,6,7,8","3234","212","190147","높음","1","0","0.875","213298","17","15","0","0.4815","0.037","0.4815","0","0","0","0"
"X","다초점렌즈","패션잡화>선글라스/안경테","X","O","0.41","6910","5895","-0.1469","24395","19691","-0.1928","99453","8","11371","없음","없음","2835","1961","66206","높음","0.7","0.3","0.1","64977","945","428","32","0","0.2069","0.4138","0.3793","25","22","2"
"X","디올선그라스","패션잡화>선글라스/안경테","O","O","23.09","950","853","-0.1021","3890","2034","-0.4771","23744","5","3763","없음","없음","21934","16887","675753","높음","0.6","0.4","0.35","521871","790","789","21","0.9167","0","0.0833","0","0","0","0"
"O","레이븐티얼스안경","패션잡화>선글라스/안경테","","","0.69","430","0","","430","0","","24","3","6","있음","3,4,6,8","297","1","204900","높음","1","0","0.05","213259","1","1","0","0","0","1","0","0","0","0"
"X","몽클레어안경테","패션잡화>선글라스/안경테","O","O","25.77","290","313","0.0793","1016","1218","0.1988","5793","1","624","없음","없음","7474","2686","183120","중간","0.925","0.075","0","349525","0","0","0","0.6944","0","0.3056","0","0","0","0"
"X","오벌형안경","패션잡화>선글라스/안경테","X","O","1.42","1190","1770","0.4874","3174","5779","0.8207","5763","2","726","없음","없음","1684","120","196889","높음","1","0","0.15","20962","334","74","12","0.1852","0.2963","0.4815","0.037","43","43","43"
"X","아이씨베를린","패션잡화>선글라스/안경테","O","O","1.08","2050","1839","-0.1029","6077","5588","-0.0805","31773","2","2967","없음","없음","2215","629","813812","높음","0.875","0.125","0.45","529151","56","27","1","0.2188","0.0313","0.6563","0.0938","0","0","0"
"X","마수나가","패션잡화>선글라스/안경테","O","O","2.64","1370","1262","-0.0788","4577","4044","-0.1165","25846","2","2958","없음","없음","3619","803","541956","높음","0.975","0.025","0.55","519598","3","3","0","0","0","0.931","0.069","0","0","0"
"X","어린이안경테","패션잡화>선글라스/안경테","X","O","19.2","690","719","0.042","2477","2224","-0.1021","13627","5","1469","없음","없음","13247","3873","59898","높음","0.975","0.025","0.15","27862","515","208","19","0.0741","0.4074","0.4074","0.1111","0","0","0"
"X","올리버피플스안경","패션잡화>선글라스/안경테","O","O","10.86","710","801","0.1282","2936","2704","-0.079","9960","8","1080","없음","없음","7714","5469","343549","높음","0.7","0.3","0.55","250470","327","249","12","0.037","0","0.7037","0.2593","0","0","0"
"X","텐아이반no7","패션잡화>선글라스/안경테","O","O","0.06","1420","1599","0.1261","5115","10291","1.0119","6297","2","665","없음","없음","87","0","1068150","높음","1","0","0.2","80031","2675","503","74","0","0.1111","0.8333","0.0556","38","31","19"
"X","휠라선글라스","패션잡화>선글라스/안경테","O","O","15.81","580","445","-0.2328","3427","1101","-0.6787","24810","5","4511","있음","4,5,6,7,8","9169","885","75037","높음","1","0","0","46344","10320","9080","382","0.9259","0.0741","0","0","0","0","0"
"X","디타안경","패션잡화>선글라스/안경테","O","O","1.38","1600","1679","0.0494","5403","5857","0.084","27073","2","3004","없음","없음","2210","1472","1051482","높음","0.575","0.425","0.25","202199","6073","5670","224","0.037","0.1481","0.4444","0.3704","38","36","4"
"X","안경코패드","패션잡화>선글라스/안경테","X","O","113.43","770","286","-0.6286","3047","916","-0.6994","33491","5","3841","없음","없음","87339","18907","5625","높음","1","0","0.175","7319","10580","1998","391","0.037","0.5556","0.4074","0","0","0","0"
"X","제니선글라스","패션잡화>선글라스/안경테","O","O","0.16","10310","6946","-0.3263","37617","19195","-0.4897","71247","5","18167","있음","5,6","1642","798","136770","높음","0.8","0.2","0","11880","1027","509","38","0.1111","0.5185","0.2963","0.0741","0","0","0"
"O","김구안경","패션잡화>선글라스/안경테","O","X","9.84","680","687","0.0103","2319","2273","-0.0198","11804","1","1250","없음","없음","6689","4213","66212","높음","0.825","0.175","0.3","27730","1097","661","40","0.037","0.1111","0.3333","0.5185","111","36","8"
"X","나인어코드안경","패션잡화>선글라스/안경테","O","O","0.19","2070","2073","0.0014","5260","7361","0.3994","11999","1","1807","없음","없음","384","0","201400","높음","1","0","0","31721","4417","2023","163","0.2963","0.3704","0.2222","0.1111","10","6","3"
"X","아이반안경","패션잡화>선글라스/안경테","X","O","1.73","1600","1380","-0.1375","5696","6319","0.1094","31977","2","5069","없음","없음","2764","227","719762","높음","1","0","0.275","327388","9872","5717","365","0.037","0.2222","0.6296","0.1111","0","0","0"
"O","김서림방지안경닦이","패션잡화>선글라스/안경테","X","O","11.94","1050","1688","0.6076","1929","3657","0.8958","20644","1","4703","있음","1,2,12","12541","347","8369","높음","1","0","0.375","11988","97565","23368","3613","0.2963","0.2593","0.4444","0","0","0","0"
"X","루이비통선글라스","패션잡화>선글라스/안경테","O","O","1.6","1750","1741","-0.0051","7690","4890","-0.3641","47134","6","6674","없음","없음","2793","1815","925337","높음","0.675","0.325","0","1239106","24","5","0","0.76","0.04","0","0.2","0","0","0"
"X","안경정리함","패션잡화>선글라스/안경테","X","O","208.62","400","456","0.14","1484","1387","-0.0654","7226","1","1045","없음","없음","83448","35594","23071","높음","0.85","0.15","0.75","16441","3190","1293","118","0.3704","0.1481","0.3704","0.1111","10","10","3"
"O","김우빈선글라스","패션잡화>선글라스/안경테","","","0.02","1880","0","","1885","377","-0.8","1151","1","213","있음","1,2,4,5,6","35","5","193958","높음","0.8571","0.1429","0.0286","83817","26794","9353","992","0","0.4074","0.4444","0.1481","7","7","2"
"X","헬로카멜로","패션잡화>선글라스/안경테","O","O","0.02","1880","0","","1880","0","","0","","0","없음","없음","40","37","432036","낮음","0.075","0.925","0.175","31164","276948","157242","9891","0.1786","0.0714","0.2857","0.4643","1","1","0"
"X","남자명품안경테","패션잡화>선글라스/안경테","X","O","113.83","410","258","-0.3707","1547","1138","-0.2644","5209","3","867","없음","없음","46669","12523","108331","높음","1","0","0.075","77957","1348","962","49","0","0.1111","0.7407","0.1481","39","22","10"
"O","버버리안경","패션잡화>선글라스/안경테","O","O","18.67","430","359","-0.1651","1387","1181","-0.1485","7660","5","807","없음","없음","8030","4572","254032","높음","0.975","0.025","0","287175","2","1","0","0.5","0","0.4167","0.0833","0","0","0"
"X","아디다스선글라스","패션잡화>선글라스/안경테","X","O","26.61","540","421","-0.2204","2569","1015","-0.6049","16025","5","2539","없음","없음","14370","7206","87744","높음","1","0","0","94844","109","66","4","0","0.4815","0.5185","0","0","0","0"
"X","오클리편광선글라스","패션잡화>선글라스/안경테","O","O","43.12","1230","927","-0.2463","5380","2576","-0.5212","27038","5","3754","없음","없음","53038","28404","173560","높음","1","0","0.2","264478","185","100","6","0","0.5185","0.4815","0","0","0","0"
"O","접이식노안안경","패션잡화>선글라스/안경테","X","O","20.89","170","0","","170","0","","0","","0","없음","없음","3551","609","26716","높음","0.625","0.375","0.35","21598","859","308","31","0.0741","0.1481","0.4444","0.3333","17","14","2"
"X","아이자켓코받침","패션잡화>선글라스/안경테","O","O","0.13","570","400","-0.2982","2538","1271","-0.4992","3143","6","486","없음","없음","76","0","55211","높음","1","0","0.175","24475","3396","1215","94","0.0833","0.2778","0.6389","0","0","0","0"
"X","가벼운뿔테안경","패션잡화>선글라스/안경테","X","O","52.09","750","742","-0.0107","2189","2430","0.1101","8197","10","845","없음","없음","39068","5753","97357","높음","1","0","0.075","17390","9143","5716","338","0.0741","0.8148","0.0741","0.037","0","0","0"
"O","안경귀걸이","패션잡화>선글라스/안경테","X","X","83.58","580","617","0.0638","1658","1357","-0.1815","7261","8","712","없음","없음","48474","4451","2102","중간","0.95","0.05","0.525","6954","3964","1275","146","0.037","0.7037","0.1852","0.0741","0","0","0"
"O","장나라안경","패션잡화>선글라스/안경테","X","O","0.12","1490","6904","3.6336","1710","743","-0.5655","2999","8","1250","있음","7,8","174","148","134311","중간","0.35","0.65","0.125","62764","7053","5838","261","0.1481","0.1111","0.2222","0.5185","0","0","0"
"X","진저아이웨어","패션잡화>선글라스/안경테","O","O","0.07","3930","4091","0.041","13088","12946","-0.0108","44994","6","5893","없음","없음","291","1","226371","높음","1","0","0.225","38855","31400","14670","1162","0.1852","0.037","0.5185","0.2593","498","288","71"
"O","다각형안경테","패션잡화>선글라스/안경테","X","O","61.75","280","274","-0.0214","838","814","-0.0286","4165","5","501","없음","없음","17289","5754","58361","높음","1","0","0.15","27014","2472","978","91","0.2593","0.2963","0.2963","0.1481","10","10","3"
"O","안경나사","패션잡화>선글라스/안경테","X","O","51.59","700","683","-0.0243","2410","2083","-0.1357","17243","5","1636","없음","없음","36112","10075","9818","높음","0.95","0.05","0.6","9237","6666","2002","246","0.2963","0.1852","0.3704","0.1481","0","0","0"
"X","로렌스폴쿠버01","패션잡화>선글라스/안경테","O","O","0.04","1410","1755","0.2447","5638","5802","0.0291","35956","7","9786","있음","6,7","54","0","242023","높음","1","0","0.15","54078","595","128","18","0.6667","0","0.303","0.0303","3","3","3"
"X","캣츠아이안경테","패션잡화>선글라스/안경테","O","O","14.83","340","278","-0.1824","1162","2316","0.9931","1546","4","201","없음","없음","5043","1537","89587","높음","0.85","0.15","0.85","33694","327","103","12","0.037","0.2593","0.4074","0.2963","8","4","1"
"O","타렉스편광","패션잡화>선글라스/안경테","X","O","0.19","670","475","-0.291","2356","958","-0.5934","17708","5","2331","없음","없음","126","84","253632","중간","0.375","0.625","0.025","53791","26136","8965","968","0.037","0.7037","0.0741","0.1852","16","12","3"
"O","여성썬글라스","패션잡화>선글라스/안경테","X","O","1146.19","620","557","-0.1016","2788","1499","-0.4623","31756","5","6214","있음","3,4,5,6","710637","424164","179594","높음","1","0","0.1","20375","4295","863","159","0.1111","0.6667","0.2222","0","0","0","0"
"X","캣아이안경테","패션잡화>선글라스/안경테","O","O","102.27","240","269","0.1208","679","804","0.1841","2194","7","342","없음","없음","24545","16333","199618","높음","0.85","0.15","0.35","21707","328","88","12","0.0741","0.4074","0.2593","0.2593","12","11","2"
"X","남성안경테","패션잡화>선글라스/안경테","X","O","917.82","380","445","0.1711","1275","1316","0.0322","8616","1","873","없음","없음","348771","151972","72877","높음","1","0","0","24308","3189","963","118","0.1481","0.7037","0.1111","0.037","36","36","36"
"O","빛번짐방지안경","패션잡화>선글라스/안경테","","","2.09","1040","1664","0.6","2579","4059","0.5739","277","10","57","있음","1,3,10,11","2177","394","36062","높음","1","0","0","25247","12340","9092","457","0.0741","0.5556","0.3704","0","0","0","0"
"X","피오비노","패션잡화>선글라스/안경테","O","O","2.61","1330","1363","0.0248","4661","4520","-0.0303","19605","5","1883","없음","없음","3476","3","108757","높음","1","0","0.175","115718","37","9","1","0","0","1","0","0","0","0"
"X","마사키마츠시마","패션잡화>선글라스/안경테","O","O","6.04","590","646","0.0949","2036","2017","-0.0093","8383","3","1006","없음","없음","3565","2627","394733","중간","0.1","0.9","0.925","341755","3","2","0","0","0","0.0741","0.9259","3","2","0"
"O","가벼운선글라스","패션잡화>선글라스/안경테","X","O","166.8","750","683","-0.0893","3598","2022","-0.438","30317","5","5254","있음","3,4,5,6","125098","13173","113230","높음","0.95","0.05","0.35","14280","5347","857","198","0.1111","0.7778","0.1111","0","0","0","0"
"X","고현정안경테","패션잡화>선글라스/안경테","X","O","1.26","1250","2083","0.6664","3214","21125","5.5728","1724","12","939","있음","12","1573","1482","111291","높음","0.15","0.85","0.7","110419","381","253","14","0","0.0741","0.1481","0.7778","257","253","12"
"O","여성안경테","패션잡화>선글라스/안경테","X","O","975.48","380","365","-0.0395","1334","1375","0.0307","10747","1","1147","없음","없음","370683","158613","75917","높음","1","0","0","25022","20420","8920","567","0.2222","0.5278","0.1389","0.1111","146","56","37"
"O","초경량안경테","패션잡화>선글라스/안경테","X","O","213.49","430","434","0.0093","1503","1763","0.173","7212","1","773","없음","없음","91802","42698","89942","높음","1","0","0.05","35870","8936","5670","330","0.1111","0.4815","0.2963","0.1111","0","0","0"
"X","톰브라운안경","패션잡화>선글라스/안경테","O","O","1.95","1050","984","-0.0629","3617","2874","-0.2054","22186","8","3099","없음","없음","2047","1545","881551","높음","0.8","0.2","0.25","855833","0","0","0","0.9722","0","0.0278","0","0","0","0"
"X","가죽안경케이스","패션잡화>선글라스/안경테","X","O","204.31","540","573","0.0611","1783","1868","0.0477","9116","12","855","없음","없음","110329","22498","11489","높음","1","0","0.275","12453","1540","575","57","0.0741","0.6667","0.2593","0","0","0","0"
"X","뿔테안경여자","패션잡화>선글라스/안경테","X","O","53.68","1030","902","-0.1243","5193","4552","-0.1234","32668","3","3240","없음","없음","55290","9667","86446","높음","1","0","0","20030","5722","2019","211","0.2963","0.4074","0.2593","0.037","43","43","43"
"O","서전안경테","패션잡화>선글라스/안경테","X","O","0.89","360","331","-0.0806","1085","996","-0.082","4084","10","434","없음","없음","319","3","164861","높음","1","0","0","65960","6594","5669","244","0.0741","0.1852","0.3333","0.4074","192","35","17"
"X","이펙터안경","패션잡화>선글라스/안경테","X","X","0.96","1240","1470","0.1855","4209","4231","0.0052","22443","2","2394","없음","없음","1186","840","580423","높음","0.375","0.625","0.625","333182","350","155","12","0","0.1111","0.1111","0.7778","35","30","2"
"O","젠틀몬스터뿔테안경","패션잡화>선글라스/안경테","O","O","0.3","810","553","-0.3173","1940","1540","-0.2062","9062","7","1415","없음","없음","246","5","273075","중간","1","0","0","19939","9556","5717","353","0.1852","0.7037","0.0741","0.037","56","56","56"
"X","김성주안경","패션잡화>선글라스/안경테","O","O","2.21","390","375","-0.0385","1200","1180","-0.0167","7627","2","897","없음","없음","863","807","120217","높음","0.575","0.425","0.375","37832","567","331","21","0.1111","0.0741","0.1481","0.6667","7","6","0"
"O","선글라스하드케이스","패션잡화>선글라스/안경테","X","O","182.12","250","136","-0.456","1239","384","-0.6901","11235","5","2107","있음","4,5,6,7,8","45531","7021","16685","높음","0.975","0.025","0.175","7714","1819","522","67","0.1111","0.3704","0.5185","0","0","0","0"
"O","커틀러앤그로스","패션잡화>선글라스/안경테","O","O","4.84","1250","1309","0.0472","4119","3858","-0.0634","26539","5","3813","없음","없음","6051","4285","462784","높음","0.375","0.625","0.925","364556","1987","1620","55","0.0833","0.0556","0.3889","0.4722","19","18","1"
"X","locs선글라스","패션잡화>선글라스/안경테","O","O","8.34","410","411","0.0024","999","512","-0.4875","172","2","101","있음","1,2","3421","2366","32558","중간","0.125","0.875","0.9","32494","36","15","1","0","0.0741","0.1481","0.7778","14","9","1"
"X","래쉬클리프트","패션잡화>선글라스/안경테","O","O","0.17","2630","2721","0.0346","7476","7597","0.0162","34276","1","3705","없음","없음","445","0","223375","높음","1","0","0.325","32502","4542","2952","129","0.2","0.3714","0.3429","0.0857","23","19","8"
"O","레이벤발로라마","패션잡화>선글라스/안경테","O","O","0.52","1440","1032","-0.2833","7233","2527","-0.6506","25526","7","4955","있음","4,5,6,7,8","750","261","193587","높음","0.825","0.175","0.25","200862","49","30","1","0","0.2222","0.7037","0.0741","0","0","0"
"X","베르사체선글라스","패션잡화>선글라스/안경테","O","O","29.84","1050","1317","0.2543","5229","4221","-0.1928","27481","5","3625","없음","없음","31334","26550","295298","높음","0.3","0.7","0.725","310805","2","1","0","1","0","0","0","0","0","0"
"X","금자안경뿔테","패션잡화>선글라스/안경테","X","X","3.13","1090","1145","0.0505","2896","4071","0.4057","10095","10","1179","없음","없음","3410","148","548668","높음","1","0","0","110781","1405","947","52","0.037","0.1481","0.5556","0.2593","3","2","0"
"X","디올안경","패션잡화>선글라스/안경테","O","O","2.28","1330","2261","0.7","3543","6757","0.9071","19038","11","2851","없음","없음","3034","2114","387778","높음","0.7","0.3","0","523622","9","5","0","0.5625","0","0.4375","0","0","0","0"
"X","안경테추천","패션잡화>선글라스/안경테","X","O","959.31","2210","2102","-0.0489","7472","6979","-0.066","35027","3","3411","없음","없음","2120079","697091","91406","높음","0.95","0.05","0.025","33485","16051","8918","594","0.1111","0.6667","0.0741","0.1481","139","56","35"
"O","윤여정안경","패션잡화>선글라스/안경테","X","X","2.42","630","487","-0.227","2730","2027","-0.2575","19618","2","3015","없음","없음","1522","1219","345075","높음","0.65","0.35","0.4","37392","244","95","9","0","0.037","0.1852","0.7778","71","31","3"
"O","무인양품안경케이스","패션잡화>선글라스/안경테","O","O","0.16","910","1634","0.7956","2460","3850","0.565","7993","11","1050","없음","없음","148","56","19333","높음","0.725","0.275","0.35","17544","2339","1293","86","0.1111","0.0741","0.7037","0.1111","0","0","0"
"X","오버사이즈안경","패션잡화>선글라스/안경테","X","O","85.83","410","435","0.061","1200","1169","-0.0258","14568","3","1539","없음","없음","35189","11284","102580","높음","1","0","0.05","24838","2965","645","109","0.1481","0.4815","0.2963","0.0741","0","0","0"
"O","페라가모선글라스여성","패션잡화>선글라스/안경테","X","X","45.48","300","0","","1346","0","","21","4","21","있음","4","13644","8107","426687","높음","0.975","0.025","0","478366","10","2","0","1","0","-0.1389","0.1389","1","1","0"
"X","마노모스안경","패션잡화>선글라스/안경테","O","O","0.61","1990","1822","-0.0844","6726","6690","-0.0054","36738","2","3840","없음","없음","1211","1","232000","높음","1","0","0.025","38447","8532","5670","316","0.2963","0.3333","0.2222","0.1481","101","56","25"
"O","아시안핏안경테","패션잡화>선글라스/안경테","X","O","791.8","30","","","","","","526","1","213","있음","1,2,3","23754","8844","189170","높음","1","0","0.65","118026","14","10","0","0","0.1481","0.7778","0.0741","0","0","0"
"O","안경수납함","패션잡화>선글라스/안경테","X","X","128.46","390","298","-0.2359","1541","1421","-0.0779","5178","1","935","있음","1,2,3","50100","12914","55076","높음","0.85","0.15","0.825","16470","3098","1293","114","0.2963","0.1481","0.3704","0.1852","10","10","2"
"X","오클리코리더","패션잡화>선글라스/안경테","O","O","2.07","810","604","-0.2543","3215","2074","-0.3549","18319","4","2719","없음","없음","1676","294","253406","높음","0.85","0.15","0.75","244168","30","4","1","0","0.4444","0.5556","0","0","0","0"
"O","디타랜시어","패션잡화>선글라스/안경테","","","1","710","799","0.1254","1675","1296","-0.2263","4880","7","635","없음","없음","710","464","504577","높음","0.475","0.525","0.8","81650","184","90","5","0.1667","0","0.4167","0.4167","17","5","1"
"X","러닝안경","패션잡화>선글라스/안경테","X","X","10.95","2170","1245","-0.4263","7182","3260","-0.5461","7634","9","1436","있음","7,8,9,10","23766","10035","87479","높음","0.55","0.45","0.5","19187","29110","8968","1078","0.2222","0.5926","0.0741","0.1111","0","0","0"
"O","실리콘코받침","패션잡화>선글라스/안경테","X","O","69.81","620","572","-0.0774","2048","1643","-0.1978","7154","6","784","없음","없음","43284","3160","2554","높음","1","0","0.275","6950","7842","1875","290","0.037","0.4444","0.4815","0.037","9","9","9"
"O","베디베로안경","패션잡화>선글라스/안경테","O","O","0.73","550","452","-0.1782","1428","854","-0.402","3139","3","633","있음","1,2,3,4,5,6","404","0","266310","높음","1","0","1","112716","8","4","0","0.037","0.4074","0.5556","0","0","0","0"
"X","안경실리콘코받침","패션잡화>선글라스/안경테","X","O","52.03","830","1000","0.2048","2513","2477","-0.0143","9842","5","1031","없음","없음","43189","2987","2717","중간","0.975","0.025","0.325","7158","11644","2000","431","0.037","0.5185","0.4444","0","0","0","0"
"X","까르띠에무테안경","패션잡화>선글라스/안경테","O","O","0.23","1220","1167","-0.0434","3256","3655","0.1225","6917","3","1026","없음","없음","282","245","2091484","중간","0.35","0.65","0.45","1132315","92","40","3","0.7931","0","0.2069","0","0","0","0"
"X","사각안경테","패션잡화>선글라스/안경테","O","O","175.02","590","560","-0.0508","1835","1805","-0.0163","12146","3","1420","없음","없음","103262","24356","103592","높음","1","0","0","20171","1663","493","63","0.1538","0.2308","0.5385","0.0769","0","0","0"
"O","아세테이트안경","패션잡화>선글라스/안경테","X","O","65.28","840","768","-0.0857","2855","2753","-0.0357","11665","3","1097","없음","없음","54831","10865","239710","높음","1","0","0.05","63532","107","30","3","0.1852","0.0741","0.5556","0.1852","2","2","0"
"O","안경집목걸이","패션잡화>선글라스/안경테","X","O","13.64","180","216","0.2","787","7476","8.4994","858","6","180","있음","5,6,9,10","2455","1142","20204","높음","0.675","0.325","0.85","12524","675","175","25","0.0741","0.5556","0.3704","0","0","0","0"
"O","접이식안경테","패션잡화>선글라스/안경테","X","O","117.03","210","0","","494","45","-0.9089","348","9","122","있음","9","24577","4721","67244","높음","0.625","0.375","0.6","25845","842","237","31","0.0741","0.2963","0.4444","0.1852","15","11","3"
"X","남자안경테순위","패션잡화>선글라스/안경테","X","X","250.1","1380","0","","4577","0","","0","","0","없음","없음","345143","150274","79440","중간","1","0","0","33049","17247","5790","638","0.1481","0.5185","0.2963","0.037","15","15","15"
"O","얼굴형에맞는안경","패션잡화>선글라스/안경테","X","O","3.95","5090","4829","-0.0513","17593","16303","-0.0733","99087","3","10447","없음","없음","20082","11894","34052","높음","0.975","0.025","0","34010","590","165","21","0.037","0.2222","0.4074","0.3333","13","7","1"
"O","유이치토야마","패션잡화>선글라스/안경테","O","O","0.94","830","1131","0.3627","2780","3316","0.1928","13481","3","1355","없음","없음","778","91","784224","높음","0.675","0.325","1","763940","1","1","0","0","0","0.8889","0.1111","0","0","0"
"X","자외선차단안경","패션잡화>선글라스/안경테","X","O","102.05","1880","1949","0.0367","6294","6811","0.0821","48070","1","5382","없음","없음","191849","31247","69153","높음","1","0","0","20120","18672","5718","691","0.1852","0.6667","0.0741","0.0741","56","56","28"
"X","구찌썬그라스","패션잡화>선글라스/안경테","O","O","180.66","650","509","-0.2169","2099","1207","-0.425","21968","5","3690","있음","3,4,5,6,7","117432","81359","336268","높음","0.975","0.025","0","380750","3","1","0","1","0","-0.0833","0.0833","0","0","0"
"X","실루엣안경테","패션잡화>선글라스/안경테","O","O","4.82","870","841","-0.0333","2417","2121","-0.1225","8187","2","983","없음","없음","4193","2655","502356","높음","0.1","0.9","0.9","185461","307","158","11","0","0.0741","0.7778","0.1481","14","14","4"
"X","안경트레이","패션잡화>선글라스/안경테","X","X","29.15","540","530","-0.0185","1754","2182","0.244","6270","1","754","없음","없음","15741","5967","11523","높음","0.8","0.2","0.75","13177","5424","1430","200","0.3333","0.2593","0.2963","0.1111","2","2","1"
"O","오클리크로스링크제로","패션잡화>선글라스/안경테","O","O","0.96","640","470","-0.2656","2693","1340","-0.5024","7012","7","1269","있음","6,7,8,9,10","617","153","146013","높음","0.85","0.15","0.525","165362","19","5","0","0","0","0.8889","0.1111","0","0","0"
"X","크롬하츠뿔테","패션잡화>선글라스/안경테","O","O","0.39","640","461","-0.2797","2091","1467","-0.2984","10075","5","1180","없음","없음","252","162","1384424","중간","0.625","0.375","0.15","284362","472","152","17","0.037","0.2222","0.1111","0.6296","56","56","3"
"X","프랭크커스텀","패션잡화>선글라스/안경테","O","O","2.82","1510","1551","0.0272","4964","4583","-0.0768","28439","1","3131","없음","없음","4262","9","211625","높음","1","0","0.325","157622","4","1","0","0","0","1","0","0","0","0"
"O","매틱플락","패션잡화>선글라스/안경테","X","X","0.01","2650","2198","-0.1706","6528","9982","0.5291","7189","10","1244","있음","7,8,10,11,12","30","0","46269","중간","1","0","0","31888","1107","362","35","0","0.2903","0.7097","0","0","0","0"
"X","미러선글라스","패션잡화>선글라스/안경테","X","O","307.8","850","690","-0.1882","6022","3477","-0.4226","28797","5","4684","없음","없음","261631","59954","113853","높음","1","0","0.25","22061","21555","8974","798","0.0741","0.5556","0.3333","0.037","0","0","0"
"O","pxg고글","패션잡화>선글라스/안경테","O","O","1.4","510","436","-0.1451","3172","2108","-0.3354","4411","5","960","있음","5,6,7,8,9","715","4","425907","중간","1","0","0.3","33867","8395","3679","310","0.1852","0.5185","0.2593","0.037","3","3","3"
"O","김종필안경","패션잡화>선글라스/안경테","O","O","2.49","780","768","-0.0154","2402","2709","0.1278","14759","4","2983","있음","4","1944","695","323020","중간","0.975","0.025","0.9","84394","11887","9033","330","0.0556","0.1111","0.6389","0.1944","52","43","7"
"O","나인어코드","패션잡화>선글라스/안경테","O","O","0.27","4620","4466","-0.0333","14371","13508","-0.0601","58595","5","5676","없음","없음","1267","19","204059","높음","1","0","0","45341","187","66","5","0.4412","0","0.5","0.0588","3","3","2"
"O","아이자켓리덕스","패션잡화>선글라스/안경테","O","O","0.94","1240","1150","-0.0726","4793","2967","-0.381","11632","6","1606","없음","없음","1161","128","183360","높음","0.95","0.05","0.3","212692","110","29","3","0","0.1212","0.8788","0","0","0","0"
"O","쿤스트슬랩","패션잡화>선글라스/안경테","O","O","0.18","590","494","-0.1627","738","456","-0.3821","98","1","98","있음","1","104","0","201977","낮음","1","0","0.05","14143","50700","15633","1408","0.5","0.1944","0.2778","0.0278","13","13","13"
"O","크롬하츠무테안경","패션잡화>선글라스/안경테","O","O","0.11","630","777","0.2333","1978","2085","0.0541","12862","4","2108","없음","없음","72","64","877334","높음","0.125","0.875","0.1","31173","688","95","25","0.037","0.4074","0.3333","0.2222","89","56","15"
"O","큰안경테","패션잡화>선글라스/안경테","X","O","54.63","510","536","0.051","1673","1813","0.0837","8424","3","887","없음","없음","27863","16160","27300","높음","1","0","0.075","23806","2284","493","84","0.1481","0.3704","0.4074","0.0741","0","0","0"
"X","시력보호안경","패션잡화>선글라스/안경테","X","O","59.57","1200","1422","0.185","3979","5428","0.3642","32015","3","3337","없음","없음","71482","2182","84296","높음","1","0","0","24626","24965","8918","924","0.1111","0.3333","0.4444","0.1111","106","56","35"
"X","애쉬크로프트긴즈버그","패션잡화>선글라스/안경테","O","O","0.45","860","717","-0.1663","2625","1994","-0.2404","30559","1","3693","없음","없음","385","0","141990","높음","1","0","0.225","54655","2587","304","80","0.2188","0.0625","0.7188","0","0","0","0"
"O","칸예선글라스","패션잡화>선글라스/안경테","X","X","1.25","1500","0","","15125","0","","920","8","429","있음","8,9","1869","685","97478","중간","0.35","0.65","0.15","23044","1185","594","43","0.2593","0.1111","0.0741","0.5556","0","0","0"
"O","수입안경테","패션잡화>선글라스/안경테","X","O","34.41","330","331","0.003","1137","1127","-0.0088","8322","1","922","없음","없음","11355","5723","212544","높음","0.725","0.275","0.625","67255","607","155","22","0","0.2963","0.3333","0.3704","134","65","13"
"X","여자안경테추천","패션잡화>선글라스/안경테","X","O","400.52","930","1073","0.1538","3034","3024","-0.0033","1108","1","1108","있음","1","372481","160273","81127","높음","1","0","0","26614","18958","8917","702","0.1852","0.7037","0","0.1111","122","65","41"
"X","오클리프로그스킨","패션잡화>선글라스/안경테","O","O","4.56","1190","935","-0.2143","5703","2867","-0.4973","38933","5","5918","없음","없음","5426","1244","148382","높음","0.975","0.025","0.8","143866","47","12","1","0","0.0278","0.9444","0.0278","1","1","1"
"X","티타늄선글라스","패션잡화>선글라스/안경테","X","O","107.15","270","210","-0.2222","1724","767","-0.5551","15865","6","3733","있음","4,5,6","28930","12243","223487","높음","0.85","0.15","0.65","51579","698","215","25","0.1852","0.4815","0.1111","0.2222","28","26","5"
"O","미우미우썬글라스","패션잡화>선글라스/안경테","O","O","79.51","440","452","0.0273","1301","1011","-0.2229","5489","6","751","없음","없음","34983","28936","443446","높음","0.375","0.625","0.8","345618","9","1","0","1","0","0","0","0","0","0"
"O","변색렌즈안경","패션잡화>선글라스/안경테","X","O","18.9","930","885","-0.0484","3897","3025","-0.2238","20698","5","3349","없음","없음","17580","3661","62157","높음","1","0","0","27511","5252","2022","194","0.037","0.6667","0.1481","0.1481","26","26","7"
"X","오클리파라코드","패션잡화>선글라스/안경테","O","O","1.49","660","0","","3118","0","","0","","0","없음","없음","986","92","215976","높음","0.825","0.175","0.575","223750","4","1","0","0","0.2222","0.7778","0","0","0","0"
"X","초탄성가벼운안경테","패션잡화>선글라스/안경테","X","X","0.21","800","0","","2282","0","","0","","0","없음","없음","164","32","206659","높음","0.95","0.05","0.325","31282","3475","2018","128","0","0.1111","0.8148","0.0741","121","65","61"
"O","페이커안경","패션잡화>선글라스/안경테","X","O","0.36","650","2643","3.0662","2461","10511","3.271","19192","11","9651","있음","11","235","167","231437","높음","0.875","0.125","0.2","76759","914","212","33","0.0741","0.1852","0.2593","0.4815","0","0","0"
"X","남자썬그라스","패션잡화>선글라스/안경테","X","O","1294.69","580","701","0.2086","2562","2128","-0.1694","14147","6","2099","없음","없음","750919","377304","155972","높음","1","0","0.1","23246","30302","8977","1122","0.1481","0.6296","0.1852","0.037","0","0","0"
"X","도수선글라스","패션잡화>선글라스/안경테","X","O","22.62","1110","829","-0.2532","5827","2836","-0.5133","35868","5","5622","없음","없음","25103","1371","71472","높음","1","0","0.45","22402","1941","655","53","0.0556","0.6944","0.2222","0.0278","0","0","0"
"O","린다페로우안경","패션잡화>선글라스/안경테","O","O","3.78","420","312","-0.2571","1662","1602","-0.0361","6595","2","695","없음","없음","1589","1144","610278","높음","0.625","0.375","0.375","359981","12060","8918","446","0.1481","0.2593","0.1852","0.4074","56","56","5"
"X","마르지엘라선글라스","패션잡화>선글라스/안경테","X","O","1.21","1420","891","-0.3725","9048","2761","-0.6948","162743","3","104408","있음","3","1714","1005","543836","높음","0.3","0.7","0.375","628111","0","0","0","1","0","-0.0278","0.0278","0","0","0"
"X","안경끈","패션잡화>선글라스/안경테","X","O","89.81","530","448","-0.1547","2281","1457","-0.3612","10247","7","1253","없음","없음","47601","6387","4415","높음","1","0","0.9","7128","4830","1802","178","0","0.5556","0.4444","0","0","0","0"
"O","카페인안경테","패션잡화>선글라스/안경테","O","O","1.63","310","555","0.7903","903","1033","0.144","588","8","81","없음","없음","504","1","199361","높음","0.975","0.025","0.4","188862","513","265","19","0.037","0.0741","0.8889","0","0","0","0"
"X","코수술안경","패션잡화>선글라스/안경테","X","X","0.29","760","661","-0.1303","2580","2830","0.0969","16270","1","2122","없음","없음","217","70","70499","높음","0.9","0.1","0.25","90494","3111","2018","88","0.1143","0.7429","0.0857","0.0571","56","56","28"
"O","다비치안경안경테","패션잡화>선글라스/안경테","X","O","1.8","930","964","0.0366","3068","3091","0.0075","11133","3","1130","없음","없음","1671","0","77562","중간","1","0","0","32115","4358","2021","161","0","0.4074","0.4815","0.1111","41","24","14"
"X","선글라스스트랩","패션잡화>선글라스/안경테","X","O","282.59","340","244","-0.2824","2212","1143","-0.4833","10489","6","1660","없음","없음","96080","16318","8246","높음","1","0","0.225","9884","4961","1802","183","0.037","0.6296","0.3333","0","0","0","0"
"O","선글라스코받침","패션잡화>선글라스/안경테","X","O","27.74","800","574","-0.2825","4602","1745","-0.6208","27158","5","4620","있음","4,5,6,7,8","22191","5023","8650","중간","0.975","0.025","0.425","13001","6416","1222","237","0.037","0.7037","0.1111","0.1481","0","0","0"
"O","스펙스몬타나헬레나","패션잡화>선글라스/안경테","O","O","0.04","670","1387","1.0701","2266","2811","0.2405","14403","11","1743","없음","없음","27","0","223687","높음","1","0","0","61168","24","14","2","0.1111","0.1111","0.6667","0.1111","0","0","0"
"X","오클리ev제로","패션잡화>선글라스/안경테","O","O","3.47","1520","1161","-0.2362","5779","3273","-0.4336","17941","5","2141","없음","없음","5271","1454","191106","높음","0.925","0.075","0.525","208509","84","22","3","0","0.2222","0.7778","0","0","0","0"
"X","국산안경테","패션잡화>선글라스/안경테","X","O","43.29","480","407","-0.1521","1708","1586","-0.0714","10268","1","1090","없음","없음","20780","384","33505","높음","1","0","0.125","36087","3693","2019","136","0.037","0.5185","0.4074","0.037","24","24","24"
"X","마우이짐선글라스","패션잡화>선글라스/안경테","O","O","17.35","1160","910","-0.2155","4386","2483","-0.4339","7564","5","1775","있음","5,6,7","20122","14952","326043","중간","0.025","0.975","0.975","261730","273","215","10","0.4615","0.1538","0","0.3846","0","0","0"
"X","몽벨트래킹선글라스","패션잡화>선글라스/안경테","O","O","1.04","900","1057","0.1744","6120","4244","-0.3065","4568","5","1003","있음","4,5,6,9","935","762","94433","중간","0.375","0.625","0.325","195065","11","2","0","0","0","0.3704","0.6296","6","2","0"
"X","안경케이스키링","패션잡화>선글라스/안경테","X","O","20.75","230","46","-0.8","945","530","-0.4392","426","9","174","있음","9,10","4772","784","8356","높음","0.975","0.025","0.375","9723","1147","261","42","0.0741","0.5556","0.2593","0.1111","0","0","0"
"X","오클리사이버제로","패션잡화>선글라스/안경테","O","O","0.88","1070","0","","4056","0","","0","","0","없음","없음","946","16","242254","높음","0.925","0.075","0.4","269633","3","3","0","0","0.037","0.963","0","0","0","0"
"X","오클리퓨어셀","패션잡화>선글라스/안경테","O","O","0.29","770","670","-0.1299","3605","2286","-0.3659","6747","6","923","없음","없음","221","166","245491","중간","0.325","0.675","0.15","177554","118","29","4","0","0.2593","0.7037","0.037","9","9","9"
"X","페레가모선글라스","패션잡화>선글라스/안경테","O","O","35.42","820","880","0.0732","3745","2170","-0.4206","16290","4","2686","없음","없음","29048","15870","401825","높음","0.875","0.125","0","375380","775","594","28","0.9259","0","-0.1111","0.1852","0","0","0"
"X","가네마넨안경","패션잡화>선글라스/안경테","X","O","5.77","850","185","-0.7824","2132","2347","0.1008","672","2","142","있음","2,3,6","4904","145","657677","높음","0.975","0.025","0","34851","1025","405","37","0.1111","0.2963","0.3704","0.2222","59","36","10"
"X","대디오","패션잡화>선글라스/안경테","X","O","0.69","1660","387","-0.7669","7377","3944","-0.4654","23141","10","5986","있음","10","1140","217","154331","높음","0.875","0.125","0.35","106313","10192","1167","377","0.4815","0.1111","0.2222","0.1852","272","220","54"
"X","빅터앤롤프안경","패션잡화>선글라스/안경테","O","O","1.47","760","660","-0.1316","2184","1890","-0.1346","8643","5","1038","없음","없음","1115","55","167571","높음","1","0","0.975","161933","2357","2023","87","0","0.1111","0.8148","0.0741","22","22","11"
"O","뿔테안경코받침","패션잡화>선글라스/안경테","X","O","16.11","780","747","-0.0423","2649","2571","-0.0294","13689","3","1310","없음","없음","12567","986","6097","높음","0.975","0.025","0.375","8593","5390","1214","199","0","0.5926","0.4074","0","0","0","0"
"X","몽벨러닝선글라스","패션잡화>선글라스/안경테","O","X","0.1","1500","0","","3371","3371","0","6","8","6","있음","8","143","121","89217","중간","0.225","0.775","0.175","80098","13835","5491","512","0.2222","0.1481","0.2222","0.4074","6","4","1"
"O","제냐선글라스","패션잡화>선글라스/안경테","O","O","15.28","230","83","-0.6391","1588","413","-0.7399","8896","6","1684","있음","4,5,6,7,8","3514","2649","437167","높음","0.425","0.575","0.725","524166","1","1","0","1","0","0","0","0","0","0"
"O","캣츠아이안경","패션잡화>선글라스/안경테","O","X","20.83","270","273","0.0111","864","822","-0.0486","7018","2","854","없음","없음","5623","1509","132117","높음","0.825","0.175","0.525","32383","194","36","7","0.037","0.3333","0.3333","0.2963","0","0","0"
"O","티타늄반무테","패션잡화>선글라스/안경테","X","O","65.07","210","104","-0.5048","668","1059","0.5853","1248","12","161","없음","없음","13665","3211","152509","중간","1","0","0.3","48714","117","56","4","0","0.1111","0.7037","0.1852","78","56","16"
"O","리에티","패션잡화>선글라스/안경테","O","O","0.57","6370","7191","0.1289","24481","17436","-0.2878","135197","6","17898","없음","없음","3641","283","33547","높음","1","0","0.65","26535","2237","857","62","0.9167","0.0833","0","0","0","0","0"
"O","썬그라스브랜드","패션잡화>선글라스/안경테","X","O","785.56","1030","747","-0.2748","3726","1764","-0.5266","12513","5","1980","없음","없음","809130","395777","169191","높음","1","0","0.05","42113","24550","8977","909","0.0741","0.6296","0.2593","0.037","0","0","0"
"X","아키하루안경테","패션잡화>선글라스/안경테","O","O","0.11","810","795","-0.0185","2880","1664","-0.4222","7340","4","1222","없음","없음","92","0","132925","낮음","1","0","0","35804","4818","2021","178","0.0741","0.5556","0.1481","0.2222","140","56","23"
"X","제니레이벤","패션잡화>선글라스/안경테","X","X","0.04","2580","0","","12704","0","","0","","0","없음","없음","106","50","231951","높음","0.75","0.25","0","219766","15","7","0","0.7429","0.0571","0.2","0","0","0","0"
"O","체인소맨진스안경","패션잡화>선글라스/안경테","","","0.03","290","0","","290","0","","0","","0","없음","없음","8","8","355962","중간","0","1","0","18832","184","68","6","0","0.037","0.3333","0.6296","10","6","1"
"X","트리시클로안경테","패션잡화>선글라스/안경테","O","O","12.71","280","215","-0.2321","745","619","-0.1691","5527","6","579","없음","없음","3560","1","17267","중간","1","0","1","36462","2168","2019","80","0","0.0741","0.8148","0.1111","0","0","0"
"X","레제안경","패션잡화>선글라스/안경테","","","0.72","1240","0","","1324","0","","0","","0","없음","없음","897","174","184025","중간","0.775","0.225","0.325","27020","4270","2038","158","0.2222","0.5556","0.1481","0.0741","1","1","1"
"X","메종마르지엘라안경","패션잡화>선글라스/안경테","O","O","0.07","720","866","0.2028","2644","2376","-0.1014","15602","3","2281","없음","없음","53","27","563470","높음","0.6","0.4","0.125","833391","0","0","0","0.9722","0","0","0.0278","0","0","0"
"O","실리콘안경케이스","패션잡화>선글라스/안경테","X","X","51.15","310","312","0.0065","1509","28","-0.9814","2500","8","1994","있음","8","15855","2830","4175","높음","0.95","0.05","0.775","9216","289","54","10","0","0.4074","0.4074","0.1852","32","31","6"
"X","안경테브랜드","패션잡화>선글라스/안경테","X","O","15.78","1720","1623","-0.0564","5771","5894","0.0213","28263","3","2821","없음","없음","27141","13185","202355","높음","1","0","0.025","38154","3514","2021","130","0.1481","0.4074","0.2593","0.1852","155","56","31"
"X","울프강프록쉐","패션잡화>선글라스/안경테","O","O","1.93","1050","938","-0.1067","3676","3559","-0.0318","16266","1","1987","없음","없음","2031","0","394411","높음","1","0","0.775","249991","9","2","0","0","0","1","0","0","0","0"
"X","대형안경닦이","패션잡화>선글라스/안경테","X","O","3.84","490","582","0.1878","1468","2154","0.4673","1836","2","242","없음","없음","1883","85","5956","높음","1","0","0.45","11333","10043","4580","371","0.2593","0.3333","0.2593","0.1481","0","0","0"
"O","구찌선글라스남성","패션잡화>선글라스/안경테","O","O","0","0","","","","","","0","","0","없음","없음","18002","12114","339061","낮음","0.825","0.175","0","343210","7","5","0","0.9375","0","0.0625","0","0","0","0"
"X","변색렌즈","패션잡화>선글라스/안경테","X","X","14.45","5050","4486","-0.1117","19664","14248","-0.2754","132261","5","20770","없음","없음","72976","11605","52697","높음","1","0","0.025","24211","22258","8965","824","0.1852","0.5185","0.1852","0.1111","0","0","0"
"O","안경다리","패션잡화>선글라스/안경테","X","O","70.34","1000","982","-0.018","3570","2978","-0.1658","17040","7","1590","없음","없음","70337","10908","2198","높음","0.975","0.025","0.5","10804","4017","1275","148","0.037","0.5185","0.1852","0.2593","6","3","1"
"O","여성명품선글라스","패션잡화>선글라스/안경테","X","O","136.14","320","331","0.0344","1277","909","-0.2882","9334","5","1531","없음","없음","43566","6837","308406","높음","1","0","0.05","70819","1240","594","45","0.0741","0.2963","0.6296","0","0","0","0"
"X","선글라스브랜드","패션잡화>선글라스/안경테","X","O","26.39","3470","3174","-0.0853","17076","10585","-0.3801","115820","5","16430","없음","없음","91582","33602","189918","높음","0.975","0.025","0.025","40787","25065","8981","928","0.3333","0.5185","0.1111","0.037","0","0","0"
"O","셀린느트리옹프선글라스","패션잡화>선글라스/안경테","O","O","6.67","1170","950","-0.188","6977","3025","-0.5664","47227","5","7628","없음","없음","7800","4750","520897","높음","0.775","0.225","0.025","217895","2133","594","79","0.5926","0.3333","0.0741","0","0","0","0"
"O","안경고정밴드","패션잡화>선글라스/안경테","X","O","11.68","430","368","-0.1442","1306","225","-0.8277","2280","8","595","있음","7,8","5024","302","1772","중간","1","0","0.75","7551","2999","1275","111","0","0.6296","0.2963","0.0741","27","27","14"
"X","안경천","패션잡화>선글라스/안경테","O","O","20.83","520","544","0.0462","1153","1001","-0.1318","5898","3","611","없음","없음","10832","752","5372","높음","0.975","0.025","0.6","7957","64423","23371","2386","0.4444","0.2963","0.2222","0.037","0","0","0"
"X","안나수이안경테","패션잡화>선글라스/안경테","O","O","0.28","310","240","-0.2258","1292","14265","10.041","5652","2","3307","있음","2","87","6","151268","높음","0.95","0.05","0.175","171528","544","247","20","0","0.1111","0.5926","0.2963","79","35","10"
"O","멀버리선글라스","패션잡화>선글라스/안경테","O","O","3.14","300","251","-0.1633","1312","409","-0.6883","14370","6","2735","있음","4,5,6,7,8","942","126","345545","낮음","0.85","0.15","0.4","78747","3813","854","141","0.4444","0.3704","0.1852","0","0","0","0"
"X","오클리골프선글라스","패션잡화>선글라스/안경테","O","O","14.93","1070","848","-0.2075","4815","2207","-0.5416","35648","6","5230","없음","없음","15971","4485","196637","높음","1","0","0.2","201982","113","24","4","0.0741","0.4444","0.4074","0.0741","0","0","0"
"O","오클리피치맨r","패션잡화>선글라스/안경테","O","O","2.67","400","408","0.02","1556","1160","-0.2545","8256","3","991","없음","없음","1066","248","209047","높음","0.9","0.1","0.475","221343","16","5","0","0","0.037","0.963","0","0","0","0"
"O","적녹색약안경","패션잡화>선글라스/안경테","X","O","0.92","430","365","-0.1512","1111","899","-0.1908","5507","4","601","없음","없음","395","197","34620","높음","0.475","0.525","0.4","20320","1162","255","35","0.0909","0.2424","0.2424","0.4242","232","109","17"
"O","가벼운뿔테","패션잡화>선글라스/안경테","X","O","132.11","450","427","-0.0511","1404","1332","-0.0513","7707","1","969","없음","없음","59451","7914","103232","높음","1","0","0.05","15999","4164","2021","154","0.037","0.7407","0.1852","0.037","56","56","56"
"X","러닝선글라스","패션잡화>선글라스/안경테","X","O","6.07","11760","8340","-0.2908","46732","21989","-0.5295","79939","9","10127","없음","없음","71420","25002","100235","높음","0.975","0.025","0.05","24136","26148","8981","968","0.1852","0.6667","0.1111","0.037","0","0","0"
"X","마르쿠스티","패션잡화>선글라스/안경테","O","O","0","0","","","","","","21637","5","2387","없음","없음","1309","15","698262","낮음","1","0","0.525","570077","35","32","1","0.037","0","0.7407","0.2222","0","0","0"
"O","무인양품안경닦이","패션잡화>선글라스/안경테","O","O","0.08","460","956","1.0783","1940","3213","0.6562","3640","11","527","없음","없음","35","9","11242","높음","0.7429","0.2571","0.1429","12293","65244","23368","2416","0.7407","0.037","0.1111","0.1111","2","2","1"
"X","소다몬선글라스","패션잡화>선글라스/안경테","O","O","7.54","900","785","-0.1278","4955","2921","-0.4105","24924","5","3758","없음","없음","6787","0","71406","높음","1","0","0.125","55765","2014","697","74","0","0.6296","0.3704","0","0","0","0"
"O","캣아이선글라스","패션잡화>선글라스/안경테","O","O","137.91","620","532","-0.1419","3412","1750","-0.4871","21128","5","3541","있음","3,4,5,6,7","85504","52388","120008","높음","0.975","0.025","0.4","20123","1220","289","45","0.3333","0.5926","0.037","0.037","0","0","0"
"O","크롬하츠덕버터","패션잡화>선글라스/안경테","O","O","0.07","820","1843","1.2476","2642","5140","0.9455","12363","11","2403","있음","11,12","57","47","3877048","높음","0.25","0.75","0.2","64659","24079","4376","668","0.3056","0.0556","0.5","0.1389","8976","4376","1795"
"X","마르쿠스티안경","패션잡화>선글라스/안경테","O","O","0.87","950","888","-0.0653","3401","3620","0.0644","9931","5","1292","없음","없음","827","3","675137","높음","0.975","0.025","0.125","341744","3048","2019","112","0.037","0.1852","0.5556","0.2222","78","56","13"
"O","빅사이즈뿔테안경","패션잡화>선글라스/안경테","X","O","85.01","260","354","0.3615","1187","1301","0.096","1072","2","186","있음","1,2,3,5,6,7","22103","5752","74719","높음","1","0","0.025","19686","1795","390","66","0.0741","0.4815","0.4074","0.037","0","0","0"
"X","유니클로안경","패션잡화>선글라스/안경테","O","O","1.14","1020","674","-0.3392","3769","3041","-0.1932","4728","5","879","있음","2,3,5,6,7,8","1165","1088","24737","높음","0.1","0.9","0.55","30387","17611","8913","652","0.1111","0.3333","0.1111","0.4444","13","5","1"
"O","가벼운안경","패션잡화>선글라스/안경테","X","O","214.82","630","693","0.1","2018","1980","-0.0188","11132","1","1186","없음","없음","135334","33486","78833","높음","1","0","0.05","24156","24649","8921","912","0.1481","0.6667","0.1852","0","0","0","0"
"O","모스콧안경","패션잡화>선글라스/안경테","O","O","1.45","1500","1388","-0.0747","6943","6585","-0.0516","36845","2","3748","없음","없음","2169","2010","458299","높음","0.25","0.75","0.8","104207","935","520","34","0.1111","0.1111","0.2593","0.5185","57","56","4"
"O","발렌시아가안경","패션잡화>선글라스/안경테","O","O","25.54","580","540","-0.069","2071","1812","-0.1251","8902","3","1242","없음","없음","14812","4128","588594","높음","0.15","0.85","0.075","178961","102","40","6","0.75","0","0.25","0","0","0","0"
"X","보잉안경","패션잡화>선글라스/안경테","X","O","25.12","550","545","-0.0091","1810","3686","1.0365","9588","3","1205","없음","없음","13815","2829","183847","높음","0.975","0.025","0.05","21408","1867","884","69","0.1481","0.3704","0.3704","0.1111","1","1","0"
"O","브이쿨선글라스","패션잡화>선글라스/안경테","O","O","4.87","660","457","-0.3076","3250","1378","-0.576","19690","5","2654","없음","없음","3216","0","147084","높음","1","0","0.125","102340","1399","656","51","0.0741","0.1852","0.6296","0.1111","0","0","0"
"O","빅사이즈뿔테","패션잡화>선글라스/안경테","X","O","115.85","330","1482","3.4909","933","2936","2.1468","8043","11","2752","있음","11","38230","6907","84482","높음","1","0","0","24504","1690","361","62","0","0.6296","0.2222","0.1481","0","0","0"
"O","시슬리안경테","패션잡화>선글라스/안경테","O","O","2.42","470","410","-0.1277","1634","1477","-0.0961","8718","1","896","없음","없음","1137","5","122670","높음","0.9","0.1","0.175","92955","170","90","6","0.037","0.037","0.8519","0.0741","24","24","12"
"X","크롬하츠뿔테안경","패션잡화>선글라스/안경테","O","O","0.37","460","723","0.5717","1518","2931","0.9308","4086","11","778","있음","6,7,10,11,12","168","126","1376038","높음","0.525","0.475","0.125","27297","1044","153","38","0.037","0.4444","0.3704","0.1481","71","56","18"
"O","보넨노이슈어2","패션잡화>선글라스/안경테","X","O","0.12","630","763","0.2111","2352","2707","0.1509","10604","10","1364","없음","없음","75","28","2700946","높음","0.85","0.15","0.275","332794","12","7","2","0.6","0","0.4","0","0","0","0"
"O","빅사이즈선글라스","패션잡화>선글라스/안경테","X","O","159.02","390","393","0.0077","2120","1560","-0.2642","14669","4","2175","없음","없음","62018","5708","104724","높음","1","0","0.25","19626","8348","5362","309","0.0741","0.4444","0.4444","0.037","1","1","1"
"O","쓰리치얼스안경","패션잡화>선글라스/안경테","","","0.01","1180","0","","5244","0","","0","","0","없음","없음","11","0","80529","중간","1","0","0.1818","49319","269","88","9","0","0.1111","0.5185","0.3704","5","2","1"
"O","빅사이즈선글라스남성","패션잡화>선글라스/안경테","X","X","125.8","240","0","","1399","0","","0","","0","없음","없음","30191","2102","120424","중간","1","0","0.025","22481","20758","8969","768","0.0741","0.4815","0.4074","0.037","1","1","1"
"O","아프리카안경","패션잡화>선글라스/안경테","X","O","0.67","2640","2689","0.0186","8726","7797","-0.1065","37425","4","3940","없음","없음","1758","77","309632","중간","1","0","0","47386","851","359","31","0.0741","0.1481","0.7407","0.037","0","0","0"
"X","오클리사이버다이노","패션잡화>선글라스/안경테","O","O","0.69","1080","0","","4033","0","","0","","0","없음","없음","743","17","247236","높음","0.9","0.1","0.375","251107","86","85","3","0","0.1852","0.8148","0","0","0","0"
"O","안경다리고무","패션잡화>선글라스/안경테","X","O","92.46","260","271","0.0423","1240","1224","-0.0129","1759","7","201","없음","없음","24039","1313","606","높음","1","0","0.75","5325","3274","1275","121","0.037","0.4074","0.5556","0","0","0","0"
"O","자동조절노안안경","패션잡화>선글라스/안경테","X","O","1.39","140","0","","140","0","","0","","0","없음","없음","194","112","26931","높음","0.55","0.45","0.25","21251","495","100","26","0.0526","0.2632","0.2105","0.4737","56","29","6"
"X","권정열안경","패션잡화>선글라스/안경테","X","X","1.5","500","376","-0.248","2355","1501","-0.3626","13588","6","3377","있음","6","752","613","186172","높음","0.625","0.375","0.1","84303","343","236","12","0.037","0.037","0.2963","0.6296","52","26","3"
