"신규진입 키워드","키워드","카테고리","브랜드 키워드","쇼핑성 키워드","경쟁률","최근 1개월 검색량","예상 1개월 검색량","예상1개월 검색량 상승률","최근 3개월 검색량","예상 3개월 검색량","예상3개월 검색량 상승률","작년 검색량","작년 최대검색 월","작년최대 검색월 검색량","계절성","계절성 월","네이버 상품수","네이버 해외 상품수","네이버 평균가","네이버 경쟁강도","네이버 일반배송비율","네이버 해외배송비율","네이버 묶음상품비율","쿠팡 평균가","쿠팡 총리뷰수","쿠팡 최대리뷰수","쿠팡 평균리뷰수","쿠팡 로켓배송비율","쿠팡 판매자로켓 배송비율","쿠팡 일반배송비율","쿠팡 해외배송비율","쿠팡 해외배송 총리뷰수","쿠팡 해외배송 최대리뷰수","쿠팡 해외배송 평균리뷰수"
"X","중문","가구/인테리어>DIY자재/용품","X","O","10.36","42890","45352","0.0574","131734","151863","0.1528","621531","4","64128","없음","없음","444204","155948","727455","높음","0.975","0.025","0.075","177271","7362","3299","272","0.1111","0.1111","0.4074","0.3704","1840","553","184"
"X","템바보드","가구/인테리어>DIY자재/용품","X","O","5.18","29130","33025","0.1337","96652","130648","0.3517","459656","1","53441","없음","없음","150801","33299","30224","높음","1","0","0.175","28274","2981","465","110","0.1111","0.4815","0.3704","0.037","0","0","0"
"X","장판","가구/인테리어>DIY자재/용품","X","O","21.03","32060","31514","-0.017","97555","91261","-0.0645","471254","3","44988","없음","없음","674097","193096","56004","높음","1","0","0.175","42214","11538","2124","427","0.2222","0.1852","0.4444","0.1481","0","0","0"
"X","방문손잡이","가구/인테리어>DIY자재/용품","X","O","12.32","36980","37889","0.0246","114269","118061","0.0332","387484","8","36805","없음","없음","455619","61966","16947","높음","1","0","0.025","13744","54117","19649","2004","0.4815","0.1111","0.3333","0.0741","0","0","0"
"X","싱크대","가구/인테리어>DIY자재/용품","X","O","114.7","41740","40240","-0.0359","139398","126080","-0.0955","612844","7","56292","없음","없음","4787772","911785","507138","높음","1","0","0.075","120005","1120","141","41","0","0.1852","0.5926","0.2222","22","13","4"
"X","무타공중문","가구/인테리어>DIY자재/용품","X","O","1.95","17890","23225","0.2982","67108","166286","1.4779","27232","12","4883","있음","10,11,12","34906","16522","53603","중간","0.8","0.2","0.8","67251","5252","1103","187","0.1429","0.1429","0.3571","0.3571","2104","548","210"
"X","데코타일","가구/인테리어>DIY자재/용품","X","O","4.8","42200","41717","-0.0114","144117","144923","0.0056","768593","5","69549","없음","없음","202763","56129","22995","높음","1","0","0.175","24178","21781","7379","806","0.2222","0.4815","0.2222","0.0741","6","5","3"
"X","화장실리모델링","가구/인테리어>DIY자재/용품","X","X","2.33","26470","24632","-0.0694","82920","61684","-0.2561","356448","3","34667","없음","없음","61690","24014","2168200","높음","1","0","0","866246","12128","4935","449","0","0.3704","0.3704","0.2593","2","2","0"
"X","슬라이딩도어","가구/인테리어>DIY자재/용품","X","O","26.06","19030","20755","0.0906","57516","59717","0.0383","226118","1","22000","없음","없음","496001","160438","80842","높음","0.975","0.025","0.275","84648","2478","546","91","0.037","0.037","0.5926","0.3333","1357","546","151"
"X","싱크볼","가구/인테리어>DIY자재/용품","X","O","7.93","17140","15929","-0.0707","55166","48126","-0.1276","210562","8","20255","없음","없음","135948","54645","466235","높음","1","0","0.025","138263","12071","7202","447","0.1481","0.3704","0.2222","0.2593","55","38","8"
"X","욕실리모델링","가구/인테리어>DIY자재/용품","X","O","5.01","18930","16190","-0.1447","60211","43547","-0.2768","257336","3","27656","없음","없음","94875","32180","2160225","높음","1","0","0.025","619787","12396","4934","459","0","0.5926","0.2593","0.1481","67","67","17"
"X","샌드위치판넬","가구/인테리어>DIY자재/용품","X","O","1.86","14420","14862","0.0307","44713","44937","0.005","223912","5","21471","없음","없음","26889","10888","16722","높음","0.925","0.075","0.225","29625","124","98","3","0","0","0.4444","0.5556","0","0","0"
"X","방음부스","가구/인테리어>DIY자재/용품","X","O","7.7","13710","15586","0.1368","39990","47010","0.1755","220884","1","24581","없음","없음","105633","58755","1728757","높음","0.925","0.075","0.35","164727","1053","243","39","0","0.2963","0.1852","0.5185","11","11","1"
"X","단열벽지","가구/인테리어>DIY자재/용품","X","O","12.81","12280","15086","0.2285","29980","55529","0.8522","195748","1","25824","없음","없음","157297","40903","38221","높음","1","0","0.3","41943","37819","5034","1400","0.5185","0.2222","0.1852","0.0741","0","0","0"
"X","압축봉","가구/인테리어>DIY자재/용품","X","O","25.76","11120","14124","0.2701","32885","42300","0.2863","225098","1","26328","없음","없음","286502","74417","6938","높음","1","0","0.65","10668","156890","43049","5810","0.6667","0.1481","0.1852","0","0","0","0"
"X","씽크대","가구/인테리어>DIY자재/용품","X","O","217.31","22230","20099","-0.0959","72426","57555","-0.2053","371102","3","39264","없음","없음","4830779","914746","547948","높음","1","0","0.1","108912","1316","141","48","0","0.1852","0.6667","0.1481","0","0","0"
"X","벽돌","가구/인테리어>DIY자재/용품","X","O","48.89","12860","12886","0.002","41722","35337","-0.153","219607","4","23059","없음","없음","628760","260378","10510","높음","1","0","0.2","10254","8349","979","309","0.7778","0.0741","0","0.1481","0","0","0"
"X","3연동중문","가구/인테리어>DIY자재/용품","X","O","0.55","16890","17913","0.0606","52212","61495","0.1778","207881","1","20582","없음","없음","9230","1009","817381","높음","1","0","0.125","499444","382","101","14","0","0","0.8519","0.1481","44","44","11"
"X","합판","가구/인테리어>DIY자재/용품","X","O","16.76","20120","20429","0.0154","69857","119780","0.7146","393769","12","76011","있음","12","337253","93248","6707","높음","1","0","0.35","17276","3019","723","111","0.2593","0","0.7407","0","0","0","0"
"X","도어스토퍼","가구/인테리어>DIY자재/용품","X","O","17.68","25570","25473","-0.0038","80412","82085","0.0208","380286","7","38474","없음","없음","452100","53407","12589","높음","1","0","0.1","10611","37636","11638","1393","0.4444","0.3333","0.2222","0","0","0","0"
"X","방부목","가구/인테리어>DIY자재/용품","X","O","27.98","11210","9418","-0.1599","35280","25397","-0.2801","197605","4","24250","없음","없음","313686","146435","8419","높음","0.975","0.025","0.55","30248","736","91","27","0","0","0.8519","0.1481","0","0","0"
"X","시트지","가구/인테리어>DIY자재/용품","X","O","116.7","24710","26923","0.0896","84480","80859","-0.0429","490878","3","48268","없음","없음","2883745","539912","8897","높음","1","0","0.35","12161","46647","8093","1727","0.6296","0.2222","0.1481","0","0","0","0"
"X","방화문","가구/인테리어>DIY자재/용품","X","O","15.36","12930","14172","0.0961","44152","46199","0.0464","199151","3","18209","없음","없음","198625","38303","246413","높음","1","0","0.125","200833","2972","1192","102","0","0.1034","0.4828","0.4138","0","0","0"
"X","철망","가구/인테리어>DIY자재/용품","X","O","90.56","6790","6862","0.0106","22462","19739","-0.1212","119591","5","12868","없음","없음","614903","213743","18785","높음","0.975","0.025","0.7","21318","7035","1717","260","0.1481","0.1111","0.5185","0.2222","7","4","1"
"X","인조잔디","가구/인테리어>DIY자재/용품","X","O","19.44","24800","25755","0.0385","82625","86871","0.0514","402140","4","48679","없음","없음","482141","148208","50114","높음","1","0","0.175","59192","4450","817","164","0.0741","0.4074","0.2593","0.2593","14","11","2"
"X","현관매트","가구/인테리어>DIY자재/용품","X","O","77.02","12320","15426","0.2521","39755","70715","0.7788","281576","12","39368","없음","없음","948907","227941","10757","높음","1","0","0.125","23711","5910","1437","218","0.1852","0.4074","0.2963","0.1111","0","0","0"
"X","현관문","가구/인테리어>DIY자재/용품","X","O","108.8","14330","15291","0.0671","44753","42460","-0.0512","243122","5","23567","없음","없음","1559143","283583","77047","높음","0.975","0.025","0.55","149739","10793","4042","399","0.0741","0.1852","0.3333","0.4074","32","32","3"
"X","타일","가구/인테리어>DIY자재/용품","X","O","194.26","18180","18158","-0.0012","60216","54998","-0.0867","323518","3","29880","없음","없음","3531645","1153188","24321","높음","1","0","0.15","20548","14337","7374","531","0.2593","0.1481","0.4444","0.1481","0","0","0"
"X","벽지","가구/인테리어>DIY자재/용품","X","O","51.97","25090","24528","-0.0224","82662","74741","-0.0958","362921","1","36595","없음","없음","1303841","410478","29672","높음","1","0","0.175","21610","35832","10027","1327","0.3333","0.2963","0.3333","0.037","0","0","0"
"X","폴딩도어","가구/인테리어>DIY자재/용품","X","O","23.88","14110","13960","-0.0106","46497","41677","-0.1037","242433","5","22540","없음","없음","336910","132801","178420","높음","0.95","0.05","0.425","126915","2965","548","82","0.0556","0","0.4444","0.5","2095","548","116"
"X","가구손잡이","가구/인테리어>DIY자재/용품","X","O","177.15","8180","10033","0.2265","26580","38665","0.4547","124378","11","15058","없음","없음","1449049","272054","5389","높음","1","0","0.075","7523","5445","807","201","0.3704","0.2593","0.3704","0","0","0","0"
"X","문고리","가구/인테리어>DIY자재/용품","O","O","22.36","20870","21709","0.0402","68627","64600","-0.0587","326811","8","30145","없음","없음","466658","38419","15256","높음","1","0","0.075","13221","53987","19624","1999","0.6296","0.1481","0.2222","0","0","0","0"
"X","현관중문","가구/인테리어>DIY자재/용품","X","O","10.17","13810","13931","0.0088","40033","49319","0.232","205288","1","21156","없음","없음","140443","43999","875145","높음","0.975","0.025","0.025","460077","9773","5358","361","0.0741","0","0.7778","0.1481","765","477","191"
"X","창문시트지","가구/인테리어>DIY자재/용품","X","O","26.99","10820","12666","0.1706","38192","41138","0.0771","186452","3","17833","없음","없음","291980","56416","9387","높음","1","0","0.025","16464","42130","8131","1560","0.4444","0.2963","0.1111","0.1481","73","73","18"
"X","문손잡이","가구/인테리어>DIY자재/용품","X","O","50.76","19040","19921","0.0463","57933","56050","-0.0325","207242","8","19672","없음","없음","966504","187154","13847","높음","1","0","0","12445","57135","19625","2116","0.4444","0.1111","0.3704","0.0741","0","0","0"
"X","강마루","가구/인테리어>DIY자재/용품","X","O","1.5","15760","15107","-0.0414","51333","45699","-0.1098","238583","7","21816","없음","없음","23635","4431","171966","높음","0.975","0.025","0.375","53592","2386","817","88","0.037","0.0741","0.7778","0.1111","0","0","0"
"X","백조사각싱크볼","가구/인테리어>DIY자재/용품","O","O","0.35","15150","15251","0.0067","47259","74479","0.576","57334","10","8984","없음","없음","5323","775","360972","높음","1","0","0","230217","182","42","6","0.1111","0.1852","0.4815","0.2222","16","15","3"
"X","씽크볼","가구/인테리어>DIY자재/용품","X","O","12.43","7610","7029","-0.0763","22633","19001","-0.1605","92629","9","8808","없음","없음","94578","37408","301875","높음","1","0","0","150691","3328","3006","123","0.1111","0.3704","0.2593","0.2593","71","55","10"
"X","걸레받이","가구/인테리어>DIY자재/용품","X","O","9.86","12770","12070","-0.0548","42542","38207","-0.1019","208894","10","19666","없음","없음","125910","58222","8032","높음","0.975","0.025","0.45","17050","7984","3907","295","0.1852","0.1852","0.6296","0","0","0","0"
"X","걸레받이몰딩","가구/인테리어>DIY자재/용품","X","O","10.13","8220","8235","0.0018","25932","25581","-0.0135","101407","3","9728","없음","없음","83269","32407","7778","높음","1","0","0.375","19828","8103","3894","300","0.1481","0.1111","0.6296","0.1111","0","0","0"
"X","화장실인테리어","가구/인테리어>DIY자재/용품","X","O","157.89","11910","11487","-0.0355","36508","32711","-0.104","121607","8","11914","없음","없음","1880529","388461","2164450","높음","1","0","0","11045","40489","7695","1499","0.3704","0.4074","0.0741","0.1481","0","0","0"
"X","터닝도어","가구/인테리어>DIY자재/용품","X","O","0.65","10890","10427","-0.0425","36297","37644","0.0371","157403","10","14882","없음","없음","7087","3553","373833","높음","0.65","0.35","0.4","283826","173","65","5","0","0","0.5938","0.4063","0","0","0"
"X","타일카페트","가구/인테리어>DIY자재/용품","X","O","16.04","6930","6673","-0.0371","18113","21479","0.1858","182791","1","24194","없음","없음","111126","40990","18633","높음","1","0","0.225","36666","3223","835","119","0.2222","0.5185","0.2222","0.037","0","0","0"
"X","한샘싱크대","가구/인테리어>DIY자재/용품","O","O","0.54","12860","11935","-0.0719","41094","32132","-0.2181","159529","8","15508","없음","없음","6898","23","2766666","높음","1","0","1","1775761","4632","3691","144","0.0625","0.1563","0.5313","0.25","1","1","0"
"X","강화마루","가구/인테리어>DIY자재/용품","X","O","2.22","9070","8801","-0.0297","30020","27902","-0.0706","139468","3","12874","없음","없음","20136","4528","55497","높음","0.925","0.075","0.175","65518","2421","619","89","0.0741","0","0.7778","0.1481","0","0","0"
"X","전기판넬","가구/인테리어>DIY자재/용품","X","O","99.14","8840","11664","0.3195","26627","58915","1.2126","111738","12","20382","있음","1,10,11,12","876369","272387","61184","높음","1","0","0.1","73809","2649","207","98","0","0","0.8519","0.1481","0","0","0"
"X","무타공슬라이딩도어","가구/인테리어>DIY자재/용품","X","O","4.86","4870","5285","0.0852","11403","25325","1.2209","4341","5","2408","있음","5","23687","11531","56272","중간","0.75","0.25","0.775","51586","8438","5642","272","0.0968","0.1613","0.2903","0.4516","1871","553","134"
"X","경첩","가구/인테리어>DIY자재/용품","X","O","100","18180","18946","0.0421","62546","60088","-0.0393","312223","3","39388","없음","없음","1818063","401885","5420","높음","1","0","0.375","5580","4597","1753","170","0.3333","0.1111","0.5556","0","0","0","0"
"X","골드폭스보드","가구/인테리어>DIY자재/용품","X","O","0.06","4220","4322","0.0242","12508","23665","0.892","39428","12","5410","없음","없음","251","82","244375","높음","0.825","0.175","0.175","63882","51","10","1","0","0","0.697","0.303","0","0","0"
"X","테이블다리","가구/인테리어>DIY자재/용품","X","O","173.45","3500","3546","0.0131","11393","12551","0.1016","72199","3","7034","없음","없음","607073","228383","12352","높음","1","0","0.375","28389","6997","2142","259","0.1852","0.2222","0.4815","0.1111","0","0","0"
"X","방문교체","가구/인테리어>DIY자재/용품","X","O","14.68","9550","9136","-0.0434","30502","28706","-0.0589","133965","3","12254","없음","없음","140195","20397","162664","높음","0.975","0.025","0.075","117226","8483","3349","314","0.1481","0","0.5185","0.3333","13","9","1"
"X","몰딩","가구/인테리어>DIY자재/용품","X","X","243.47","14800","14167","-0.0428","51395","47883","-0.0683","249786","3","23699","없음","없음","3603410","1030717","8792","높음","1","0","0.2","8025","21775","5894","806","0.3704","0.4074","0.2222","0","0","0","0"
"X","포세린타일","가구/인테리어>DIY자재/용품","X","O","2.64","17730","17171","-0.0315","59381","50976","-0.1415","295840","7","28933","없음","없음","46784","3215","57888","높음","1","0","0.05","28571","677","217","25","0.1481","0.037","0.7037","0.1111","0","0","0"
"X","실크벽지","가구/인테리어>DIY자재/용품","X","O","12.74","11900","11768","-0.0111","37059","33616","-0.0929","179075","1","17082","없음","없음","151589","33531","30167","높음","1","0","0.175","31531","24059","10027","891","0.4074","0.2222","0.3704","0","0","0","0"
"X","도무스손잡이","가구/인테리어>DIY자재/용품","O","O","1.41","13730","14125","0.0288","45129","46413","0.0285","126489","8","12896","없음","없음","19418","199","35841","높음","1","0","0.1","36721","23152","19617","643","0.1389","0","0.75","0.1111","0","0","0"
"X","합성데크","가구/인테리어>DIY자재/용품","X","O","0.79","9640","8856","-0.0813","32513","25625","-0.2119","110220","5","12743","없음","없음","7625","3253","18346","높음","1","0","0.15","28238","12400","7379","459","0.1111","0.0741","0.6667","0.1481","0","0","0"
"X","석고보드","가구/인테리어>DIY자재/용품","X","O","22.79","13540","13053","-0.036","43733","37600","-0.1402","206493","3","19030","없음","없음","308564","109863","16772","높음","0.95","0.05","0.7","19989","7264","5027","269","0.1111","0.0741","0.6667","0.1481","0","0","0"
"X","원슬라이딩중문","가구/인테리어>DIY자재/용품","X","O","1.12","5140","5824","0.1331","14774","19978","0.3522","61760","2","7746","없음","없음","5767","1537","1034407","높음","1","0","0.075","419855","312","243","11","0","0","0.8519","0.1481","243","243","61"
"X","타일시트지","가구/인테리어>DIY자재/용품","X","O","76.28","4210","4315","0.0249","11200","10577","-0.0556","48030","5","4597","없음","없음","321123","77567","6922","높음","0.975","0.025","0.475","16575","5261","1413","194","0.037","0.8148","0.037","0.1111","0","0","0"
"X","방음재","가구/인테리어>DIY자재/용품","X","O","24.61","6310","7465","0.183","19087","27372","0.4341","153735","3","16125","없음","없음","155284","69446","32615","높음","1","0","0.375","21445","5282","1574","195","0.1481","0.3333","0.4815","0.037","0","0","0"
"X","현관코일매트","가구/인테리어>DIY자재/용품","X","O","27.06","4100","6170","0.5049","11426","17157","0.5016","95116","11","12188","없음","없음","110964","23000","12741","높음","1","0","0.15","29466","12030","5763","445","0.1111","0.3704","0.2963","0.2222","109","42","18"
"X","싱크볼교체","가구/인테리어>DIY자재/용품","X","O","4.32","7270","6705","-0.0777","23586","20709","-0.122","95338","1","9399","없음","없음","31399","12839","441762","높음","1","0","0","170993","3324","2099","123","0.1852","0.2222","0.3333","0.2593","54","38","8"
"X","셀프장판","가구/인테리어>DIY자재/용품","X","O","4.54","8540","8302","-0.0279","27032","25310","-0.0637","134332","3","12881","없음","없음","38776","17068","54798","높음","1","0","0.15","48179","16895","2126","625","0.2593","0.2963","0.3704","0.0741","0","0","0"
"X","abs도어","가구/인테리어>DIY자재/용품","O","O","12.51","7150","7125","-0.0035","22691","20767","-0.0848","104625","3","9718","없음","없음","89442","39020","203627","높음","1","0","0.075","130882","20561","19617","623","0.0606","0","0.4545","0.4848","40","28","3"
"X","미닫이문","가구/인테리어>DIY자재/용품","X","X","38.22","9090","9742","0.0717","29326","30248","0.0314","143016","1","13469","없음","없음","347427","70820","56721","높음","0.95","0.05","0.35","58062","2621","551","97","0.037","0","0.4815","0.4815","1855","551","143"
"X","경첩렌치","가구/인테리어>DIY자재/용품","X","O","6.07","2920","0","","11893","0","","6","11","6","있음","11","17736","5780","13911","중간","0.975","0.025","0.85","17601","298","55","10","0","0.1429","0.5","0.3571","65","43","7"
"X","아트월","가구/인테리어>DIY자재/용품","X","O","9.61","10340","10279","-0.0059","34001","31723","-0.067","148066","1","14913","없음","없음","99387","40104","43745","높음","0.95","0.05","0.55","57886","7613","1418","281","0.1481","0.5185","0.2593","0.0741","0","0","0"
"X","전선몰딩","가구/인테리어>DIY자재/용품","X","O","26.92","5040","5369","0.0653","17774","17921","0.0083","92555","4","8577","없음","없음","135687","19271","3102","높음","1","0","0.5","8597","20163","5897","746","0.3333","0.4074","0.2593","0","0","0","0"
"X","붙이는벽지","가구/인테리어>DIY자재/용품","X","O","16.21","8180","9832","0.202","24198","30529","0.2616","107911","2","11313","없음","없음","132627","42178","30780","높음","1","0","0.1","13813","37322","10032","1382","0.3333","0.3333","0.3333","0","0","0","0"
"O","붙이는문","가구/인테리어>DIY자재/용품","X","O","11.43","6300","0","","6300","0","","0","","0","없음","없음","72031","6215","30417","중간","0.9","0.1","0.45","28272","7731","3366","257","0.0667","0.1333","0.6667","0.1333","913","698","228"
"X","영림도어","가구/인테리어>DIY자재/용품","O","O","0.22","15130","14538","-0.0391","50746","47893","-0.0562","224314","10","21070","없음","없음","3306","55","41873","높음","1","0","0.05","151548","21158","19618","682","0.0323","0","0.8065","0.1613","8","8","2"
"X","인조대리석상판","가구/인테리어>DIY자재/용품","X","O","11.76","2190","2148","-0.0192","7294","6603","-0.0947","47467","3","4777","없음","없음","25751","4413","116141","높음","0.6","0.4","0.875","221328","922","241","34","0.037","0","0.5926","0.3704","171","94","17"
"X","호야온돌","가구/인테리어>DIY자재/용품","O","O","0.02","5410","5934","0.0969","12392","42101","2.3974","107728","12","22072","있음","3,11,12","98","0","391697","중간","1","0","0.1","517850","1993","843","55","0.0278","0","0.9722","0","0","0","0"
"X","주방싱크대","가구/인테리어>DIY자재/용품","X","O","364.17","8610","7940","-0.0778","25643","22794","-0.1111","95391","3","10825","없음","없음","3135510","622899","696661","높음","1","0","0.075","245550","4195","2973","155","0","0.2593","0.5926","0.1481","0","0","0"
"X","책상다리","가구/인테리어>DIY자재/용품","X","O","137.48","2720","2765","0.0165","8745","9114","0.0422","58564","1","6578","없음","없음","373947","135082","11639","높음","1","0","0.275","26365","4571","2142","169","0.1481","0.1481","0.6296","0.0741","0","0","0"
"X","바퀴","가구/인테리어>DIY자재/용품","X","X","654.39","9180","9132","-0.0052","31360","25101","-0.1996","155916","6","14666","없음","없음","6007265","2068086","5256","높음","1","0","0.65","9065","111478","44274","3096","0.3889","0.3889","0.2222","0","0","0","0"
"X","데크타일","가구/인테리어>DIY자재/용품","X","O","6.59","6110","5511","-0.098","21274","22305","0.0485","91901","10","10667","없음","없음","40271","9784","17605","높음","1","0","0.375","25018","41709","7378","1544","0.8519","0.0741","0.037","0.037","0","0","0"
"X","인테리어필름","가구/인테리어>DIY자재/용품","X","O","62.53","13560","13052","-0.0375","44172","39461","-0.1067","243813","1","23797","없음","없음","847960","211696","12737","높음","1","0","0.05","14375","46513","13499","1722","0.6667","0.2222","0.1111","0","0","0","0"
"X","방문","가구/인테리어>DIY자재/용품","X","X","118.16","17140","17854","0.0417","54225","52963","-0.0233","235116","5","21868","없음","없음","2025300","194830","77413","높음","1","0","0.075","91276","25874","19617","784","0.1515","0.1212","0.3939","0.3333","40","28","4"
"X","스펀지","가구/인테리어>DIY자재/용품","X","O","320.9","8060","8358","0.037","26820","24511","-0.0861","138985","1","12874","없음","없음","2586422","704753","4074","높음","1","0","0.425","6594","72647","30163","2690","0.5556","0.037","0.3704","0.037","0","0","0"
"X","각목","가구/인테리어>DIY자재/용품","X","O","3.84","4850","5029","0.0369","15833","16098","0.0167","77485","10","7481","없음","없음","18600","5746","4355","높음","0.9","0.1","0.825","61106","1332","290","49","0","0.037","0.8148","0.1481","0","0","0"
"X","다루끼","가구/인테리어>DIY자재/용품","X","O","0.6","5350","5558","0.0389","17701","16946","-0.0427","84176","10","7946","없음","없음","3232","864","8540","높음","0.925","0.075","0.725","26809","798","122","29","0","0.037","0.8519","0.1111","0","0","0"
"X","몰딩시트지","가구/인테리어>DIY자재/용품","X","O","28.76","4320","4283","-0.0086","10869","10034","-0.0768","60992","1","6430","없음","없음","124240","10555","4305","높음","1","0","0.325","10788","40141","3893","1486","0.5556","0.2222","0.2222","0","0","0","0"
"X","옷걸이봉","가구/인테리어>DIY자재/용품","X","O","40.92","7740","9323","0.2045","20229","28147","0.3914","125400","1","13779","없음","없음","316713","37034","8275","높음","1","0","0.45","18017","27605","6617","1022","0.2593","0.4074","0.2222","0.1111","0","0","0"
"X","모자이크타일","가구/인테리어>DIY자재/용품","X","O","26.19","4360","4422","0.0142","15433","13869","-0.1013","74776","5","7767","없음","없음","114182","30816","22285","높음","1","0","0.075","22217","843","246","31","0.3704","0.0741","0.4444","0.1111","0","0","0"
"X","싱크대손잡이","가구/인테리어>DIY자재/용품","X","O","80.05","3640","3510","-0.0357","12364","11899","-0.0376","59540","10","5513","없음","없음","291369","22515","3895","높음","1","0","0.1","7619","4781","807","177","0.6296","0.0741","0.2963","0","0","0","0"
"X","판넬","가구/인테리어>DIY자재/용품","X","X","349.49","15360","16312","0.062","48153","43310","-0.1006","252881","5","23886","없음","없음","5368185","2185364","29381","높음","1","0","0.25","25825","1961","613","54","0.0278","0.1389","0.6667","0.1667","33","33","6"
"X","틱택타일","가구/인테리어>DIY자재/용품","X","O","0.31","5260","3747","-0.2876","10954","25127","1.2939","48324","4","8667","있음","4,7,8,10,11,12","1638","1063","14494","중간","0.85","0.15","0.65","26040","3666","1418","135","0","0.3704","0.3704","0.2593","0","0","0"
"X","손잡이","가구/인테리어>DIY자재/용품","X","O","1485.8","8130","8667","0.0661","28933","26765","-0.0749","143562","7","13131","없음","없음","12079547","2763620","13944","높음","1","0","0.025","8871","39769","19649","1472","0.6296","0.3333","0.037","0","0","0","0"
"X","풀바른벽지","가구/인테리어>DIY자재/용품","O","O","2.74","9760","9717","-0.0044","30435","30179","-0.0084","164942","1","16351","없음","없음","26761","3976","10823","높음","1","0","0.075","13839","21330","10027","790","0.2963","0.1111","0.5556","0.037","0","0","0"
"X","mdf합판","가구/인테리어>DIY자재/용품","O","O","4.08","8330","8862","0.0639","27340","27872","0.0195","123074","3","11588","없음","없음","34013","3109","5279","높음","1","0","0.225","14324","1882","549","69","0.2222","0.1852","0.5556","0.037","94","94","94"
"X","폼블럭벽지","가구/인테리어>DIY자재/용품","X","O","12.59","3780","3645","-0.0357","11080","11621","0.0488","61851","1","6697","없음","없음","47597","9812","26369","높음","1","0","0.25","37675","25821","5035","956","0.3704","0.4074","0.1481","0.0741","0","0","0"
"X","폼블럭","가구/인테리어>DIY자재/용품","X","O","30.83","4360","4707","0.0796","14213","13895","-0.0224","79214","1","8685","없음","없음","134439","34322","27988","높음","1","0","0.55","31725","23408","5018","866","0.4074","0.4444","0.1111","0.037","0","0","0"
"X","말발굽","가구/인테리어>DIY자재/용품","X","O","12.56","7370","7332","-0.0052","24683","22250","-0.0986","141525","9","13866","없음","없음","92542","9597","17037","높음","1","0","0.35","10718","40130","11642","1486","0.4444","0.2963","0.2593","0","0","0","0"
"X","욕실인테리어","가구/인테리어>DIY자재/용품","X","X","244.28","9270","8754","-0.0557","28776","25039","-0.1299","112490","3","10882","없음","없음","2264497","681612","2161025","높음","1","0","0.025","9611","38874","7707","1439","0.3704","0.4815","0.0741","0.0741","0","0","0"
"X","가구다리","가구/인테리어>DIY자재/용품","X","O","648.3","2250","2218","-0.0142","7873","8638","0.0972","47334","4","5842","없음","없음","1458664","489951","7495","높음","1","0","0.25","12331","3635","728","100","0.0833","0.6667","0.25","0","0","0","0"
"X","천장몰딩","가구/인테리어>DIY자재/용품","X","O","13.16","3430","3431","0.0003","10932","11543","0.0559","48500","10","4626","없음","없음","45128","16416","15582","높음","0.925","0.075","0.35","18340","2022","523","74","0","0.3333","0.5185","0.1481","3","3","1"
"X","스텐파이프","가구/인테리어>DIY자재/용품","X","O","192.08","3620","3920","0.0829","12281","11801","-0.0391","66920","5","6465","없음","없음","695333","223307","5135","높음","1","0","0.6","10713","945","187","35","0.1481","0","0.6296","0.2222","10","5","2"
"X","방수합판","가구/인테리어>DIY자재/용품","X","O","3.7","3320","3392","0.0217","10641","9446","-0.1123","51638","5","4934","없음","없음","12292","5101","15791","높음","1","0","0.425","27279","1169","549","43","0.0741","0","0.5556","0.3704","66","33","7"
"X","접착식단열벽지","가구/인테리어>DIY자재/용품","X","O","14.29","3960","4761","0.2023","9266","19868","1.1442","39904","12","6508","없음","없음","56580","8620","33009","높음","1","0","0.325","36397","38489","5022","1425","0.3333","0.1852","0.3704","0.1111","0","0","0"
"X","서랍레일","가구/인테리어>DIY자재/용품","X","O","57.32","5160","3721","-0.2789","15555","11657","-0.2506","97699","10","10835","없음","없음","295771","73373","23106","높음","1","0","0.325","9028","5052","1156","187","0.1852","0.2963","0.4815","0.037","0","0","0"
"X","꺽쇠","가구/인테리어>DIY자재/용품","X","X","197.42","5700","6090","0.0684","18184","17557","-0.0345","86082","4","8167","없음","없음","1125287","260090","7238","높음","1","0","0.55","7579","2212","554","81","0.6667","0.2593","0.0741","0","0","0","0"
"X","강화도어손잡이","가구/인테리어>DIY자재/용품","X","O","22.16","4040","6617","0.6379","13807","22695","0.6437","79359","11","10103","없음","없음","89513","2727","22515","높음","1","0","0.175","23360","845","259","31","0.037","0.5185","0.3704","0.0741","0","0","0"
"X","디아망벽지","가구/인테리어>DIY자재/용품","O","X","0.23","16870","18298","0.0846","54553","54197","-0.0065","117843","10","12398","없음","없음","3838","62","49060","높음","1","0","0.075","52572","893","779","33","0","0.0741","0.7778","0.1481","0","0","0"
"X","의자바퀴","가구/인테리어>DIY자재/용품","X","O","225.84","3100","3037","-0.0203","10318","9649","-0.0648","45376","7","4358","없음","없음","700114","251664","5031","높음","0.975","0.025","0.375","11262","15318","3693","567","0.2963","0.2593","0.3333","0.1111","5","5","2"
"X","지붕자재","가구/인테리어>DIY자재/용품","X","O","51.39","2240","2027","-0.0951","5730","4555","-0.2051","28053","5","3249","없음","없음","115105","52252","25372","높음","0.825","0.175","0.825","35384","1177","291","43","0","0.1111","0.6296","0.2593","562","291","80"
"X","주방시트지","가구/인테리어>DIY자재/용품","X","O","81.66","4150","3922","-0.0549","13807","12726","-0.0783","77740","5","7203","없음","없음","338887","84080","6750","높음","1","0","0.375","12327","19281","5678","714","0.2963","0.4815","0.1481","0.0741","0","0","0"
"X","방화문손잡이","가구/인테리어>DIY자재/용품","X","O","18.96","3580","4296","0.2","11635","13178","0.1326","50035","7","4607","없음","없음","67866","8476","18965","높음","1","0","0.25","15382","6017","1192","222","0.1852","0.2222","0.5926","0","0","0","0"
"X","셀프중문","가구/인테리어>DIY자재/용품","X","O","11.26","2880","3703","0.2858","8396","17500","1.0843","39237","11","5846","없음","없음","32417","17177","172388","높음","0.85","0.15","0.625","103812","4667","1103","160","0.1379","0.1034","0.2759","0.4828","1840","547","131"
"X","바닥데코타일","가구/인테리어>DIY자재/용품","O","O","12.02","6930","7482","0.0797","22523","28702","0.2743","80054","3","7033","없음","없음","83300","26101","25340","높음","1","0","0.175","35380","24074","7374","891","0.2593","0.4074","0.3333","0","0","0","0"
"X","간살중문","가구/인테리어>DIY자재/용품","X","O","1.22","3460","3458","-0.0006","10863","10944","0.0075","39645","10","4745","없음","없음","4207","2173","1372991","높음","0.975","0.025","0.15","177034","15753","4691","437","0.1667","0.0278","0.2222","0.5833","1281","553","61"
"X","스티커벽지","가구/인테리어>DIY자재/용품","X","O","62.5","6400","7899","0.2342","18720","20990","0.1213","55913","1","6846","없음","없음","400021","164696","19934","높음","0.975","0.025","0.2","16181","32319","10024","1197","0.2593","0.2963","0.3704","0.0741","0","0","0"
"X","점검구","가구/인테리어>DIY자재/용품","X","O","14.24","3580","3680","0.0279","13281","12448","-0.0627","60334","7","6430","없음","없음","50978","16005","17588","높음","0.975","0.025","0.65","15257","431","142","15","0","0.0741","0.7037","0.2222","4","3","1"
"X","방부목데크","가구/인테리어>DIY자재/용품","X","O","12.09","1940","1806","-0.0691","5535","3832","-0.3077","35523","5","4562","없음","없음","23461","7712","9492","높음","0.975","0.025","0.325","28768","506","77","18","0","0","0.8148","0.1852","0","0","0"
"X","주방타일시트지","가구/인테리어>DIY자재/용품","X","X","59.62","3180","3164","-0.005","9621","9366","-0.0265","39748","1","3903","없음","없음","189589","40505","5358","높음","1","0","0.425","15287","14109","5676","522","0.0741","0.7407","0.1852","0","0","0","0"
"X","식탁다리","가구/인테리어>DIY자재/용품","X","O","149.65","2270","2397","0.0559","7871","7579","-0.0371","41208","1","4236","없음","없음","339716","103935","22025","높음","1","0","0.45","33710","4761","2147","176","0.1852","0.1481","0.5926","0.0741","0","0","0"
"X","템파보드","가구/인테리어>DIY자재/용품","X","O","2.2","5160","6321","0.225","16538","19377","0.1717","92519","1","10134","없음","없음","11358","5049","27395","높음","0.975","0.025","0.275","33089","2504","461","92","0.1852","0.4074","0.2963","0.1111","0","0","0"
"X","아파트중문","가구/인테리어>DIY자재/용품","X","O","8.44","5210","5228","0.0035","15703","18046","0.1492","88989","1","9751","없음","없음","43987","16693","780175","높음","0.975","0.025","0.025","606581","1108","477","41","0","0","0.8148","0.1852","764","477","153"
"X","욕실타일","가구/인테리어>DIY자재/용품","X","O","158.47","4790","4588","-0.0422","15166","14665","-0.033","74363","1","6625","없음","없음","759080","192304","20997","높음","1","0","0.025","20393","17852","7379","661","0.1852","0.4074","0.3704","0.037","0","0","0"
"X","붙이는장판","가구/인테리어>DIY자재/용품","X","O","7.9","2650","2701","0.0192","7823","9852","0.2594","25506","12","2561","없음","없음","20929","12329","32472","높음","0.675","0.325","0.825","29147","15786","3899","584","0.3333","0.2222","0.3333","0.1111","0","0","0"
"X","인조대리석","가구/인테리어>DIY자재/용품","X","O","20.77","4770","4819","0.0103","16952","15727","-0.0723","85928","5","7955","없음","없음","99062","18600","269995","높음","1","0","0","27880","1691","901","62","0.1111","0","0.5926","0.2963","202","94","25"
"X","도배지","가구/인테리어>DIY자재/용품","X","O","18.76","4910","4847","-0.0128","15500","13942","-0.1005","74958","3","7566","없음","없음","92130","15360","16243","높음","1","0","0.325","24562","28016","10031","1037","0.2593","0.1852","0.5185","0.037","0","0","0"
"X","평철","가구/인테리어>DIY자재/용품","X","O","49.55","2440","2681","0.0988","8706","8241","-0.0534","44848","4","4234","없음","없음","120902","17074","2430","높음","1","0","0","7837","1199","331","44","0.4815","0.2222","0.2963","0","0","0","0"
"X","적벽돌","가구/인테리어>DIY자재/용품","X","O","1.98","1830","1773","-0.0311","5745","4692","-0.1833","37041","4","4240","없음","없음","3615","583","64486","높음","0.825","0.175","0.8","53488","6746","979","249","0.3704","0.037","0.4444","0.1481","0","0","0"
"X","모티스락","가구/인테리어>DIY자재/용품","X","X","4.49","2180","2136","-0.0202","7958","7847","-0.0139","37135","1","4043","없음","없음","9799","1743","49224","높음","1","0","0.475","51712","132","30","4","0","0","0.8148","0.1852","5","5","1"
"X","인조잔디매트","가구/인테리어>DIY자재/용품","X","O","39.57","4140","3400","-0.1787","14002","11640","-0.1687","60823","4","6895","없음","없음","163830","42268","50784","높음","0.95","0.05","0.175","58872","5261","817","146","0.1111","0.3611","0.3333","0.1944","13","11","2"
"X","문장군","가구/인테리어>DIY자재/용품","O","X","0.01","6400","6625","0.0352","20008","23718","0.1854","84525","10","9551","없음","없음","42","2","270265","낮음","0.95","0.05","0","251486","21085","4025","602","0.1714","0.0857","0.6857","0.0571","246","246","123"
"X","중문스윙도어","가구/인테리어>DIY자재/용품","X","X","3.74","5100","5789","0.1351","13262","19449","0.4665","45221","12","5408","없음","없음","19060","8581","1039734","높음","0.975","0.025","0.1","408288","588","244","16","0","0","0.5556","0.4444","316","244","20"
"X","난방필름","가구/인테리어>DIY자재/용품","X","X","16.03","3000","9257","2.0857","6562","19580","1.9838","30546","11","7843","있음","11,12","48102","14180","78508","높음","1","0","0.275","142184","226","84","8","0","0","0.8519","0.1481","0","0","0"
"X","액자레일","가구/인테리어>DIY자재/용품","X","O","11.35","5320","5374","0.0102","18544","17905","-0.0345","115806","1","12121","없음","없음","60389","7194","6217","높음","1","0","0.3","15607","13379","3546","495","0.5926","0.1852","0.1852","0.037","0","0","0"
"X","유리시트지","가구/인테리어>DIY자재/용품","X","O","85.28","3930","5882","0.4967","14840","19622","0.3222","72133","11","8106","없음","없음","335140","58205","7059","높음","1","0","0.05","13603","23263","8097","861","0.4444","0.4815","0.037","0.037","0","0","0"
"X","외벽마감재","가구/인테리어>DIY자재/용품","X","X","9.99","1200","1342","0.1183","3618","3935","0.0876","16043","5","1659","없음","없음","11990","5837","48390","높음","0.9","0.1","0.5","31071","344","332","12","0","0.037","0.6667","0.2963","0","0","0"
"X","화장실타일","가구/인테리어>DIY자재/용품","X","O","76.79","5580","5565","-0.0027","18402","18170","-0.0126","90504","10","8107","없음","없음","428500","117837","21426","높음","1","0","0.025","21455","21073","7374","780","0.1111","0.4074","0.3333","0.1481","0","0","0"
"X","쫄대","가구/인테리어>DIY자재/용품","X","O","28.09","7750","8862","0.1435","26181","27446","0.0483","126874","5","11340","없음","없음","217668","44443","4213","높음","1","0","0.625","8298","22520","5892","834","0.4444","0.3333","0.2222","0","0","0","0"
"X","가죽스티커","가구/인테리어>DIY자재/용품","X","O","38.46","4080","3718","-0.0887","13608","12706","-0.0663","46418","1","5093","없음","없음","156897","56856","6171","높음","1","0","0.475","7801","20975","3099","776","0.4444","0.1852","0.3704","0","0","0","0"
"X","템바보드루바월","가구/인테리어>DIY자재/용품","X","O","0.01","9570","0","","13798","0","","0","","0","없음","없음","138","49","22476","높음","0.8","0.2","0.275","28470","2421","545","89","0.1481","0.1481","0.2963","0.4074","149","17","14"
"X","싱크대교체","가구/인테리어>DIY자재/용품","X","X","36.95","9640","8898","-0.077","29420","30101","0.0231","55651","9","5540","없음","없음","356244","110738","441200","높음","0.975","0.025","0","275624","7348","2973","272","0.0741","0.1852","0.4444","0.2963","10","4","1"
"X","거울시트지","가구/인테리어>DIY자재/용품","X","O","37.38","3240","6252","0.9296","10762","11393","0.0586","68165","11","7121","없음","없음","121100","74700","7654","높음","1","0","0.275","10494","13385","2730","495","0.1852","0.2593","0.4074","0.1481","0","0","0"
"X","다이소시트지","가구/인테리어>DIY자재/용품","O","O","0.01","6820","6873","0.0078","22743","20871","-0.0823","123300","1","12248","없음","없음","84","2","4815","중간","1","0","0","13999","29729","5680","1101","0.7778","0.037","0.037","0.1481","0","0","0"
"X","우드데코타일","가구/인테리어>DIY자재/용품","O","O","4.11","2910","2935","0.0086","9249","10807","0.1685","28296","7","2719","없음","없음","11957","2414","21396","높음","0.95","0.05","0.45","31714","7771","1794","287","0.3333","0.2222","0.2963","0.1481","0","0","0"
"X","소형싱크대","가구/인테리어>DIY자재/용품","X","O","46.98","4860","4743","-0.0241","14906","13543","-0.0914","48035","7","5770","없음","없음","228329","68055","155991","높음","0.975","0.025","0","117472","853","141","31","0","0.1852","0.5185","0.2963","35","13","4"
"X","접착식데코타일","가구/인테리어>DIY자재/용품","X","O","22.45","2840","2898","0.0204","11851","20580","0.7366","45290","12","7495","없음","없음","63758","16257","20782","높음","1","0","0.2","39545","10539","4766","405","0.1154","0.2692","0.4615","0.1538","0","0","0"
"X","유리블럭","가구/인테리어>DIY자재/용품","O","O","12.35","4650","4718","0.0146","15920","17344","0.0894","57380","3","8925","없음","없음","57426","17567","16810","높음","0.975","0.025","0.3","39490","3193","1135","88","0.1389","0.0278","0.4722","0.3611","0","0","0"
"X","인테리어벽돌","가구/인테리어>DIY자재/용품","X","O","67","2330","2144","-0.0798","6945","6183","-0.1097","42597","5","4537","없음","없음","156121","65762","6319","높음","0.95","0.05","0.125","12213","3772","864","139","0.4444","0.1111","0.2963","0.1481","0","0","0"
"X","시트지제작","가구/인테리어>DIY자재/용품","X","O","38.12","3330","3262","-0.0204","12221","12451","0.0188","65480","3","6718","없음","없음","126939","75288","4708","높음","1","0","0.025","13791","2839","444","105","0","0","0.8519","0.1481","0","0","0"
"X","방음벽","가구/인테리어>DIY자재/용품","X","O","9.42","3990","4435","0.1115","12364","14707","0.1895","88416","1","9237","없음","없음","37567","17588","38754","높음","0.875","0.125","0.7","27630","4023","1574","149","0.037","0.7407","0","0.2222","64","32","11"
"X","주방타일","가구/인테리어>DIY자재/용품","X","O","103.25","5350","5130","-0.0411","18565","16347","-0.1195","100332","10","9500","없음","없음","552384","153849","14880","높음","1","0","0.15","18312","20398","7379","755","0.2222","0.5185","0.2222","0.037","0","0","0"
"X","메탈사이딩","가구/인테리어>DIY자재/용품","X","O","1.45","2540","2602","0.0244","8087","8181","0.0116","44805","5","4986","없음","없음","3680","1517","78702","높음","0.9","0.1","0.425","97566","12","2","0","0","0","0.7714","0.2286","0","0","0"
"X","화장실문교체","가구/인테리어>DIY자재/용품","X","O","11.75","3930","3623","-0.0781","13173","10678","-0.1894","58436","7","5635","없음","없음","46191","9652","177897","높음","1","0","0.1","123927","1724","999","63","0","0.037","0.4815","0.4815","38","28","3"
"X","세라믹사이딩","가구/인테리어>DIY자재/용품","X","O","0.74","3510","3756","0.0701","11615","10907","-0.061","63129","5","6133","없음","없음","2594","1212","61710","높음","0.825","0.175","0.6","44602","13","3","0","0","0","0.5556","0.4444","0","0","0"
"X","목재재단","가구/인테리어>DIY자재/용품","X","O","13.13","4340","4724","0.0885","19639","17949","-0.0861","74748","3","7471","없음","없음","56997","13808","4371","높음","1","0","0.175","18581","2592","776","96","0.037","0","0.9259","0.037","33","33","33"
"X","붙이는템바보드","가구/인테리어>DIY자재/용품","X","O","3","2710","3534","0.3041","9532","18477","0.9384","23448","12","2707","없음","없음","8121","4616","36437","높음","1","0","0.225","28542","2549","463","94","0.1481","0.4074","0.4444","0","0","0","0"
"X","현관문시트지","가구/인테리어>DIY자재/용품","X","O","67.86","3030","3381","0.1158","10032","9258","-0.0772","54435","4","5145","없음","없음","205603","11740","49639","높음","1","0","0.25","24441","10179","1799","377","0.4444","0.1111","0.3333","0.1111","0","0","0"
"X","방문스토퍼","가구/인테리어>DIY자재/용품","X","O","29.17","5420","4668","-0.1387","17980","10569","-0.4122","77707","6","10762","없음","없음","158124","9835","8757","높음","1","0","0.075","6495","8853","2368","327","0.4444","0.1852","0.3704","0","0","0","0"
"X","백조싱크볼","가구/인테리어>DIY자재/용품","O","O","0.96","7590","6245","-0.1772","28440","17178","-0.396","134919","8","14107","없음","없음","7270","826","306847","높음","1","0","0","227144","185","42","6","0.037","0.0741","0.6667","0.2222","0","0","0"
"X","개나리벽지","가구/인테리어>DIY자재/용품","X","X","0.84","11520","12004","0.042","36630","38588","0.0535","128886","10","12800","없음","없음","9641","18","37537","높음","1","0","0.3","29315","1007","379","27","0.0278","0.0278","0.7778","0.1667","0","0","0"
"X","싱크대경첩","가구/인테리어>DIY자재/용품","X","O","18.94","5350","3873","-0.2761","15971","13375","-0.1625","79905","10","8918","없음","없음","101318","9721","1575","높음","1","0","0.35","6950","3798","668","140","0.2593","0.2593","0.4074","0.0741","22","16","11"
"X","액자걸이","가구/인테리어>DIY자재/용품","X","O","65.97","5830","5999","0.029","16203","17297","0.0675","98373","1","9554","없음","없음","384596","78254","5095","높음","1","0","0.225","10420","20482","7783","758","0.4074","0.3704","0.1481","0.0741","0","0","0"
"X","이케아싱크대","가구/인테리어>DIY자재/용품","O","O","1.14","4290","4679","0.0907","13445","13042","-0.03","60853","1","6037","없음","없음","4903","368","172682","높음","0.95","0.05","0","208041","1211","513","39","0.0323","0.0645","0.5161","0.3871","50","15","4"
"X","베란다타일","가구/인테리어>DIY자재/용품","X","O","14.51","5470","5106","-0.0665","17738","14872","-0.1616","79816","4","7720","없음","없음","79376","16372","16485","높음","1","0","0.3","29513","44497","7379","1648","0.5926","0.1481","0.2222","0.037","0","0","0"
"X","유리벽돌","가구/인테리어>DIY자재/용품","X","O","11.17","2580","1686","-0.3465","12845","15049","0.1716","15092","10","2648","있음","10,11,12","28824","12098","15541","높음","0.4","0.6","0.75","18360","1049","1012","34","0.0333","0","0.2333","0.7333","1","1","0"
"X","영림중문","가구/인테리어>DIY자재/용품","X","O","0.32","5160","5268","0.0209","14862","17207","0.1578","72734","10","7987","없음","없음","1656","48","1450590","높음","1","0","0","541358","121","101","3","0","0","0.9444","0.0556","0","0","0"
"X","예림도어","가구/인테리어>DIY자재/용품","O","O","0.43","8110","8184","0.0091","27535","25286","-0.0817","117552","3","11013","없음","없음","3482","71","379052","높음","0.975","0.025","0.175","249726","21607","19650","635","0.0588","0.0294","0.8529","0.0588","9","9","5"
"X","목재","가구/인테리어>DIY자재/용품","X","O","404.44","9380","9956","0.0614","31910","31138","-0.0242","165495","4","15510","없음","없음","3793690","1317989","10658","높음","0.925","0.075","0.125","19791","1863","244","69","0.037","0.037","0.8889","0.037","0","0","0"
"X","오영민제작소","가구/인테리어>DIY자재/용품","X","O","0.07","3930","4198","0.0682","11597","12779","0.1019","38454","10","3963","없음","없음","271","0","17085","낮음","1","0","0.3","51856","192","150","5","0.1111","0","0.1667","0.7222","0","0","0"
"X","탬바보드","가구/인테리어>DIY자재/용품","X","O","3.27","1250","1545","0.236","4212","5663","0.3445","16601","12","1749","없음","없음","4088","1975","53210","높음","0.525","0.475","0.775","65340","2253","462","83","0.2222","0.3704","0.3333","0.0741","0","0","0"
"X","띠벽지","가구/인테리어>DIY자재/용품","X","O","18.29","1650","1532","-0.0715","4922","3968","-0.1938","25926","3","2560","없음","없음","30184","9690","7269","높음","0.95","0.05","0.85","10724","15794","3904","584","0.5185","0.037","0.4444","0","0","0","0"
"X","메쉬망","가구/인테리어>DIY자재/용품","X","O","181.6","2870","2919","0.0171","10282","9964","-0.0309","59012","5","6216","없음","없음","521196","133344","44396","높음","0.925","0.075","0.8","17984","3504","872","129","0.1481","0.2222","0.5185","0.1111","4","4","1"
"X","샌드위치판넬가격","가구/인테리어>DIY자재/용품","X","O","16.35","1640","1670","0.0183","5181","5006","-0.0338","27566","5","2595","없음","없음","26822","10696","15534","높음","0.975","0.025","0.2","31318","181","93","5","0","0","0.4857","0.5143","0","0","0"
"X","붙이는타일","가구/인테리어>DIY자재/용품","X","O","22.72","4980","5175","0.0392","14869","15270","0.027","61933","4","6119","없음","없음","113166","51304","23346","높음","1","0","0.2","24399","5584","1472","206","0.037","0.7037","0.1111","0.1481","0","0","0"
"X","데크방부목","가구/인테리어>DIY자재/용품","O","O","7.21","3260","2746","-0.1577","10026","4957","-0.5056","7414","4","976","없음","없음","23513","7813","9216","높음","0.975","0.025","0.3","34694","2243","1796","83","0.037","0","0.7778","0.1852","2","1","0"
"X","리빙보드","가구/인테리어>DIY자재/용품","O","O","33.96","1910","1857","-0.0277","6603","6017","-0.0887","29011","5","2780","없음","없음","64861","13933","22301","높음","0.7","0.3","0.8","26410","7080","5032","214","0.0606","0.2121","0.2424","0.4848","0","0","0"
"X","시멘트벽돌","가구/인테리어>DIY자재/용품","X","O","16","3940","3827","-0.0287","12440","10498","-0.1561","38844","3","4009","없음","없음","63025","25717","54203","높음","1","0","0.275","22906","7415","979","274","0.4444","0","0.4815","0.0741","0","0","0"
"X","붙박이장손잡이","가구/인테리어>DIY자재/용품","X","O","113.97","2230","2352","0.0547","8161","9365","0.1475","35016","10","3584","없음","없음","254155","32249","4929","높음","1","0","0.1","8898","5277","807","195","0.5556","0.1852","0.2593","0","0","0","0"
"X","파벽돌","가구/인테리어>DIY자재/용품","X","O","12.9","3400","3516","0.0341","11690","9519","-0.1857","64906","5","6165","없음","없음","43843","15202","16144","높음","1","0","0.075","26397","1235","189","45","0.0741","0","0.7778","0.1481","0","0","0"
"X","방음벽지","가구/인테리어>DIY자재/용품","X","O","19.24","1780","1846","0.0371","4536","6169","0.36","29439","3","2955","없음","없음","34255","14741","53525","높음","0.45","0.55","0.8","34428","21759","5020","805","0.1852","0.6296","0.037","0.1481","0","0","0"
"X","두꺼운장판","가구/인테리어>DIY자재/용품","X","O","6.6","3380","3338","-0.0124","9818","9952","0.0136","34725","3","3442","없음","없음","22300","10560","74994","높음","0.975","0.025","0.175","59316","25661","6904","950","0.2593","0.0741","0.5185","0.1481","0","0","0"
"X","대리석시트지","가구/인테리어>DIY자재/용품","X","O","23.3","3150","3211","0.0194","10707","10511","-0.0183","44479","1","4451","없음","없음","73403","20532","8850","높음","1","0","0.4","17142","9980","2446","369","0.2593","0.6296","0.037","0.0741","2","2","1"
"X","루바","가구/인테리어>DIY자재/용품","X","O","17.69","4040","4502","0.1144","13182","12517","-0.0504","64905","3","6062","없음","없음","71487","11018","29059","높음","1","0","0.425","24036","282","94","10","0","0","0.8519","0.1481","0","0","0"
"X","바닥타일","가구/인테리어>DIY자재/용품","X","O","108.86","7540","7331","-0.0277","24716","21914","-0.1134","136092","3","12462","없음","없음","820806","268554","24546","높음","1","0","0.2","24068","24228","7374","897","0.4444","0.1481","0.3704","0.037","0","0","0"
"X","야자수매트","가구/인테리어>DIY자재/용품","X","O","4.46","3720","3736","0.0043","13422","11458","-0.1463","65920","4","8260","없음","없음","16607","5893","53829","높음","0.875","0.125","0.625","62147","4727","2279","175","0.0741","0.0741","0.7407","0.1111","0","0","0"
"X","스티커타일","가구/인테리어>DIY자재/용품","X","O","218.8","1300","933","-0.2823","3462","3795","0.0962","21387","4","6771","있음","4","284444","113564","5675","높음","0.925","0.075","0.675","25443","9592","1477","355","0.1111","0.4444","0.2963","0.1481","0","0","0"
"X","합지벽지","가구/인테리어>DIY자재/용품","X","O","35.21","3050","3000","-0.0164","9820","9364","-0.0464","42974","1","4244","없음","없음","107380","25048","14919","높음","1","0","0.125","21041","6016","1087","222","0.2963","0.2222","0.4815","0","0","0","0"
"X","베이비라이크","가구/인테리어>DIY자재/용품","O","O","0.11","1870","1831","-0.0209","6640","6856","0.0325","26210","3","2729","없음","없음","207","9","29580","높음","1","0","0","78714","11021","4868","314","0.2857","0.2","0.2857","0.2286","0","0","0"
"X","스윙도어중문","가구/인테리어>DIY자재/용품","X","O","5.53","3520","3771","0.0713","8914","10535","0.1818","32355","1","3603","없음","없음","19459","8873","998641","높음","1","0","0.125","454640","259","101","9","0","0.037","0.5556","0.4074","0","0","0"
"X","포인트벽지","가구/인테리어>DIY자재/용품","X","O","62.5","5880","5757","-0.0209","19680","17462","-0.1127","94342","1","10343","없음","없음","367489","93424","31135","높음","1","0","0.275","14564","10910","2905","404","0.1481","0.5556","0.1481","0.1481","0","0","0"
"X","중문슬라이딩도어","가구/인테리어>DIY자재/용품","X","X","15.7","3910","4218","0.0788","12709","15468","0.2171","47532","1","4852","없음","없음","61405","25201","651572","높음","0.95","0.05","0.2","157914","2361","549","71","0.0303","0.0909","0.3939","0.4848","1844","549","115"
"X","다이소벽지","가구/인테리어>DIY자재/용품","O","X","0.01","4000","4056","0.014","11892","11072","-0.069","57556","1","5953","없음","없음","53","7","20471","높음","0.85","0.15","0","18982","42664","10027","1580","0.4074","0.1111","0.3333","0.1481","0","0","0"
"X","편백루바","가구/인테리어>DIY자재/용품","O","O","1.37","1380","1486","0.0768","4259","4143","-0.0272","25527","3","2335","없음","없음","1888","359","23208","높음","0.975","0.025","0.475","42557","529","284","19","0","0","0.8519","0.1481","0","0","0"
"X","합성목재","가구/인테리어>DIY자재/용품","X","O","70.23","5300","5836","0.1011","14814","13120","-0.1144","63647","3","6989","없음","없음","372225","15274","16745","높음","1","0","0.1","20695","188","36","6","0","0","0.9259","0.0741","0","0","0"
"X","씽크대하부장","가구/인테리어>DIY자재/용품","X","O","31.22","4660","4428","-0.0498","15327","12833","-0.1627","67806","1","6319","없음","없음","145482","42039","638489","높음","1","0","0.075","106705","15595","3279","433","0.1389","0.1667","0.6389","0.0556","38","36","19"
"X","샷시손잡이","가구/인테리어>DIY자재/용품","O","O","26.72","3020","3352","0.1099","9813","11452","0.167","42381","11","4036","없음","없음","80682","7380","14076","높음","1","0","0.15","12974","6417","2332","237","0.1111","0.2593","0.5926","0.037","0","0","0"
"X","자동중문","가구/인테리어>DIY자재/용품","X","O","6.16","2710","2806","0.0354","9152","11316","0.2365","41268","12","4110","없음","없음","16682","5301","1515253","높음","1","0","0.15","256134","2165","942","80","0.1481","0.1481","0.4444","0.2593","0","0","0"
"X","현관문손잡이","가구/인테리어>DIY자재/용품","X","O","75.02","2880","3261","0.1323","11152","15384","0.3795","40953","3","3795","없음","없음","216048","70499","12819","높음","1","0","0.175","16766","5743","1192","212","0.1852","0.1481","0.5926","0.0741","0","0","0"
"X","자작나무합판","가구/인테리어>DIY자재/용품","X","O","2.48","2980","3171","0.0641","10229","10515","0.028","52056","3","5145","없음","없음","7385","1573","15606","높음","1","0","0.55","56218","76","34","2","0.0741","0","0.7778","0.1481","0","0","0"
"X","백조깜뽀르테","가구/인테리어>DIY자재/용품","O","O","0.26","5610","7792","0.3889","19744","37615","0.9051","22058","12","3111","없음","없음","1468","56","555805","중간","1","0","0","590587","20","4","0","0.1111","0","0.7407","0.1481","0","0","0"
"X","테라조타일","가구/인테리어>DIY자재/용품","X","O","4.05","3220","3454","0.0727","11110","9051","-0.1853","84184","4","9356","없음","없음","13042","4014","38194","높음","0.975","0.025","0.1","37390","3291","468","91","0.0833","0.2222","0.4444","0.25","55","22","6"
"X","강마루종류","가구/인테리어>DIY자재/용품","X","O","0","0","","","","","","37512","8","3569","없음","없음","3249","3","65106","낮음","1","0","0","40616","7108","2500","209","0.1471","0.1765","0.6471","0.0294","0","0","0"
"X","슬라이딩중문","가구/인테리어>DIY자재/용품","X","O","13.03","5800","6405","0.1043","15964","22273","0.3952","39199","12","4591","없음","없음","75558","30844","702124","높음","0.975","0.025","0.15","309394","2044","547","75","0","0","0.6296","0.3704","1853","547","185"
"X","서랍손잡이","가구/인테리어>DIY자재/용품","X","O","313.64","2450","2544","0.0384","7618","8286","0.0877","35098","1","3320","없음","없음","768430","140544","4469","높음","1","0","0.15","6948","4032","807","149","0.3704","0.2593","0.3333","0.037","0","0","0"
"X","pvc몰딩","가구/인테리어>DIY자재/용품","X","O","21.9","2620","2824","0.0779","8677","8729","0.006","42176","3","4092","없음","없음","57375","14550","11222","높음","1","0","0.4","9526","10350","4610","383","0.1111","0.1852","0.5926","0.1111","0","0","0"
"X","싱크대시트지","가구/인테리어>DIY자재/용품","X","O","25.21","4710","4773","0.0134","15168","15279","0.0073","80564","1","8457","없음","없음","118757","11679","4228","높음","1","0","0.125","14680","25828","5678","956","0.2963","0.4074","0.2593","0.037","0","0","0"
"X","장판매트","가구/인테리어>DIY자재/용품","X","O","130.29","2980","2791","-0.0634","7568","7988","0.0555","33730","10","3705","없음","없음","388266","94525","59769","높음","0.975","0.025","0.625","46753","25746","8216","953","0.3333","0.1111","0.4074","0.1481","0","0","0"
"X","주방리모델링","가구/인테리어>DIY자재/용품","X","O","47.91","3840","3588","-0.0656","11313","10484","-0.0733","49717","1","4860","없음","없음","183990","66679","708767","높음","1","0","0.05","268646","20386","5683","755","0.0741","0.4444","0.2222","0.2593","0","0","0"
"X","히노끼루바","가구/인테리어>DIY자재/용품","X","O","0.9","1360","1498","0.1015","2962","2739","-0.0753","9197","7","912","없음","없음","1228","164","26030","높음","0.925","0.075","0.625","49550","238","93","8","0","0","0.8519","0.1481","0","0","0"
"X","spc마루","가구/인테리어>DIY자재/용품","O","O","0.29","3150","7158","1.2724","6677","14108","1.1129","28704","11","4646","없음","없음","914","242","39714","높음","1","0","0.05","44688","168","67","6","0","0.0741","0.9259","0","0","0","0"
"X","롤카페트","가구/인테리어>DIY자재/용품","X","O","71.98","1480","1902","0.2851","4615","6034","0.3075","34673","4","4404","없음","없음","106523","26903","25633","높음","1","0","0.4","35945","1988","633","73","0.1111","0.3333","0.3704","0.1852","2","2","0"
"X","벽인테리어","가구/인테리어>DIY자재/용품","X","O","1834.58","3750","4634","0.2357","11685","15171","0.2983","71516","1","8347","없음","없음","6879671","2639607","26224","높음","0.975","0.025","0.275","21203","12639","5020","468","0.2593","0.5926","0.1111","0.037","92","92","92"
"X","간이싱크대","가구/인테리어>DIY자재/용품","X","O","93.83","1670","1914","0.1461","5281","4916","-0.0691","20926","5","2216","없음","없음","156702","68380","109759","높음","0.9","0.1","0","123986","1019","141","37","0.037","0.2963","0.4444","0.2222","32","15","5"
"X","액자걸이와이어","가구/인테리어>DIY자재/용품","X","O","17.26","3930","4454","0.1333","12642","15040","0.1897","56889","1","5739","없음","없음","67848","2133","5426","높음","1","0","0.25","14134","16319","3544","604","0.5185","0.2222","0.1852","0.0741","0","0","0"
"X","욕실바닥타일","가구/인테리어>DIY자재/용품","X","O","126.68","2240","2140","-0.0446","7178","6172","-0.1402","31937","7","3045","없음","없음","283771","67507","32815","높음","1","0","0.05","27576","19847","7375","735","0.1852","0.2963","0.4444","0.0741","0","0","0"
"X","싱크대상판","가구/인테리어>DIY자재/용품","X","O","11.86","4350","4415","0.0149","13820","12910","-0.0658","64449","3","6049","없음","없음","51590","18580","509380","높음","1","0","0.025","42521","1717","329","63","0.1111","0.1481","0.2593","0.4815","829","131","64"
"X","단열현관문","가구/인테리어>DIY자재/용품","X","O","8.73","2930","3803","0.298","8198","14804","0.8058","42475","3","4909","없음","없음","25590","9181","274037","높음","0.85","0.15","0.425","125362","1864","345","69","0","0.2593","0.6296","0.1111","0","0","0"
"X","스폰지","가구/인테리어>DIY자재/용품","X","X","706.69","3660","3854","0.053","12722","11685","-0.0815","69999","3","6558","없음","없음","2586469","704747","4074","높음","1","0","0.425","6671","55905","30187","2070","0.4444","0","0.4074","0.1481","0","0","0"
"X","무타공도어스토퍼","가구/인테리어>DIY자재/용품","X","O","26.17","2120","1951","-0.0797","7530","6317","-0.1611","50645","7","8729","있음","7,8","55489","2599","16295","높음","1","0","0.175","13274","27916","7639","1033","0.2593","0.6296","0.1111","0","0","0","0"
"X","벽돌가격","가구/인테리어>DIY자재/용품","X","O","370.38","1700","1541","-0.0935","5131","3984","-0.2235","26817","4","3127","없음","없음","629649","260507","14278","높음","1","0","0.075","40581","4326","955","160","0.4444","0.037","0.2593","0.2593","0","0","0"
"X","비접착식데코타일","가구/인테리어>DIY자재/용품","O","O","0.58","5180","5534","0.0683","13253","23078","0.7413","23686","4","2673","없음","없음","2986","310","27335","높음","1","0","0.175","41768","3479","549","128","0","0.5556","0.2963","0.1481","0","0","0"
"X","씽크대교체","가구/인테리어>DIY자재/용품","X","O","84.92","4190","3638","-0.1317","14066","11212","-0.2029","76894","8","7667","없음","없음","355807","110049","458610","높음","0.975","0.025","0","286015","7447","2981","275","0.0741","0.1852","0.3704","0.3704","60","38","6"
"X","투명시트지","가구/인테리어>DIY자재/용품","X","O","39.66","3020","3274","0.0841","9993","9893","-0.01","47409","3","4778","없음","없음","119762","29975","13342","높음","1","0","0.5","33271","18324","3529","678","0.2593","0.037","0.5556","0.1481","0","0","0"
"X","스텐망","가구/인테리어>DIY자재/용품","X","O","641.22","1290","1304","0.0109","4526","4151","-0.0829","28271","3","2582","없음","없음","827175","123325","29476","높음","0.925","0.075","0.925","12087","8148","2573","301","0.4815","0.037","0.3704","0.1111","0","0","0"
"X","나무쫄대","가구/인테리어>DIY자재/용품","X","O","4.87","1100","1320","0.2","3078","3665","0.1907","14084","11","1569","없음","없음","5360","1895","3123","높음","1","0","0.75","10145","939","244","34","0","0.0741","0.8148","0.1111","0","0","0"
"X","목봉","가구/인테리어>DIY자재/용품","X","O","25.86","2850","3727","0.3077","9173","11720","0.2777","39165","12","4004","없음","없음","73705","6691","3336","높음","1","0","0.8","12620","3841","956","142","0.3704","0.0741","0.4074","0.1481","0","0","0"
"X","전기온돌판넬","가구/인테리어>DIY자재/용품","X","O","1.95","3690","4553","0.2339","8928","17847","0.999","35143","12","5867","있음","1,3,10,11,12","7192","588","67681","높음","1","0","0.35","80955","2220","207","82","0","0","0.8519","0.1481","0","0","0"
"X","샷시","가구/인테리어>DIY자재/용품","O","O","63.29","13140","12774","-0.0279","41265","39200","-0.05","207530","3","20554","없음","없음","831655","236809","632653","높음","1","0","0.475","86158","537","246","19","0.0741","0.037","0.5556","0.3333","4","4","0"
"X","가구바퀴","가구/인테리어>DIY자재/용품","X","O","1025.97","1750","1739","-0.0063","6328","5917","-0.0649","33798","5","3133","없음","없음","1795439","579193","4540","높음","1","0","0.425","12903","4611","1135","170","0.1111","0.4444","0.2222","0.2222","0","0","0"
"X","가죽시트지","가구/인테리어>DIY자재/용품","X","O","48.12","1720","1473","-0.1436","5932","4533","-0.2358","28741","3","2831","없음","없음","82766","27238","10348","높음","1","0","0.5","10322","18848","3094","698","0.3333","0.2222","0.3704","0.0741","0","0","0"
"X","각재","가구/인테리어>DIY자재/용품","X","O","10.9","2300","2441","0.0613","7742","7269","-0.0611","47993","4","5541","없음","없음","25076","5773","5427","높음","1","0","0.775","23053","1140","290","42","0.037","0.037","0.8889","0.037","0","0","0"
"X","빠찌링","가구/인테리어>DIY자재/용품","X","O","18.62","4940","5993","0.2132","15734","16283","0.0349","37341","10","3587","없음","없음","92007","11114","1866","높음","1","0","0.775","6273","2291","414","84","0.5556","0.037","0.4074","0","0","0","0"
"X","주택현관문","가구/인테리어>DIY자재/용품","X","O","14.58","2770","2716","-0.0195","8614","8772","0.0183","29185","3","3254","없음","없음","40391","14801","394702","높음","0.85","0.15","0.4","278841","1597","808","46","0","0.0294","0.5588","0.4118","0","0","0"
"X","osb합판","가구/인테리어>DIY자재/용품","X","X","0.74","2640","2761","0.0458","8936","9096","0.0179","42092","5","4030","없음","없음","1954","502","21016","높음","0.9","0.1","0.325","24413","232","141","7","0","0","0.3667","0.6333","142","141","7"
"X","웨인스코팅","가구/인테리어>DIY자재/용품","X","O","4.98","3660","3931","0.074","12959","12903","-0.0043","85947","1","8965","없음","없음","18239","6929","13074","높음","0.975","0.025","0.375","33777","2791","330","90","0.3226","0.0968","0.3548","0.2258","4","3","1"
"X","테라코타타일","가구/인테리어>DIY자재/용품","O","O","1.55","1900","2263","0.1911","6408","6534","0.0197","23919","4","2375","없음","없음","2938","1340","37358","높음","1","0","0.05","31047","5490","3042","203","0.1111","0.1111","0.6296","0.1481","0","0","0"
"O","경첩보강판","가구/인테리어>DIY자재/용품","X","O","6.97","2240","1418","-0.367","6471","5705","-0.1184","12392","10","1630","없음","없음","15608","1362","1006","중간","1","0","0.7","8505","1501","213","55","0.1481","0.4074","0.2222","0.2222","29","23","5"
"X","싱크대상판교체","가구/인테리어>DIY자재/용품","X","X","1.08","4430","4460","0.0068","13186","12532","-0.0496","58080","1","5387","없음","없음","4785","1328","393462","높음","1","0","0","178245","1149","773","42","0","0.037","0.5556","0.4074","100","85","9"
"X","글라스아트","가구/인테리어>DIY자재/용품","X","O","26.99","3170","3552","0.1205","11723","14148","0.2069","40492","11","4407","없음","없음","85553","8757","7605","높음","1","0","0.075","10420","6698","1240","248","0.5185","0.1111","0.3704","0","0","0","0"
"X","서랍장손잡이","가구/인테리어>DIY자재/용품","X","O","271.61","1740","1651","-0.0511","4872","4643","-0.047","23298","1","2458","없음","없음","472609","39310","3449","높음","1","0","0.2","8871","4163","807","154","0.4444","0.037","0.5185","0","0","0","0"
"X","crc보드","가구/인테리어>DIY자재/용품","X","O","0.33","3080","3107","0.0088","12236","11530","-0.0577","62640","3","6007","없음","없음","1021","289","18491","높음","0.9","0.1","0.625","851823","18","14","0","0","0","0.4722","0.5278","0","0","0"
"X","화스너","가구/인테리어>DIY자재/용품","X","O","23.09","4620","5127","0.1097","15693","16199","0.0322","69466","10","6451","없음","없음","106661","4770","2316","높음","1","0","0.775","10911","4045","755","149","0.2963","0.0741","0.5926","0.037","0","0","0"
"X","시멘트사이딩","가구/인테리어>DIY자재/용품","X","O","3.58","1280","1327","0.0367","3516","3049","-0.1328","24136","5","2533","없음","없음","4581","2290","42876","높음","0.7","0.3","0.8","28359","203","105","5","0","0","0.4167","0.5833","61","59","3"
"X","단열시트지","가구/인테리어>DIY자재/용품","X","O","54.05","2480","3975","0.6028","5315","8577","0.6137","33350","11","5038","없음","없음","134044","35816","51325","높음","1","0","0.1","28352","40975","5018","1517","0.4074","0.2222","0.2593","0.1111","0","0","0"
"X","싱크대상판시트지","가구/인테리어>DIY자재/용품","X","X","5.34","2280","2367","0.0382","6873","6551","-0.0468","27744","1","2664","없음","없음","12179","4448","9226","높음","0.9","0.1","0.475","12031","27045","6790","1001","0.4074","0.4074","0.1111","0.0741","0","0","0"
"X","사각싱크볼엠보","가구/인테리어>DIY자재/용품","O","O","1.84","1660","1760","0.0602","4134","5093","0.232","9225","11","1302","없음","없음","3053","496","358327","높음","1","0","0","297025","176","40","6","0.037","0.2963","0.4444","0.2222","19","15","3"
"X","바닥재","가구/인테리어>DIY자재/용품","X","O","348.52","3590","3584","-0.0017","11629","13453","0.1568","71815","7","8984","없음","없음","1251198","287853","15523","높음","1","0","0.05","36986","21416","7374","793","0.2593","0.1852","0.4074","0.1481","0","0","0"
"X","중문설치","가구/인테리어>DIY자재/용품","X","O","10.24","3190","3501","0.0975","9568","12271","0.2825","43834","11","4637","없음","없음","32667","12063","646238","높음","0.95","0.05","0.175","277928","8800","5358","325","0.1111","0","0.5556","0.3333","1831","553","203"
"X","코너비드","가구/인테리어>DIY자재/용품","O","O","6.1","3830","4037","0.054","13445","12771","-0.0501","56352","4","5245","없음","없음","23375","9983","6146","높음","1","0","0.4","16035","434","196","16","0","0.1481","0.7037","0.1481","0","0","0"
"O","붙이는슬라이딩도어","가구/인테리어>DIY자재/용품","X","O","2.75","910","0","","1220","0","","0","","0","없음","없음","2503","361","28557","중간","0.825","0.175","0.25","44260","1666","547","47","0.1143","0.1143","0.0857","0.6857","863","547","36"
"X","현관데코타일","가구/인테리어>DIY자재/용품","O","O","6.88","4140","4896","0.1826","15067","23160","0.5371","52565","1","6020","없음","없음","28489","11674","24239","높음","1","0","0.075","25785","26348","7379","975","0.2222","0.5556","0.1852","0.037","5","5","5"
"O","접착식템바보드","가구/인테리어>DIY자재/용품","X","X","4.11","990","1272","0.2848","1945","7356","2.782","5984","12","2484","있음","12","4071","2119","49305","중간","0.65","0.35","0.325","29593","3119","463","115","0.1111","0.4815","0.2222","0.1852","99","99","20"
"X","스텐철망","가구/인테리어>DIY자재/용품","X","O","79.08","1090","1132","0.0385","3732","3789","0.0153","11875","5","1237","없음","없음","86198","27999","38653","높음","0.95","0.05","0.75","15759","1530","612","56","0.1111","0.1481","0.5926","0.1481","3","3","1"
"X","문짝","가구/인테리어>DIY자재/용품","X","O","152.42","8040","8089","0.0061","24927","24765","-0.0065","114435","5","10937","없음","없음","1225465","492785","136126","높음","0.95","0.05","0.5","52700","37265","19627","1035","0.2778","0.1667","0.3611","0.1944","1857","548","265"
"X","스톤보드","가구/인테리어>DIY자재/용품","X","O","26.09","1610","4300","1.6708","5811","30207","4.1982","1685","10","404","있음","10,11,12","42001","21389","101301","높음","0.8","0.2","0.225","96679","1777","331","50","0","0.2","0.3143","0.4857","0","0","0"
"X","텍스","가구/인테리어>DIY자재/용품","X","O","51.31","5600","4857","-0.1327","22025","15383","-0.3016","115473","7","12771","없음","없음","287325","73563","29515","높음","0.9","0.1","0.525","34731","847","361","29","0","0.069","0.7931","0.1379","0","0","0"
"X","에디톤마루","가구/인테리어>DIY자재/용품","O","O","0.07","2900","3226","0.1124","8456","7811","-0.0763","22138","7","3389","없음","없음","213","0","43120","중간","1","0","0.45","72314","1642","1092","60","0.0741","0.037","0.8889","0","0","0","0"
"X","카펫타일","가구/인테리어>DIY자재/용품","X","O","51.84","2160","2513","0.1634","6920","10891","0.5738","44427","1","5551","없음","없음","111975","41387","18656","높음","1","0","0.275","35080","2952","833","109","0.1852","0.5926","0.1111","0.1111","0","0","0"
"X","싱크대문짝교체","가구/인테리어>DIY자재/용품","X","O","1.46","4240","4226","-0.0033","13354","12123","-0.0922","50875","3","4899","없음","없음","6186","576","10475","높음","0.95","0.05","0.375","14291","3510","677","103","0.1176","0.2647","0.2059","0.4118","284","70","20"
"X","유리창시트지","가구/인테리어>DIY자재/용품","X","O","44.93","2440","3147","0.2898","8687","9528","0.0968","41334","3","3983","없음","없음","109621","19551","12367","높음","1","0","0.125","14130","24585","8098","910","0.3704","0.4444","0.1481","0.037","52","52","52"
"X","폼세라믹","가구/인테리어>DIY자재/용품","X","X","2.9","2830","8866","2.1329","11137","436804","38.221","1308","12","726","있음","12","8217","3403","30144","중간","0.6","0.4","0.35","39893","10813","2743","300","0.0556","0.0556","0.4444","0.4444","0","0","0"
"X","모티스락손잡이","가구/인테리어>DIY자재/용품","X","O","5.24","1790","1640","-0.0838","5949","4513","-0.2414","26383","2","2699","없음","없음","9381","1632","38613","높음","0.95","0.05","0.425","43566","157","30","5","0","0","0.9259","0.0741","5","5","3"
"X","구정마루","가구/인테리어>DIY자재/용품","O","X","0.09","10500","10156","-0.0328","33902","27713","-0.1826","125115","8","13358","없음","없음","907","39","86442","높음","1","0","0.05","102419","26","14","0","0","0.037","0.7037","0.2593","9","3","1"
"O","히든손잡이","가구/인테리어>DIY자재/용품","X","X","18.1","820","1040","0.2683","2957","4714","0.5942","9014","12","1246","없음","없음","14843","3665","6422","높음","1","0","0.3","17524","1573","843","58","0.2593","0.3333","0.3704","0.037","0","0","0"
"X","선반브라켓","가구/인테리어>DIY자재/용품","X","O","54.36","5240","4947","-0.0559","10736","10246","-0.0456","35065","3","3559","없음","없음","284841","64391","3909","높음","1","0","0.55","8351","3052","443","84","0.5833","0.2778","0.1389","0","0","0","0"
"X","방음문","가구/인테리어>DIY자재/용품","X","O","12.89","3070","3420","0.114","10391","12199","0.174","52454","1","5134","없음","없음","39584","17337","175539","높음","0.9","0.1","0.65","70660","5447","1574","151","0.0833","0.5278","0.3056","0.0833","0","0","0"
"X","여닫이중문","가구/인테리어>DIY자재/용품","X","O","12.04","2380","2545","0.0693","7510","9927","0.3218","30984","12","3236","없음","없음","28649","9919","967332","높음","0.975","0.025","0.025","324185","1028","477","38","0","0.1111","0.4444","0.4444","721","477","60"
"X","차음재","가구/인테리어>DIY자재/용품","X","O","19.4","1540","1723","0.1188","4575","5778","0.263","41584","3","4252","없음","없음","29871","12691","29647","높음","0.975","0.025","0.5","30377","4983","1573","184","0.0741","0.4074","0.4815","0.037","0","0","0"
"X","마루바닥보수","가구/인테리어>DIY자재/용품","O","O","9.52","3570","3179","-0.1095","12406","12916","0.0411","53972","3","5115","없음","없음","33997","4372","11897","높음","0.975","0.025","0.45","15710","21342","5393","790","0.2222","0.3333","0.3704","0.0741","0","0","0"
"X","베란다바닥매트","가구/인테리어>DIY자재/용품","X","O","26.5","2390","2997","0.254","7014","8989","0.2816","20870","11","2162","없음","없음","63327","13904","15053","높음","1","0","0.175","26534","87006","32044","3222","0.6667","0.1852","0.037","0.1111","0","0","0"
"X","자석도어스토퍼","가구/인테리어>DIY자재/용품","X","O","37.2","2060","1791","-0.1306","6674","2899","-0.5656","36280","8","8685","있음","8","76642","5643","14407","높음","1","0","0.25","13378","16920","7632","626","0.2963","0.5556","0.1481","0","0","0","0"
"X","미니싱크대","가구/인테리어>DIY자재/용품","X","O","165.75","1240","1240","0","3962","3652","-0.0782","18543","3","1801","없음","없음","205529","46627","109644","높음","0.925","0.075","0","71480","1018","141","37","0.037","0.2222","0.4444","0.2963","68","40","9"
"X","브라켓","가구/인테리어>DIY자재/용품","X","X","170.85","11900","12164","0.0222","43442","40560","-0.0663","260683","3","23889","없음","없음","2033107","588347","2271","높음","1","0","0.65","7853","28788","8755","1066","0.6667","0.1481","0.1111","0.0741","0","0","0"
"X","타일벽지","가구/인테리어>DIY자재/용품","X","O","86.61","1650","1478","-0.1042","5333","4793","-0.1013","20643","3","1973","없음","없음","142900","52959","18017","높음","0.95","0.05","0.625","18153","21821","5683","808","0.1481","0.6667","0.1481","0.037","0","0","0"
"X","템바보드벽지","가구/인테리어>DIY자재/용품","X","O","5.46","1630","2270","0.3926","5555","9697","0.7456","8173","1","1441","있음","1,2,3","8899","5278","33397","중간","0.7","0.3","0.775","28041","3165","464","117","0.1111","0.5556","0.3333","0","0","0","0"
"X","로봇청소기문턱","가구/인테리어>DIY자재/용품","X","O","6.98","3770","4032","0.0695","10127","9653","-0.0468","50387","5","4971","없음","없음","26304","10507","15584","높음","0.775","0.225","0.725","16510","2531","300","93","0.1481","0.5185","0.1111","0.2222","4","4","1"
"X","시멘트보드","가구/인테리어>DIY자재/용품","X","O","9.72","1490","1552","0.0416","4938","4305","-0.1282","25993","5","2549","없음","없음","14479","5999","29005","높음","0.85","0.15","0.675","37119","1153","342","32","0.1111","0.0833","0.3333","0.4722","0","0","0"
"X","봄날중문","가구/인테리어>DIY자재/용품","O","O","0.13","1000","1072","0.072","2619","3929","0.5002","13122","2","1485","없음","없음","125","11","1279325","높음","1","0","0","188627","4410","1103","163","0.1852","0.0741","0.4815","0.2593","315","243","45"
"X","시스템창호","가구/인테리어>DIY자재/용품","O","X","1.59","2130","2088","-0.0197","6946","6596","-0.0504","36397","10","3389","없음","없음","3377","962","1506837","높음","0.975","0.025","0.525","123448","1048","644","29","0","0","0.3611","0.6389","59","38","3"
"X","다이소경첩","가구/인테리어>DIY자재/용품","O","O","0.01","1810","1727","-0.0459","5120","4886","-0.0457","22983","10","2200","없음","없음","19","0","1806","높음","1","0","0","9719","4137","824","153","0.4815","0.2222","0.1481","0.1481","0","0","0"
"X","방문시트지","가구/인테리어>DIY자재/용품","X","O","33.36","2970","3056","0.029","9875","10995","0.1134","50039","3","5150","없음","없음","99067","10468","17586","높음","1","0","0","13780","19935","3690","738","0.4815","0.2222","0.2963","0","0","0","0"
"X","필름히터","가구/인테리어>DIY자재/용품","X","X","19.34","1040","948","-0.0885","2075","2365","0.1398","9197","10","1586","있음","1,10,11","20112","8455","32581","높음","0.75","0.25","0.95","26272","6343","5760","234","0.2222","0.1852","0.4444","0.1481","0","0","0"
"X","싱크대하부장","가구/인테리어>DIY자재/용품","X","O","45.05","3230","3259","0.009","10088","9117","-0.0963","48894","1","4525","없음","없음","145518","42024","638489","높음","1","0","0.075","160026","24387","11665","903","0.1111","0.1111","0.6296","0.1481","2","2","1"
"X","한샘욕실리모델링","가구/인테리어>DIY자재/용품","X","O","0.36","2480","2262","-0.0879","7630","6168","-0.1916","28714","8","2912","없음","없음","898","3","2189039","높음","1","0","0.05","619555","5812","4932","215","0","0.2593","0.6296","0.1111","0","0","0"
"X","코팅합판","가구/인테리어>DIY자재/용품","X","O","8","1670","1703","0.0198","5456","5457","0.0002","27803","4","2559","없음","없음","13360","1440","10585","높음","1","0","0.35","27077","929","550","34","0.037","0","0.7778","0.1852","33","33","7"
"X","현관방화문","가구/인테리어>DIY자재/용품","X","O","35.53","1780","1925","0.0815","5582","5889","0.055","23775","3","3227","없음","없음","63236","16895","375690","높음","0.85","0.15","0.3","296554","1961","879","72","0","0.037","0.6667","0.2963","0","0","0"
"X","셀프도배","가구/인테리어>DIY자재/용품","X","O","12.38","6890","6291","-0.0869","22397","20206","-0.0978","125218","1","13983","없음","없음","85311","21480","21193","높음","1","0","0.175","24667","34955","10032","1294","0.1481","0.3333","0.3704","0.1481","0","0","0"
"X","돌마루","가구/인테리어>DIY자재/용품","X","O","0.11","4620","4497","-0.0266","10689","9643","-0.0979","37802","5","7449","있음","5","494","156","68104","높음","0.875","0.125","0.475","71785","42","6","1","0","0","0.8889","0.1111","0","0","0"
"X","꽃무늬벽지","가구/인테리어>DIY자재/용품","X","O","19.94","800","836","0.045","2536","2547","0.0043","10738","1","1137","없음","없음","15953","10598","144076","높음","0.8","0.2","0.275","20041","1447","472","53","0.4444","0.037","0.2963","0.2222","8","6","1"
"X","초배지","가구/인테리어>DIY자재/용품","X","O","5.5","2380","2274","-0.0445","8063","7484","-0.0718","37692","3","4283","없음","없음","13096","6159","24470","높음","1","0","0.65","22040","2565","843","95","0.1481","0.037","0.6667","0.1481","0","0","0"
"X","스윙도어","가구/인테리어>DIY자재/용품","X","O","9.3","4700","5169","0.0998","13781","14686","0.0657","59667","1","5552","없음","없음","43715","14545","890449","높음","0.9","0.1","0.225","100798","303","243","11","0","0","0.3333","0.6667","243","243","14"
"X","가구시트지","가구/인테리어>DIY자재/용품","X","O","109.89","2720","3055","0.1232","8582","9741","0.1351","43746","1","4632","없음","없음","298900","44759","4084","높음","1","0","0.15","10282","64701","13497","1797","0.6111","0.1667","0.2222","0","0","0","0"
"O","슬라이딩레일","가구/인테리어>DIY자재/용품","X","O","137.24","2150","2421","0.126","6918","7323","0.0585","29547","3","2907","없음","없음","295066","93411","57712","높음","0.975","0.025","0.45","19821","3791","1156","140","0.1852","0.3333","0.4444","0.037","0","0","0"
"X","간이중문","가구/인테리어>DIY자재/용품","X","O","27.14","1120","1472","0.3143","3192","6316","0.9787","17443","12","2687","없음","없음","30394","15514","63486","높음","0.75","0.25","0.85","47402","6351","1721","235","0.2222","0.1111","0.2963","0.3704","1817","547","182"
"X","벽지스티커","가구/인테리어>DIY자재/용품","X","O","202.16","1990","2253","0.1322","6405","6509","0.0162","30435","3","3071","없음","없음","402290","165770","10045","높음","1","0","0.4","12044","25946","10031","960","0.1481","0.5185","0.1852","0.1481","0","0","0"
"X","나무판","가구/인테리어>DIY자재/용품","X","O","48.02","2450","2728","0.1135","9057","8720","-0.0372","44877","3","4339","없음","없음","117644","40867","6866","높음","1","0","0.45","13282","2422","550","89","0.1852","0.1111","0.5185","0.1852","235","141","47"
"O","현관중문셀프","가구/인테리어>DIY자재/용품","X","O","9.46","1700","2183","0.2841","4372","8322","0.9035","19204","11","2746","없음","없음","16088","9070","186740","높음","0.725","0.275","0.7","147548","4280","1103","158","0.0741","0.037","0.3704","0.5185","1838","546","131"
"X","화장실문","가구/인테리어>DIY자재/용품","X","O","106.5","3210","3257","0.0146","10417","8948","-0.141","49662","7","4930","없음","없음","341879","120227","127501","높음","0.95","0.05","0.15","83150","24104","19649","831","0.1034","0","0.4138","0.4828","43","28","3"
"X","모노륨장판","가구/인테리어>DIY자재/용품","X","O","6.47","2220","2420","0.0901","7071","7366","0.0417","46390","3","4978","없음","없음","14359","659","111017","높음","1","0","0.05","64051","16221","2124","600","0.2593","0.0741","0.5185","0.1481","0","0","0"
"X","방문경첩","가구/인테리어>DIY자재/용품","X","O","42.27","1960","2033","0.0372","9340","9575","0.0252","27264","10","2667","없음","없음","82850","5640","5250","높음","1","0","0.375","7639","8596","1752","318","0.4444","0.0741","0.4815","0","0","0","0"
"O","악세스플로어","가구/인테리어>DIY자재/용품","X","X","0.87","4540","4951","0.0905","16262","16926","0.0408","55882","7","5486","없음","없음","3950","2043","52269","높음","0.725","0.275","0.95","41662","91","90","2","0.0286","0","0.0571","0.9143","0","0","0"
"X","암막시트지","가구/인테리어>DIY자재/용품","X","O","9.35","3650","3449","-0.0551","13416","10978","-0.1817","74515","6","10066","없음","없음","34119","5700","8414","높음","1","0","0.025","15731","59930","8133","2219","0.6296","0.2222","0.1481","0","0","0","0"
"X","헤링본장판","가구/인테리어>DIY자재/용품","O","O","7.27","1140","1190","0.0439","3527","3608","0.023","16839","2","1736","없음","없음","8290","1313","73559","높음","0.65","0.35","0.3","50923","17597","8213","651","0.3333","0.1111","0.4444","0.1111","0","0","0"
"X","깜뽀르떼860","가구/인테리어>DIY자재/용품","X","X","0.06","5110","5125","0.0029","16843","17980","0.0675","51221","10","6266","없음","없음","285","11","444377","높음","1","0","0","437532","94","40","2","0.0606","0.0909","0.7879","0.0606","0","0","0"
"X","책상상판","가구/인테리어>DIY자재/용품","X","O","81.13","2040","2101","0.0299","6554","6786","0.0354","45257","3","4899","없음","없음","165498","34953","22689","높음","0.95","0.05","0.45","42846","1443","549","53","0.4444","0","0.3704","0.1852","153","92","31"
"X","ㄱ자중문","가구/인테리어>DIY자재/용품","X","O","0.58","3180","3414","0.0736","7893","9902","0.2545","13689","1","1368","없음","없음","1839","91","1032809","높음","1","0","0.05","889397","1207","477","33","0","0","0.8333","0.1667","998","477","166"
"X","화장실바닥타일","가구/인테리어>DIY자재/용품","X","O","81.93","2160","2082","-0.0361","7359","6876","-0.0656","31457","5","2918","없음","없음","176961","35508","27841","높음","1","0","0.05","25705","46935","32033","1738","0.1111","0.2963","0.4074","0.1852","4","4","1"
"X","흡음보드","가구/인테리어>DIY자재/용품","X","O","25.04","1560","1850","0.1859","5103","5689","0.1148","28392","3","3591","없음","없음","39056","22399","22586","높음","0.925","0.075","0.45","39274","3615","1574","133","0.1481","0.3704","0.3704","0.1111","0","0","0"
"X","도어손잡이","가구/인테리어>DIY자재/용품","X","O","338.55","2540","2728","0.074","7701","7626","-0.0097","31264","8","2903","없음","없음","859923","178189","15913","높음","1","0","0.1","11900","50762","19637","1880","0.5556","0.2593","0.1481","0.037","0","0","0"
"X","폴딩도어가격","가구/인테리어>DIY자재/용품","O","O","200.54","1690","1526","-0.097","5511","4470","-0.1889","30576","5","3014","없음","없음","338910","133715","186086","높음","0.95","0.05","0.4","90737","5816","3711","161","0.0833","0.0833","0.4167","0.4167","6","6","0"
"X","pe망","가구/인테리어>DIY자재/용품","X","O","13.94","1010","983","-0.0267","3331","2754","-0.1732","11228","4","1307","없음","없음","14079","3468","32966","높음","0.95","0.05","0.7","74870","5251","1370","194","0.0741","0.2222","0.5556","0.1481","0","0","0"
"X","식탁시트지","가구/인테리어>DIY자재/용품","X","O","24.58","1890","1676","-0.1132","6103","5927","-0.0288","28580","1","3084","없음","없음","46451","16226","9719","높음","0.975","0.025","0.2","15959","32276","6784","1195","0.4444","0.2222","0.2222","0.1111","0","0","0"
"X","서랍장레일","가구/인테리어>DIY자재/용품","X","O","168.69","1880","1923","0.0229","5507","5834","0.0594","28187","10","2757","없음","없음","317138","82184","9527","높음","1","0","0.375","13845","10798","2119","399","0.2222","0.4074","0.3333","0.037","0","0","0"
"X","아파트현관문교체","가구/인테리어>DIY자재/용품","X","O","6.48","2390","2341","-0.0205","7984","7832","-0.019","38599","3","3653","없음","없음","15479","5629","98247","높음","0.95","0.05","0.05","275414","4965","2529","183","0.037","0.037","0.7778","0.1481","0","0","0"
"X","씽크대손잡이","가구/인테리어>DIY자재/용품","X","O","196.72","1490","1340","-0.1007","5548","4873","-0.1217","27045","10","2707","없음","없음","293117","22633","3837","높음","1","0","0.125","6750","4763","807","176","0.5185","0.0741","0.4074","0","0","0","0"
"X","현관문교체","가구/인테리어>DIY자재/용품","X","O","30.43","2520","2578","0.023","7958","7762","-0.0246","36280","3","3419","없음","없음","76682","17160","208614","높음","0.725","0.275","0.35","271483","3638","1249","125","0.0345","0.1034","0.6207","0.2414","0","0","0"
"X","유리문손잡이","가구/인테리어>DIY자재/용품","X","O","135.87","1230","1489","0.2106","4684","4682","-0.0004","35428","3","3582","없음","없음","167125","15100","14982","높음","1","0","0.025","13631","4804","2333","177","0.037","0.5926","0.3704","0","0","0","0"
"O","태고합판","가구/인테리어>DIY자재/용품","X","O","0.39","1340","1405","0.0485","4378","4197","-0.0413","21819","4","2060","없음","없음","520","202","23394","높음","1","0","0.375","38115","31","14","0","0","0","0.3333","0.6667","0","0","0"
"X","웨인스코팅몰딩","가구/인테리어>DIY자재/용품","X","O","5.82","1560","1831","0.1737","4957","7331","0.4789","19774","1","2550","없음","없음","9072","4279","11256","높음","0.85","0.15","0.3","24294","2691","451","99","0.2593","0.2593","0.3333","0.1481","3","3","1"
"O","한샘화장실리모델링","가구/인테리어>DIY자재/용품","O","O","0.18","2040","2089","0.024","6677","5411","-0.1896","28337","8","2865","없음","없음","374","0","2154475","높음","1","0","0","804666","6707","4934","231","0","0.2414","0.6207","0.1379","0","0","0"
"X","큐블럭","가구/인테리어>DIY자재/용품","X","O","2.24","1800","1820","0.0111","6537","5913","-0.0955","40196","4","4430","없음","없음","4033","2348","34525","높음","0.575","0.425","0.85","54564","3452","2458","127","0.2963","0.037","0.5185","0.1481","0","0","0"
"X","쇼파다리","가구/인테리어>DIY자재/용품","X","O","263.06","800","758","-0.0525","2883","2459","-0.1471","16398","6","2066","없음","없음","210445","89233","4103","높음","1","0","0.325","10118","1601","200","59","0.0741","0.2222","0.6296","0.0741","0","0","0"
"X","바닥장판","가구/인테리어>DIY자재/용품","X","O","52.19","2790","2995","0.0735","8621","8859","0.0276","54631","1","5171","없음","없음","145609","62037","35581","높음","1","0","0.125","52013","14176","2124","525","0.2593","0.1852","0.4074","0.1481","0","0","0"
"X","원목상판","가구/인테리어>DIY자재/용품","X","O","88.1","1740","1670","-0.0402","6145","9394","0.5287","35996","12","4627","없음","없음","153296","31900","12802","높음","1","0","0.325","17445","1763","549","65","0.2222","0","0.7407","0.037","0","0","0"
"X","폴리싱타일","가구/인테리어>DIY자재/용품","X","O","9.79","3540","3441","-0.028","12848","10915","-0.1505","84277","1","8361","없음","없음","34650","8930","55153","높음","1","0","0.025","33285","2524","1419","93","0.037","0.2222","0.5185","0.2222","0","0","0"
"X","터닝도어손잡이","가구/인테리어>DIY자재/용품","X","O","3.24","1480","1615","0.0912","5177","6461","0.248","17329","12","1962","없음","없음","4793","2492","41031","높음","1","0","0.475","47288","172","65","6","0","0","0.8519","0.1481","0","0","0"
"X","소파다리","가구/인테리어>DIY자재/용품","X","O","305.03","690","610","-0.1159","2240","1831","-0.1826","13424","6","1976","없음","없음","210471","88087","4287","높음","1","0","0.375","11694","1423","199","52","0.1111","0.2222","0.5185","0.1481","0","0","0"
"O","코르크데크","가구/인테리어>DIY자재/용품","","","1.01","880","0","","880","0","","0","","0","없음","없음","890","524","45250","중간","0.6","0.4","0.075","46853","89","27","2","0","0","0.3125","0.6875","0","0","0"
"X","경첩조정렌치","가구/인테리어>DIY자재/용품","O","O","10.68","750","0","","972","0","","0","","0","없음","없음","8010","2477","14639","중간","0.875","0.125","0.875","16218","690","88","23","0","0.4333","0.3","0.2667","181","61","23"
"X","캐스터바퀴","가구/인테리어>DIY자재/용품","X","O","257.81","1210","1129","-0.0669","3758","3692","-0.0176","14505","7","1338","없음","없음","311952","65408","3442","높음","1","0","0.4","12744","2462","548","91","0.1111","0.4074","0.3333","0.1481","0","0","0"
"X","바닥시트지","가구/인테리어>DIY자재/용품","X","O","73.12","1300","1277","-0.0177","4430","4090","-0.0767","25089","1","2668","없음","없음","95061","43313","13334","높음","0.95","0.05","0.475","17223","25920","3901","960","0.5556","0.1111","0.1852","0.1481","0","0","0"
"X","셀프아트월","가구/인테리어>DIY자재/용품","X","X","11.44","1260","1323","0.05","4352","4421","0.0159","22342","1","2323","없음","없음","14410","9298","39760","높음","0.65","0.35","0.675","27376","4604","1412","170","0.1852","0.5926","0.1481","0.0741","0","0","0"
"O","테라코타벽지","가구/인테리어>DIY자재/용품","X","X","0.51","780","0","","780","1794","1.3","978","2","245","있음","1,2,5","394","101","47567","중간","1","0","0.25","30498","1621","634","60","0.1111","0.1481","0.4815","0.2593","0","0","0"
"X","개수대","가구/인테리어>DIY자재/용품","X","X","52.33","8820","8909","0.0101","32319","30222","-0.0649","150019","7","13686","없음","없음","461516","157982","166618","높음","0.975","0.025","0","110621","2305","1227","85","0.0741","0.1852","0.4815","0.2593","34","13","5"
"X","건식난방","가구/인테리어>DIY자재/용품","X","O","4.31","2680","2822","0.053","7223","13146","0.82","38264","12","5446","없음","없음","11555","2783","187739","높음","1","0","0.475","272059","33","5","1","0","0","0.6667","0.3333","12","4","1"
"X","플라베니아","가구/인테리어>DIY자재/용품","X","O","0.74","3010","3259","0.0827","10729","10047","-0.0636","57539","10","7874","없음","없음","2240","499","23439","높음","1","0","0.35","61285","1465","209","54","0","0.037","0.8148","0.1481","0","0","0"
"X","루버강판","가구/인테리어>DIY자재/용품","X","O","0.64","2120","2841","0.3401","7278","7822","0.0747","29438","11","3420","없음","없음","1362","438","31388","높음","0.925","0.075","0.5","44331","0","0","0","0","0","0.6667","0.3333","0","0","0"
"X","옷장손잡이","가구/인테리어>DIY자재/용품","X","O","225","1800","1711","-0.0494","5322","5791","0.0881","19324","10","1888","없음","없음","404999","80731","4988","높음","0.975","0.025","0.425","7538","5595","849","207","0.3704","0.2593","0.3704","0","0","0","0"
"X","방문도어스토퍼","가구/인테리어>DIY자재/용품","X","O","73.66","1890","1604","-0.1513","6371","5794","-0.0906","15013","9","1969","없음","없음","139208","7980","9864","높음","1","0","0.075","8375","7291","1320","270","0.6296","0.2593","0.1111","0","0","0","0"
"X","벽시트지","가구/인테리어>DIY자재/용품","X","O","228.09","1660","1744","0.0506","5336","5761","0.0796","31443","3","3118","없음","없음","378626","170030","15859","높음","1","0","0.275","17153","32022","5013","1186","0.2963","0.3333","0.2222","0.1481","0","0","0"
"X","전선가리개","가구/인테리어>DIY자재/용품","X","O","15.12","4180","4534","0.0847","14089","13937","-0.0108","76404","3","6787","없음","없음","63205","12204","2923","높음","1","0","0.4","8928","25287","5894","936","0.5926","0.3333","0.0741","0","0","0","0"
"X","창문손잡이","가구/인테리어>DIY자재/용품","X","O","64.87","1830","1933","0.0563","5083","5457","0.0736","21147","3","2050","없음","없음","118719","18927","15031","높음","1","0","0.225","5966","6712","2332","248","0.1111","0.3333","0.5556","0","0","0","0"
"X","스윙중문","가구/인테리어>DIY자재/용품","O","O","20.37","1300","1650","0.2692","3911","5315","0.359","19965","11","2161","없음","없음","26476","10467","1144762","높음","0.975","0.025","0.125","779548","197","101","7","0","0","0.8519","0.1481","0","0","0"
"X","풀바른실크벽지","가구/인테리어>DIY자재/용품","X","O","5.6","2340","2379","0.0167","7582","7379","-0.0268","33873","1","3417","없음","없음","13110","871","12844","높음","1","0","0.125","19798","3908","1362","144","0.3704","0.1111","0.4815","0.037","0","0","0"
"X","kcc창호","가구/인테리어>DIY자재/용품","O","O","0.44","8180","7001","-0.1441","27113","21433","-0.2095","120272","3","14520","없음","없음","3603","5","4748494","중간","1","0","0.025","199262","2641","492","97","0","0.3704","0.5185","0.1111","0","0","0"
"X","폼벽지","가구/인테리어>DIY자재/용품","X","O","86.75","1170","1092","-0.0667","3211","3408","0.0614","17621","1","2236","없음","없음","101497","39328","24132","높음","1","0","0.425","31791","34102","5020","1263","0.4074","0.4074","0.1852","0","0","0","0"
"X","문","가구/인테리어>DIY자재/용품","X","X","573.02","10050","9976","-0.0074","32833","30833","-0.0609","165451","3","15325","없음","없음","5758847","1665563","82064","높음","1","0","0.175","31951","17541643","1822757","649690","0.5185","0.037","0.1852","0.2593","1032","547","147"
"O","슬라이딩도어레일","가구/인테리어>DIY자재/용품","X","O","51.82","1480","1747","0.1804","4808","5821","0.2107","20208","12","1878","없음","없음","76693","24286","63062","높음","0.9","0.1","0.425","54290","362","80","13","0.037","0","0.8519","0.1111","0","0","0"
"X","주방벽타일","가구/인테리어>DIY자재/용품","X","O","99.29","1770","1879","0.0616","5726","6649","0.1612","25992","12","2538","없음","없음","175740","67922","43990","높음","1","0","0.05","20470","5648","1413","209","0.0741","0.7037","0.1111","0.1111","0","0","0"
"O","중문셀프시공","가구/인테리어>DIY자재/용품","X","X","5.95","890","1044","0.173","2418","4301","0.7787","13376","12","1925","없음","없음","5297","2847","251746","높음","0.65","0.35","0.75","77173","2508","548","92","0.037","0.2593","0.0741","0.6296","1749","548","103"
"O","큐비클","가구/인테리어>DIY자재/용품","X","X","0","0","","","","","","87886","7","8124","없음","없음","87712","27302","10705","낮음","1","0","0.875","29845","722","115","24","0.1379","0.069","0.7586","0.0345","0","0","0"
"X","구정마루마뷸러스젠","가구/인테리어>DIY자재/용품","O","X","0.04","2610","2768","0.0605","7639","11230","0.4701","15539","10","2872","있음","9,10,11,12","111","0","105615","높음","0.8","0.2","0.05","64244","145186","23972","4399","0.2121","0.2727","0.4848","0.0303","12","12","12"
"X","씽크볼교체","가구/인테리어>DIY자재/용품","X","X","9.18","2320","1913","-0.1754","7933","6838","-0.138","33824","1","4709","없음","없음","21295","9031","335007","높음","0.975","0.025","0","171337","6736","2974","249","0.1481","0.2222","0.4074","0.2222","16","15","3"
"X","합성목재데크","가구/인테리어>DIY자재/용품","X","O","2.19","1470","1511","0.0279","5306","5122","-0.0347","21487","3","2668","없음","없음","3219","1215","16877","높음","1","0","0.125","34358","9374","7374","347","0.0741","0","0.7778","0.1481","0","0","0"
"X","합판재단","가구/인테리어>DIY자재/용품","X","O","13.44","1750","1805","0.0314","5178","5105","-0.0141","32587","3","3259","없음","없음","23512","6541","4459","높음","1","0","0.125","25983","2112","777","78","0.0741","0","0.6296","0.2963","132","33","17"
"X","우드시트지","가구/인테리어>DIY자재/용품","X","O","70.55","1650","1750","0.0606","5305","6078","0.1457","23797","3","2399","없음","없음","116404","10331","6658","높음","1","0","0.25","10278","31237","3899","1156","0.7778","0.037","0.1852","0","0","0","0"
"X","젤리지타일","가구/인테리어>DIY자재/용품","X","O","0.2","950","930","-0.0211","2907","3192","0.098","3575","5","392","없음","없음","192","59","41797","높음","1","0","0","44664","1981","1046","73","0.037","0.4444","0.037","0.4815","0","0","0"
"O","타일스티커","가구/인테리어>DIY자재/용품","X","O","143.76","1970","2240","0.1371","5280","5850","0.108","26587","4","3430","없음","없음","283199","113488","18977","높음","1","0","0.2","14644","9503","1418","351","0.1852","0.4074","0.2963","0.1111","0","0","0"
"X","접착식벽지","가구/인테리어>DIY자재/용품","X","O","63.21","2200","2472","0.1236","7750","8662","0.1177","26284","3","3635","없음","없음","139064","40868","29581","높음","1","0","0.15","23626","49629","10024","1838","0.3704","0.3704","0.2593","0","0","0","0"
"X","투바이포","가구/인테리어>DIY자재/용품","X","O","0.39","1560","1600","0.0256","5291","5121","-0.0321","32399","5","3204","없음","없음","606","166","55160","낮음","0.8","0.2","0.375","113538","563","122","15","0","0","0.9167","0.0833","0","0","0"
"X","대리석타일","가구/인테리어>DIY자재/용품","X","O","122.24","2700","2592","-0.04","11219","9273","-0.1735","32793","6","3389","없음","없음","330043","132342","39721","높음","0.975","0.025","0.125","26055","4693","1472","173","0.0741","0.6667","0.1481","0.1111","0","0","0"
"X","벽타일","가구/인테리어>DIY자재/용품","X","O","246.62","1830","1780","-0.0273","6186","5988","-0.032","27582","3","2620","없음","없음","451322","177230","20390","높음","0.975","0.025","0.25","23918","3267","1412","121","0.037","0.6296","0.1852","0.1481","0","0","0"
"X","빈티지타일","가구/인테리어>DIY자재/용품","X","O","45.79","940","923","-0.0181","2982","2717","-0.0889","10098","4","955","없음","없음","43038","19790","47792","높음","0.975","0.025","0.075","32215","601","189","22","0","0.1481","0.5926","0.2593","0","0","0"
"X","마루보수","가구/인테리어>DIY자재/용품","X","O","29.25","2430","2274","-0.0642","8353","8256","-0.0116","45927","1","4703","없음","없음","71072","5274","12554","높음","0.975","0.025","0.3","23088","13310","5391","492","0.1481","0.3333","0.5185","0","0","0","0"
"O","베이스트랩","가구/인테리어>DIY자재/용품","X","O","8.78","1190","1438","0.2084","3684","3798","0.0309","19329","2","2052","없음","없음","10448","5466","101078","높음","0.55","0.45","0.875","66637","34","6","0","0","0.0286","0.2857","0.6857","10","6","0"
"X","템바보드셀프","가구/인테리어>DIY자재/용품","X","O","4.83","1770","2280","0.2881","6534","10313","0.5784","23201","1","2877","없음","없음","8545","4469","26108","높음","0.975","0.025","0.2","31160","2915","466","107","0.1111","0.5926","0.1852","0.1111","0","0","0"
"X","원목마루","가구/인테리어>DIY자재/용품","X","O","16.97","3340","3564","0.0671","9656","9149","-0.0525","39205","1","3714","없음","없음","56665","17241","72745","높음","1","0","0.1","60011","12634","7375","467","0.3333","0.037","0.4815","0.1481","0","0","0"
"O","무타공중문셀프","가구/인테리어>DIY자재/용품","X","O","17.53","770","0","","2345","0","","0","","0","없음","없음","13501","7244","51096","중간","0.85","0.15","0.825","57455","744","477","27","0","0","0","1","744","477","28"
"X","반투명시트지","가구/인테리어>DIY자재/용품","X","O","43.85","1980","1968","-0.0061","6931","7000","0.01","32951","3","3315","없음","없음","86828","9652","12777","높음","1","0","0.475","17338","30804","8069","1140","0.4444","0.2963","0.1481","0.1111","0","0","0"
"O","재료분리대","가구/인테리어>DIY자재/용품","X","O","8.56","2300","2483","0.0796","7997","7281","-0.0895","40683","7","3959","없음","없음","19694","4390","7428","높음","1","0","0.4","14237","368","119","13","0","0.1111","0.8519","0.037","0","0","0"
"X","방문고리","가구/인테리어>DIY자재/용품","O","O","29.41","2150","2275","0.0581","7421","7255","-0.0224","34261","8","3471","없음","없음","63233","3557","20520","높음","1","0","0.125","12403","50110","19655","1855","0.6296","0.2222","0.1481","0","0","0","0"
"X","베란다데크타일","가구/인테리어>DIY자재/용품","X","O","7.15","2200","2713","0.2332","5958","7742","0.2994","28514","11","2901","없음","없음","15738","2991","16240","높음","0.975","0.025","0.325","31608","37303","7374","1381","0.6667","0.0741","0.2222","0.037","0","0","0"
"X","벽데코타일","가구/인테리어>DIY자재/용품","O","O","57.91","900","797","-0.1144","2946","2839","-0.0363","16851","5","1820","없음","없음","52121","23072","20623","높음","0.975","0.025","0.3","26716","4969","1419","184","0.037","0.7037","0.1111","0.1481","0","0","0"
"O","철문","가구/인테리어>DIY자재/용품","X","O","86.73","1440","1395","-0.0313","5133","4904","-0.0446","25916","10","2615","없음","없음","124898","30408","217460","높음","0.4","0.6","0.975","81289","23183","10186","662","0.2","0.1429","0.1143","0.5429","10","4","1"
"X","인조잔디롤","가구/인테리어>DIY자재/용품","X","X","194.9","260","178","-0.3154","1065","1351","0.2685","2737","4","473","있음","3,4,5,6,12","50675","17112","58572","높음","0.925","0.075","0.475","114714","4723","817","174","0.2222","0.2593","0.3704","0.1481","2","2","1"
"X","불투명시트지","가구/인테리어>DIY자재/용품","X","O","22.42","2610","3473","0.3307","9618","11829","0.2299","45339","3","4741","없음","없음","58507","20397","10171","높음","1","0","0.125","15147","26728","8098","989","0.4444","0.3333","0.1852","0.037","52","52","52"
"O","천장텍스","가구/인테리어>DIY자재/용품","X","O","2.7","2030","2074","0.0217","7206","6118","-0.151","41600","7","4493","없음","없음","5489","2476","24905","높음","0.75","0.25","0.6","29498","1109","438","41","0.0741","0.037","0.7407","0.1481","0","0","0"
"X","그라데이션시트지","가구/인테리어>DIY자재/용품","X","O","5.74","1230","1360","0.1057","4237","4400","0.0385","17927","3","1747","없음","없음","7055","2824","47365","높음","0.9","0.1","0.5","30810","608","101","22","0.3333","0","0.4815","0.1852","0","0","0"
"X","미닫이문설치","가구/인테리어>DIY자재/용품","X","X","26.62","750","762","0.016","2219","2280","0.0275","13075","1","1359","없음","없음","19965","5944","55188","높음","0.75","0.25","0.775","65398","2179","548","80","0","0.0741","0.4815","0.4444","1818","548","152"
"X","상다리","가구/인테리어>DIY자재/용품","X","O","54.22","1080","1090","0.0093","3082","2835","-0.0801","18711","2","2041","없음","없음","58557","9684","4086","높음","1","0","0.75","13034","1917","364","71","0.1111","0.1481","0.7407","0","0","0","0"
"X","이지경첩","가구/인테리어>DIY자재/용품","O","O","21.7","2150","2427","0.1288","8563","10580","0.2355","30807","11","3075","없음","없음","46661","1172","5746","높음","1","0","0.5","10338","8735","1750","323","0.3333","0.0741","0.4444","0.1481","0","0","0"
"X","베란다화단덮개","가구/인테리어>DIY자재/용품","X","X","5.21","670","580","-0.1343","2095","1582","-0.2449","14592","5","1605","없음","없음","3491","1434","94098","중간","0.725","0.275","0.85","55605","4904","2798","140","0.0286","0.0571","0.0286","0.8857","0","0","0"
"O","아파트중문가격","가구/인테리어>DIY자재/용품","X","O","37.42","1180","1118","-0.0525","3411","3921","0.1495","17595","1","2048","없음","없음","44159","16682","769375","높음","0.975","0.025","0.025","224799","10224","4986","300","0.0882","0.0882","0.5","0.3235","1758","553","160"
"O","야광별스티커","가구/인테리어>DIY자재/용품","X","O","58.51","770","631","-0.1805","2022","1086","-0.4629","11090","8","1573","없음","없음","45056","3217","6257","높음","1","0","0.85","7990","19633","3055","727","0.4815","0.2222","0.2963","0","0","0","0"
"X","페데스탈","가구/인테리어>DIY자재/용품","X","O","1","3560","3829","0.0756","12563","11189","-0.1094","59583","5","5739","없음","없음","3543","1096","24024","높음","0.925","0.075","0.25","120741","12","3","0","0","0","0.7778","0.2222","0","0","0"
"O","스마트필름","가구/인테리어>DIY자재/용품","X","X","2277.39","740","194","-0.7378","3512","1712","-0.5125","37884","2","13160","있음","2","1685267","243520","166121","높음","0.725","0.275","0.875","59704","8651","1234","320","0.1852","0.1111","0.3333","0.3704","0","0","0"
"X","강마루보수","가구/인테리어>DIY자재/용품","X","O","2.75","2750","2666","-0.0305","9967","10455","0.049","52274","1","5059","없음","없음","7551","749","10192","높음","0.975","0.025","0.325","18769","13827","5401","512","0.1481","0.3333","0.5185","0","0","0","0"
"X","엠보사각싱크볼","가구/인테리어>DIY자재/용품","O","O","2.48","1230","1167","-0.0512","2548","2353","-0.0765","4457","9","709","없음","없음","3050","492","367202","높음","1","0","0","279077","198","40","7","0.037","0.3333","0.4444","0.1852","15","15","3"
"O","에넥스싱크대","가구/인테리어>DIY자재/용품","O","O","1.35","2220","1773","-0.2014","5975","4322","-0.2767","24806","8","2405","없음","없음","2996","40","1037244","높음","0.95","0.05","0","149672","481","131","17","0","0.0741","0.7778","0.1481","0","0","0"
"O","철제다리","가구/인테리어>DIY자재/용품","X","O","265.83","750","726","-0.032","2276","2017","-0.1138","15838","1","1681","없음","없음","199372","60805","28175","높음","0.9","0.1","0.525","44351","1340","257","49","0.037","0.037","0.8148","0.1111","1","1","0"
"X","초슬림3연동중문","가구/인테리어>DIY자재/용품","X","O","1.63","2290","2308","0.0079","6348","6518","0.0268","12688","1","1948","없음","없음","3730","118","887928","높음","1","0","0.05","525274","121","46","4","0","0","0.8148","0.1852","1","1","0"
"X","상다리부속","가구/인테리어>DIY자재/용품","X","O","12.73","1430","1561","0.0916","3400","3369","-0.0091","11321","9","1843","없음","없음","18198","1891","4831","중간","0.975","0.025","0.625","11213","4327","1147","160","0.1111","0.1111","0.7037","0.0741","0","0","0"
"X","업소용현관매트","가구/인테리어>DIY자재/용품","X","O","145.19","1310","2331","0.7794","5114","7347","0.4366","23251","12","3782","없음","없음","190203","25788","16457","높음","1","0","0.175","25889","9172","2753","339","0.2222","0.2963","0.4444","0.037","0","0","0"
"X","mdf","가구/인테리어>DIY자재/용품","O","O","70.37","6950","7439","0.0704","23068","21674","-0.0604","145238","3","13467","없음","없음","489091","30783","8885","높음","1","0","0.25","10918","2090","713","77","0.3704","0.1481","0.4815","0","0","0","0"
"X","ㄱ자몰딩","가구/인테리어>DIY자재/용품","X","O","81.82","850","868","0.0212","2942","3005","0.0214","11700","10","1183","없음","없음","69551","27061","6877","높음","1","0","0.275","13640","1605","329","59","0.037","0.2222","0.5926","0.1481","0","0","0"
"O","매미고리","가구/인테리어>DIY자재/용품","X","O","22.63","1280","1306","0.0203","4973","4795","-0.0358","27529","7","2581","없음","없음","28971","466","2916","높음","1","0","0.75","13904","1412","202","52","0.3333","0.0741","0.5926","0","0","0","0"
"X","미닫이문레일","가구/인테리어>DIY자재/용품","X","O","30.08","1490","1665","0.1174","4852","5920","0.2201","18135","2","2029","없음","없음","44825","11574","55213","높음","0.975","0.025","0.475","26322","897","164","33","0","0.1111","0.7778","0.1111","0","0","0"
"O","석고보드가격","가구/인테리어>DIY자재/용품","X","O","174.54","1700","1627","-0.0429","5493","5218","-0.0501","20934","10","2009","없음","없음","296717","104581","12371","높음","0.975","0.025","0.525","16331","3023","2152","111","0.1852","0.037","0.7407","0.037","0","0","0"
"O","아티잔edu858","가구/인테리어>DIY자재/용품","O","O","0.01","2550","3074","0.2055","7806","7456","-0.0448","30667","8","5204","있음","7,8,9,10,11,12","16","0","619036","중간","1","0","0","211415","25821","9294","782","0.1515","0.1515","0.5758","0.1212","77","55","19"
"X","원목","가구/인테리어>DIY자재/용품","X","O","2436.39","4360","4484","0.0284","14836","13658","-0.0794","88587","3","8809","없음","없음","10622662","3901800","6911","높음","1","0","0.3","22650","13182","5829","488","0.2963","0.2222","0.3704","0.1111","0","0","0"
"X","창문썬팅지","가구/인테리어>DIY자재/용품","X","O","24.78","1180","1068","-0.0949","5988","3622","-0.3951","32559","6","4485","없음","없음","29238","3534","11871","높음","1","0","0.175","20253","37093","8126","1373","0.3333","0.4074","0.1111","0.1481","52","52","13"
"X","한샘씽크대","가구/인테리어>DIY자재/용품","O","O","3.47","2090","1753","-0.1612","6717","5041","-0.2495","39762","3","4373","없음","없음","7256","29","2734572","높음","1","0","1","2150238","95","37","3","0.0741","0.037","0.6296","0.2593","1","1","0"
"O","헬스장바닥매트","가구/인테리어>DIY자재/용품","X","O","16.97","1140","1553","0.3623","3963","7538","0.9021","5218","2","732","없음","없음","19351","7304","159608","높음","0.9","0.1","0.6","30033","11636","3939","430","0.3704","0.4444","0.037","0.1481","0","0","0"
"X","흑단나무","가구/인테리어>DIY자재/용품","O","O","13.97","2420","2395","-0.0103","4983","5052","0.0138","17770","4","2077","없음","없음","33797","16786","21447","높음","0.675","0.325","0.9","21147","2456","734","81","0.1667","0.1333","0.2333","0.4667","51","29","4"
"O","무타공슬라이드도어","가구/인테리어>DIY자재/용품","X","O","5.06","560","0","","1498","0","","100","5","100","있음","5","2831","1222","52849","중간","0.6","0.4","0.65","63918","5082","2726","141","0.0278","0","0.25","0.7222","1861","548","72"
"X","방한벽지","가구/인테리어>DIY자재/용품","X","X","12.14","1690","2387","0.4124","2571","6203","1.4127","13984","11","2612","있음","1,10,11,12","20512","2029","29393","높음","0.95","0.05","0.425","37545","40195","10032","1488","0.3704","0.1481","0.3704","0.1111","0","0","0"
"X","벽지시트지","가구/인테리어>DIY자재/용품","X","O","306.94","1420","1448","0.0197","4450","4572","0.0274","22577","2","2186","없음","없음","435854","123322","20536","높음","1","0","0.275","15723","31462","10031","1165","0.3333","0.5185","0.1111","0.037","0","0","0"
"X","식탁유리","가구/인테리어>DIY자재/용품","O","O","84.57","2160","2278","0.0546","8938","8633","-0.0341","37750","1","3699","없음","없음","182669","73419","9543","높음","0.95","0.05","0.575","42001","51333","17489","1425","0.1111","0.0556","0.6111","0.2222","4756","3002","595"
"X","온돌용데코타일","가구/인테리어>DIY자재/용품","O","O","0.34","1190","1156","-0.0286","3800","3769","-0.0082","14855","3","1481","없음","없음","405","2","43495","높음","1","0","0.1","45385","5030","3043","186","0.037","0.1852","0.7778","0","0","0","0"
"O","알루미늄몰딩","가구/인테리어>DIY자재/용품","X","O","79.8","1280","1319","0.0305","4559","4208","-0.077","20753","8","2033","없음","없음","102142","18534","9380","높음","0.975","0.025","0.55","12324","1864","599","69","0.2963","0.1111","0.4444","0.1481","0","0","0"
"X","노르들리옷걸이봉","가구/인테리어>DIY자재/용품","X","X","0.84","680","862","0.2676","1701","3339","0.963","395","11","77","있음","1,3,9,11,12","571","237","138940","높음","0.6","0.4","0.25","14029","33458","10408","1239","0.5185","0.2222","0.2593","0","0","0","0"
"O","접이식테이블다리","가구/인테리어>DIY자재/용품","X","O","227.81","570","588","0.0316","1618","1553","-0.0402","10719","3","1128","없음","없음","129854","49670","14348","높음","0.925","0.075","0.8","23609","3873","2142","143","0.2222","0.2222","0.4444","0.1111","1","1","0"
"X","천정몰딩","가구/인테리어>DIY자재/용품","X","O","39.03","800","758","-0.0525","2787","2547","-0.0861","17773","10","1718","없음","없음","31223","5272","14175","높음","0.95","0.05","0.475","17008","7698","4607","285","0.037","0.2963","0.6296","0.037","0","0","0"
"O","한샘싱크볼","가구/인테리어>DIY자재/용품","O","O","1.48","1120","1050","-0.0625","3725","3030","-0.1866","16222","7","1683","없음","없음","1652","6","1981705","중간","1","0","0.375","157515","4491","3691","166","0.1111","0.1852","0.4444","0.2593","23","15","3"
"O","호야온돌가격","가구/인테리어>DIY자재/용품","O","O","0.08","1210","1933","0.5975","1440","385992","267.05","2724","12","2421","있음","12","98","0","391697","중간","1","0","0.1","252989","610","218","22","0","0","0.9259","0.0741","12","9","6"
"O","골드폭스보드가격","가구/인테리어>DIY자재/용품","X","O","0.24","1070","0","","1479","0","","120","3","40","있음","3,11,12","256","88","259917","중간","0.8","0.2","0.175","31634","4795","2909","154","0.129","0.129","0.7419","0","0","0","0"
"X","현관타일","가구/인테리어>DIY자재/용품","X","O","35.95","4290","4122","-0.0392","13301","11966","-0.1004","83370","3","8210","없음","없음","154245","56732","24320","높음","1","0","0.075","25603","20676","7374","765","0.2963","0.4074","0.1481","0.1481","0","0","0"
"X","평몰딩","가구/인테리어>DIY자재/용품","X","O","4.84","1810","1737","-0.0403","5649","5370","-0.0494","27820","10","2595","없음","없음","8765","419","12167","높음","0.975","0.025","0.1","9970","511","64","14","0.0278","0.0556","0.8333","0.0833","1","1","0"
"O","깜뽀르테860","가구/인테리어>DIY자재/용품","O","O","0.11","2330","2410","0.0343","7445","7347","-0.0132","23283","8","2376","없음","없음","266","10","436645","높음","1","0","0","486399","30","4","0","0.0556","0","0.8889","0.0556","3","3","2"
"O","주방자석시트지","가구/인테리어>DIY자재/용품","X","O","5.42","490","0","","1940","0","","0","","0","없음","없음","2654","1783","35992","중간","0.75","0.25","0.45","28516","8334","5683","308","0.037","0.2222","0.2593","0.4815","13","4","1"
"X","타일장판","가구/인테리어>DIY자재/용품","X","O","32.28","1470","1289","-0.1231","4618","3721","-0.1942","25815","3","2626","없음","없음","47457","21878","45615","높음","0.425","0.575","0.825","42527","20328","4771","752","0.2963","0.3704","0.1481","0.1852","4","4","1"
"X","mdf재단","가구/인테리어>DIY자재/용품","O","O","4.02","1200","1298","0.0817","3935","4093","0.0402","28151","3","2738","없음","없음","4819","370","3985","높음","1","0","0.1","15250","1339","775","49","0.2963","0.1481","0.2963","0.2593","197","101","28"
"O","영림도어방문","가구/인테리어>DIY자재/용품","O","O","1.59","1060","1614","0.5226","3702","1750","-0.5273","5998","5","1744","있음","5","1690","3","44898","중간","1","0","0","115817","20326","19637","700","0.0345","0","0.8966","0.069","12","9","6"
"X","베슬라그손잡이","가구/인테리어>DIY자재/용품","X","X","1.25","880","1126","0.2795","3232","3388","0.0483","13866","11","1327","없음","없음","1103","776","42356","중간","0.425","0.575","0.925","53137","1","1","0","0","0","0.0714","0.9286","1","1","0"
"O","싱크대상부장","가구/인테리어>DIY자재/용품","X","O","44.64","1940","1787","-0.0789","6760","5747","-0.1499","29969","8","2856","없음","없음","86601","24544","842140","높음","1","0","0.075","84937","1974","1077","73","0.1111","0.0741","0.3704","0.4444","6","2","1"
"X","욕실문","가구/인테리어>DIY자재/용품","X","O","102.08","990","1013","0.0232","3419","2912","-0.1483","16161","5","1505","없음","없음","101063","23031","83436","높음","1","0","0.3","85466","37869","19652","1262","0.1333","0","0.4667","0.4","595","553","50"
"X","씽크대시트지","가구/인테리어>DIY자재/용품","X","O","73.73","1650","1637","-0.0079","5675","4996","-0.1196","31695","1","3398","없음","없음","121651","12849","3532","높음","1","0","0.125","16200","26532","5678","982","0.2963","0.2963","0.3333","0.0741","0","0","0"
"O","창호지","가구/인테리어>DIY자재/용품","X","X","7.15","2110","2234","0.0588","6543","6042","-0.0766","32301","6","3100","없음","없음","15082","4381","37051","높음","1","0","0.8","31766","2917","529","100","0.2069","0.1724","0.4828","0.1379","0","0","0"
"O","코너몰딩","가구/인테리어>DIY자재/용품","O","O","55.22","1170","1305","0.1154","4040","4123","0.0205","19355","3","1739","없음","없음","64605","25332","8567","높음","0.975","0.025","0.5","11198","985","329","36","0.0741","0.1481","0.6667","0.1111","0","0","0"
"O","대리석장판","가구/인테리어>DIY자재/용품","X","O","9.36","1190","1066","-0.1042","3713","2897","-0.2198","22330","3","2275","없음","없음","11144","5750","53493","높음","0.875","0.125","0.45","25840","12333","2127","456","0.4444","0.1481","0.2222","0.1852","0","0","0"
"O","스텐봉","가구/인테리어>DIY자재/용품","X","O","268.03","1470","1454","-0.0109","5278","4866","-0.0781","31611","5","3022","없음","없음","394001","66801","6683","높음","0.975","0.025","0.675","11846","21931","8625","843","0.3846","0.0769","0.5","0.0385","0","0","0"
"X","중고싱크대","가구/인테리어>DIY자재/용품","X","X","2.05","1930","1826","-0.0539","6356","5302","-0.1658","35699","3","3389","없음","없음","3949","996","190754","높음","0.45","0.55","0","49571","48643","14663","1801","0.4444","0.4074","0.1481","0","0","0","0"
"X","무늬목시트지","가구/인테리어>DIY자재/용품","X","O","169.63","940","903","-0.0394","3307","3338","0.0094","17118","1","1680","없음","없음","159455","4231","4920","높음","1","0","0.15","9942","31572","3903","1169","0.7037","0.037","0.2593","0","0","0","0"
"O","레드카펫","가구/인테리어>DIY자재/용품","O","O","31.95","4630","6030","0.3024","14055","15085","0.0733","142925","3","29930","있음","1,2,3","147916","55554","36138","높음","0.975","0.025","0.475","51323","2626","1479","97","0.1111","0.037","0.7407","0.1111","0","0","0"
"O","샤워부스경첩","가구/인테리어>DIY자재/용품","O","O","29.63","590","531","-0.1","1993","1785","-0.1044","9152","8","890","없음","없음","17482","948","14269","높음","1","0","0.85","18147","120","32","4","0.0741","0.1481","0.6667","0.1111","0","0","0"
"O","걸레받이시트지","가구/인테리어>DIY자재/용품","X","O","20.73","1720","1845","0.0727","5595","5615","0.0036","28256","3","3074","없음","없음","35652","4737","4440","높음","1","0","0.375","12845","31354","3907","1161","0.3704","0.1852","0.3333","0.1111","0","0","0"
"X","다이소바퀴","가구/인테리어>DIY자재/용품","O","X","0.16","1880","1836","-0.0234","6548","5593","-0.1458","38969","1","5374","없음","없음","301","124","22329","중간","0.8","0.2","0.25","10909","6099","1646","225","0.2222","0.3704","0.3333","0.0741","0","0","0"
"X","자작합판","가구/인테리어>DIY자재/용품","X","O","11.78","1390","1421","0.0223","4629","4730","0.0218","26218","1","2633","없음","없음","16379","1732","21933","높음","1","0","0.55","48631","282","244","10","0.037","0","0.8148","0.1481","0","0","0"
"O","굽도리","가구/인테리어>DIY자재/용품","X","X","6.87","1980","2073","0.047","6146","5666","-0.0781","34899","6","3554","없음","없음","13597","4545","15080","높음","0.925","0.075","0.775","19294","14245","3907","527","0.4074","0.2222","0.3333","0.037","0","0","0"
"O","단프라시트","가구/인테리어>DIY자재/용품","X","O","2.41","1060","1002","-0.0547","3372","3108","-0.0783","15228","4","1581","없음","없음","2552","907","25132","높음","1","0","0.375","42174","1226","145","45","0","0.037","0.8148","0.1481","0","0","0"
"X","무타공폴딩도어","가구/인테리어>DIY자재/용품","O","O","44.64","610","1309","1.1459","1631","2509","0.5383","935","11","200","있음","8,10,11,12","27228","13467","58995","중간","0.65","0.35","0.825","77139","2263","553","70","0","0","0.1563","0.8438","1959","553","73"
"X","방부목기둥","가구/인테리어>DIY자재/용품","X","O","12.03","670","690","0.0299","1851","1573","-0.1502","11101","5","1414","없음","없음","8062","2971","41722","높음","0.75","0.25","0.675","31592","227","53","7","0","0","0.871","0.129","0","0","0"
"O","플로베니아","가구/인테리어>DIY자재/용품","X","O","0.21","2100","2220","0.0571","8636","8246","-0.0452","28433","10","2763","없음","없음","436","34","28265","높음","0.975","0.025","0.375","44355","889","145","32","0","0","1","0","0","0","0"
"O","한샘중문","가구/인테리어>DIY자재/용품","O","O","0.19","1700","1575","-0.0735","5313","5357","0.0083","38816","10","3842","없음","없음","322","0","833584","중간","1","0","0.2","788412","798","411","22","0.0286","0.0571","0.9143","0","0","0","0"
"O","회전판","가구/인테리어>DIY자재/용품","X","O","135.84","1520","1428","-0.0605","5117","4868","-0.0487","32328","1","3182","없음","없음","206479","84916","49590","높음","0.925","0.075","0.9","25778","3363","2064","124","0.3333","0.2222","0.3333","0.1111","0","0","0"
"X","건축판넬","가구/인테리어>DIY자재/용품","X","O","15.12","1560","1734","0.1115","5026","5545","0.1033","35942","6","4327","없음","없음","23591","12315","36175","높음","1","0","0.225","65911","924","613","34","0","0.037","0.8148","0.1481","0","0","0"
"X","디아망","가구/인테리어>DIY자재/용품","O","X","2.51","10790","10800","0.0009","35322","33671","-0.0467","111406","8","11258","없음","없음","27094","4425","48522","높음","1","0","0.45","41944","2300","771","85","0.1111","0.1111","0.5926","0.1852","0","0","0"
"X","방수시트지","가구/인테리어>DIY자재/용품","X","O","119.39","1930","1809","-0.0627","6268","4778","-0.2377","27039","7","2953","없음","없음","230429","93074","6287","높음","1","0","0.65","22547","20153","5683","746","0.3333","0.3704","0.2222","0.0741","3","3","2"
"O","알루미늄바","가구/인테리어>DIY자재/용품","X","O","385.04","730","847","0.1603","2339","2389","0.0214","11259","7","1096","없음","없음","281080","111490","28013","높음","0.675","0.325","0.725","9841","1849","1171","68","0.0741","0","0.7778","0.1481","38","38","10"
"X","방부목가격","가구/인테리어>DIY자재/용품","X","O","247.23","1200","1099","-0.0842","3662","2931","-0.1996","24801","5","3082","없음","없음","296674","133639","9035","높음","0.975","0.025","0.45","107501","468","77","17","0","0","0.8148","0.1852","1","1","0"
"X","우드슬랩상판","가구/인테리어>DIY자재/용품","X","X","59.57","480","443","-0.0771","1280","1123","-0.1227","9007","2","1114","없음","없음","28595","7571","132223","높음","0.75","0.25","0.85","202029","423","241","11","0.0278","0","0.2222","0.75","12","10","0"
"X","집성목","가구/인테리어>DIY자재/용품","X","X","15.01","2650","2722","0.0272","9206","8913","-0.0318","51562","3","5060","없음","없음","39768","3636","14037","높음","1","0","0.55","24975","1275","550","47","0.2222","0.037","0.6667","0.0741","0","0","0"
"O","현관말발굽","가구/인테리어>DIY자재/용품","O","O","22.23","1600","1508","-0.0575","5122","4770","-0.0687","33612","4","3411","없음","없음","35575","908","15263","높음","1","0","0.125","11691","44836","11642","1660","0.3333","0.2593","0.4074","0","0","0","0"
"X","미닫이문손잡이","가구/인테리어>DIY자재/용품","X","O","208.76","580","719","0.2397","1746","2055","0.177","7742","1","765","없음","없음","121081","5970","9190","높음","1","0","0.35","8042","7929","2333","293","0.2963","0.3704","0.2593","0.0741","0","0","0"
"O","템바보드시트지","가구/인테리어>DIY자재/용품","X","O","12.91","570","945","0.6579","1859","2361","0.27","10250","1","1301","없음","없음","7360","4127","13046","중간","0.875","0.125","0.725","28128","2451","462","90","0.0741","0.4815","0.2593","0.1852","0","0","0"
"O","마이너스몰딩","가구/인테리어>DIY자재/용품","X","O","0.25","5620","5508","-0.0199","18535","17787","-0.0404","72708","10","7015","없음","없음","1394","237","18768","높음","1","0","0.225","11918","626","523","23","0","0.037","0.9259","0.037","0","0","0"
"X","베란다폴딩도어","가구/인테리어>DIY자재/용품","O","O","8.99","1650","1661","0.0067","5211","4654","-0.1069","25044","5","2433","없음","없음","14840","7718","75232","높음","0.65","0.35","0.85","81599","19373","10875","538","0.1111","0.0556","0.3056","0.5278","954","477","50"
"O","사무실싱크대","가구/인테리어>DIY자재/용품","X","O","89.64","1130","1185","0.0487","4352","5953","0.3679","13116","10","1398","없음","없음","101292","36574","170568","높음","0.925","0.075","0","114765","795","133","29","0","0.1111","0.6296","0.2593","15","13","2"
"O","욕실타일시트지","가구/인테리어>DIY자재/용품","X","X","88.88","830","1063","0.2807","2392","3346","0.3988","12550","12","1197","없음","없음","73772","32700","6480","높음","0.975","0.025","0.45","17651","11373","4936","421","0.0741","0.8148","0.0741","0.037","0","0","0"
"O","문짝교체","가구/인테리어>DIY자재/용품","X","O","36.19","1930","1754","-0.0912","6610","5712","-0.1359","39182","3","3747","없음","없음","69845","27201","205377","높음","1","0","0.15","101410","20414","19659","816","0.04","0.04","0.36","0.56","223","70","16"
"X","신발장손잡이","가구/인테리어>DIY자재/용품","X","O","132.42","1570","1667","0.0618","5384","5403","0.0035","16062","10","1729","없음","없음","207905","6773","3905","높음","1","0","0.1","8127","4430","807","164","0.6667","0.1111","0.2222","0","0","0","0"
"X","문손잡이교체","가구/인테리어>DIY자재/용품","X","X","49.8","2860","2833","-0.0094","10600","10665","0.0061","76660","1","7431","없음","없음","142432","24691","16824","높음","1","0","0.05","13859","50260","19617","1861","0.5556","0.1111","0.3333","0","0","0","0"
"O","백조깜뽀르테860","가구/인테리어>DIY자재/용품","O","O","0.08","3030","2626","-0.1333","9187","8137","-0.1143","30099","10","3348","없음","없음","231","0","451789","높음","1","0","0","485338","27","4","0","0.0938","0","0.875","0.0313","0","0","0"
"X","현관스토퍼","가구/인테리어>DIY자재/용품","X","O","53.22","1410","1315","-0.0674","4614","4207","-0.0882","25355","4","2495","없음","없음","75047","6027","13272","높음","1","0","0.1","12082","35660","11642","1320","0.2593","0.4444","0.2963","0","0","0","0"
"O","영림필름","가구/인테리어>DIY자재/용품","X","X","2.98","3350","3616","0.0794","10902","11783","0.0808","30603","10","3292","없음","없음","9971","1","53182","높음","1","0","0.075","31664","4433","3690","164","0.037","0.6667","0.2963","0","0","0","0"
"O","매쉬망","가구/인테리어>DIY자재/용품","X","O","262.17","1960","2080","0.0612","7123","6553","-0.08","39701","5","4455","없음","없음","513859","129554","43938","높음","0.925","0.075","0.825","17148","2584","872","95","0.037","0.2963","0.4815","0.1852","4","4","1"
"O","마루바닥찍힘보수","가구/인테리어>DIY자재/용품","O","O","3.42","1790","1721","-0.0385","5914","7456","0.2607","9393","12","1175","없음","없음","6123","951","10824","높음","1","0","0.4","14109","14181","5393","525","0.1481","0.3333","0.4815","0.037","0","0","0"
"O","영림인테리어필름","가구/인테리어>DIY자재/용품","X","O","6.51","1530","1712","0.119","5100","6303","0.2359","14355","10","1411","없음","없음","9963","1","53215","높음","1","0","0.1","34787","673","100","24","0","0.7407","0.1852","0.0741","0","0","0"
"X","아파트현관매트","가구/인테리어>DIY자재/용품","X","O","79.02","950","1875","0.9737","4053","8853","1.1843","8670","1","1282","없음","없음","75071","6722","12738","높음","0.975","0.025","0.175","26091","6976","1437","258","0.1852","0.5926","0.1481","0.0741","47","47","24"
"O","영업시간스티커","가구/인테리어>DIY자재/용품","X","O","12.8","870","911","0.0471","3284","3496","0.0646","19203","1","1765","없음","없음","11140","956","7157","높음","1","0","0.2","11042","2254","721","83","0.4074","0.1481","0.3704","0.0741","0","0","0"
"X","코지블럭","가구/인테리어>DIY자재/용품","O","O","2.19","1260","865","-0.3135","3483","9274","1.6626","1997","10","350","있음","2,3,10,11,12","2764","468","31099","중간","0.875","0.125","0.225","89018","2642","292","91","0.069","0.2414","0.6207","0.069","0","0","0"
"O","높이조절발","가구/인테리어>DIY자재/용품","X","O","105.3","620","748","0.2065","1990","1804","-0.0935","15768","3","1720","없음","없음","65287","14370","4628","높음","1","0","0.4","10026","3779","2317","139","0.1852","0.2963","0.4444","0.0741","0","0","0"
"O","백조싱크사각볼","가구/인테리어>DIY자재/용품","O","O","3.05","1020","0","","1402","16193","10.5499","43","10","18","있음","10","3106","187","329197","높음","1","0","0","278527","204","42","7","0.0741","0.2222","0.4815","0.2222","16","15","3"
"O","샤워부스손잡이","가구/인테리어>DIY자재/용품","O","O","17.58","720","741","0.0292","2669","2321","-0.1304","11314","8","1159","없음","없음","12658","833","16941","높음","0.975","0.025","0.575","14855","2222","1130","82","0.1481","0.2222","0.6296","0","0","0","0"
"O","안개시트지","가구/인테리어>DIY자재/용품","X","O","65.13","1090","1059","-0.0284","3967","4926","0.2417","24406","9","2713","없음","없음","70988","1195","9196","높음","1","0","0.175","21257","28528","8084","1056","0.5926","0.1111","0.1481","0.1481","0","0","0"
"X","벽스티커","가구/인테리어>DIY자재/용품","X","O","647.49","1370","1584","0.1562","4223","4258","0.0083","29664","3","3359","없음","없음","887061","448379","6403","높음","0.875","0.125","0.25","12858","22256","4807","824","0.1852","0.4815","0.1852","0.1481","0","0","0"
"O","트라버틴타일","가구/인테리어>DIY자재/용품","X","X","1.19","1140","2248","0.9719","1774","2767","0.5598","1843","7","313","있음","2,4,6,7,11","1359","573","58979","중간","0.625","0.375","0.425","32318","4940","4450","182","0","0.0741","0.4074","0.5185","0","0","0"
"X","황토벽돌","가구/인테리어>DIY자재/용품","X","O","1.57","1140","1209","0.0605","3492","3655","0.0467","22082","3","2662","없음","없음","1790","635","63686","높음","0.825","0.175","0.625","32098","5301","979","196","0.6296","0","0.2222","0.1481","0","0","0"
"X","구조목","가구/인테리어>DIY자재/용품","X","O","2.72","950","913","-0.0389","2938","2610","-0.1116","17695","4","1772","없음","없음","2587","628","7866","높음","0.95","0.05","0.85","32797","488","122","13","0","0","1","0","0","0","0"
"O","아트보드","가구/인테리어>DIY자재/용품","X","O","92.19","2900","3350","0.1552","8602","9519","0.1066","47336","1","5139","없음","없음","267340","51146","13350","높음","0.975","0.025","0.325","59267","1148","223","42","0.3333","0","0.5926","0.0741","0","0","0"
"O","접착식파벽돌","가구/인테리어>DIY자재/용품","X","X","6.79","650","664","0.0215","2093","2168","0.0358","8910","5","910","없음","없음","4414","708","42111","높음","0.55","0.45","0.875","19228","2110","1307","58","0.1667","0.0556","0.1389","0.6389","0","0","0"
"X","현관문가격","가구/인테리어>DIY자재/용품","X","O","950.18","1620","1626","0.0037","5362","4878","-0.0903","23825","3","2351","없음","없음","1539287","281993","104016","높음","1","0","0.25","235931","20417","6877","567","0.1111","0.1389","0.4167","0.3333","102","102","9"
"X","걸쇠","가구/인테리어>DIY자재/용품","X","X","136.71","3420","3487","0.0196","12072","11621","-0.0374","57889","3","5356","없음","없음","467562","149278","3067","높음","0.95","0.05","1","7379","7245","1767","268","0.4074","0.2222","0.3333","0.037","3","3","3"
"O","골강판","가구/인테리어>DIY자재/용품","X","O","3.68","1130","1362","0.2053","3284","3318","0.0104","16986","5","1648","없음","없음","4163","2127","19359","높음","0.725","0.275","0.4","87148","106","98","3","0","0","0.8519","0.1481","0","0","0"
"X","리바트싱크대","가구/인테리어>DIY자재/용품","O","O","0.85","1970","2147","0.0898","5993","5756","-0.0395","26046","2","2737","없음","없음","1682","2","3704760","높음","1","0","0.175","2064781","140","74","5","0.037","0","0.8148","0.1481","15","13","4"
"O","문경첩","가구/인테리어>DIY자재/용품","X","O","94.17","3150","3415","0.0841","9688","9713","0.0026","38970","3","3705","없음","없음","296632","35855","9244","높음","1","0","0.65","6583","4409","1752","163","0.3333","0.1111","0.5556","0","0","0","0"
"O","영림몰딩","가구/인테리어>DIY자재/용품","X","O","0.78","4190","4281","0.0217","13964","13848","-0.0083","65524","3","6037","없음","없음","3264","16","9848","높음","1","0","0.6","16070","488","100","18","0","0.1481","0.8519","0","0","0","0"
"O","현관문말발굽","가구/인테리어>DIY자재/용품","O","O","35.67","1210","1151","-0.0488","4956","4479","-0.0962","21223","10","2123","없음","없음","43156","1212","15688","높음","1","0","0.15","12367","37757","11636","1398","0.2593","0.3704","0.3704","0","0","0","0"
"O","업소용발매트","가구/인테리어>DIY자재/용품","X","O","214.05","740","757","0.023","2293","2369","0.0331","14359","4","2345","없음","없음","158400","22755","17277","높음","0.975","0.025","0.225","25187","6568","1006","243","0.2593","0.4815","0.2222","0.037","0","0","0"
"O","폴딩도어손잡이","가구/인테리어>DIY자재/용품","O","O","21.28","670","719","0.0731","2517","2785","0.1065","12776","1","1317","없음","없음","14257","4721","24251","높음","0.9","0.1","0.675","19582","299","68","11","0.0741","0.0741","0.5185","0.3333","3","1","0"
"X","베이비라이크맘싵","가구/인테리어>DIY자재/용품","O","O","0.08","810","987","0.2185","2422","2756","0.1379","10349","3","1667","없음","없음","66","0","30075","중간","1","0","0","67440","14965","2300","554","0.8889","0.0741","0.037","0","0","0","0"
"O","알루미늄판넬","가구/인테리어>DIY자재/용품","X","O","170.75","550","574","0.0436","2046","1943","-0.0503","10688","4","1024","없음","없음","93913","38738","85611","높음","0.55","0.45","0.5","25610","344","179","12","0.037","0.0741","0.6667","0.2222","1","1","0"
"O","거실포인트벽지","가구/인테리어>DIY자재/용품","X","X","140.32","580","565","-0.0259","1918","1761","-0.0819","12551","1","1191","없음","없음","81383","29156","32697","높음","0.625","0.375","0.425","23891","10473","5032","387","0.1111","0.6667","0.1111","0.1111","0","0","0"
"X","무타공손잡이","가구/인테리어>DIY자재/용품","X","O","0","0","","","","","","5860","11","584","없음","없음","50773","5568","3935","낮음","1","0","0.7","15825","4427","1134","163","0.2222","0.5926","0.0741","0.1111","0","0","0"
"O","무타공중문설치","가구/인테리어>DIY자재/용품","X","O","10.45","900","0","","3407","0","","30","10","30","있음","10","9409","4386","46784","중간","0.825","0.175","0.75","98499","11322","6643","419","0.1852","0.037","0.2963","0.4815","1785","553","137"
"O","징크","가구/인테리어>DIY자재/용품","X","O","22.32","4140","4075","-0.0157","15125","12967","-0.1427","72691","5","7249","없음","없음","92399","48123","34300","높음","0.925","0.075","0.775","19794","251075","148208","9299","0.4444","0.0741","0.4074","0.0741","20090","19992","10045"
"O","셀프중문설치","가구/인테리어>DIY자재/용품","X","X","15.36","810","652","-0.1951","2150","2118","-0.0149","2272","10","538","있음","10,11","12438","6005","221330","중간","0.9","0.1","0.7","85527","12135","6628","346","0.2","0","0.2571","0.5429","1956","548","103"
"O","벽지보수스티커","가구/인테리어>DIY자재/용품","O","O","12.48","670","758","0.1313","2311","2948","0.2756","2595","5","290","없음","없음","8359","1412","3575","중간","0.975","0.025","0.675","7910","15600","4965","577","0.1481","0.3333","0.4074","0.1111","0","0","0"
"O","싱크볼교체비용","가구/인테리어>DIY자재/용품","X","X","0.02","2820","2698","-0.0433","8221","7435","-0.0956","31199","7","3443","없음","없음","50","20","205461","높음","0.6","0.4","0","243400","2732","2100","94","0.0345","0.2414","0.5517","0.1724","84","55","17"
"X","욕실문교체","가구/인테리어>DIY자재/용품","X","O","16.73","1380","1290","-0.0652","4538","3633","-0.1994","18982","8","1829","없음","없음","23088","1938","132569","높음","1","0","0.1","86853","2092","999","77","0.037","0","0.5556","0.4074","41","28","4"
"O","천장마감재","가구/인테리어>DIY자재/용품","X","X","16.38","1020","1007","-0.0127","3840","3508","-0.0865","18093","7","1770","없음","없음","16709","8196","22868","높음","0.725","0.275","0.7","81329","6045","3170","223","0.0741","0.037","0.5185","0.3704","25","25","3"
"O","사무실씽크대","가구/인테리어>DIY자재/용품","X","O","104.42","970","1155","0.1907","3334","3323","-0.0033","18535","3","1875","없음","없음","101292","36575","170568","높음","0.925","0.075","0","119016","1404","513","52","0","0.1852","0.5926","0.2222","17","13","3"
