"신규진입 키워드","키워드","카테고리","브랜드 키워드","쇼핑성 키워드","경쟁률","최근 1개월 검색량","예상 1개월 검색량","예상1개월 검색량 상승률","최근 3개월 검색량","예상 3개월 검색량","예상3개월 검색량 상승률","작년 검색량","작년 최대검색 월","작년최대 검색월 검색량","계절성","계절성 월","네이버 상품수","네이버 해외 상품수","네이버 평균가","네이버 경쟁강도","네이버 일반배송비율","네이버 해외배송비율","네이버 묶음상품비율","쿠팡 평균가","쿠팡 총리뷰수","쿠팡 최대리뷰수","쿠팡 평균리뷰수","쿠팡 로켓배송비율","쿠팡 판매자로켓 배송비율","쿠팡 일반배송비율","쿠팡 해외배송비율","쿠팡 해외배송 총리뷰수","쿠팡 해외배송 최대리뷰수","쿠팡 해외배송 평균리뷰수"
"X","파티션","가구/인테리어>인테리어소품","X","O","29.39","67200","74083","0.1024","201460","232856","0.1558","1011065","1","103893","없음","없음","1974983","809390","69414","높음","1","0","0.225","66927","3019","795","111","0.2593","0.037","0.4815","0.2222","248","228","41"
"X","벽시계","가구/인테리어>인테리어소품","X","O","52.53","38830","37213","-0.0416","141657","126093","-0.1099","612090","7","60907","없음","없음","2039815","638609","53748","높음","1","0","0","20302","97217","24439","3600","0.5556","0.1481","0.1852","0.1111","0","0","0"
"X","식탁등","가구/인테리어>인테리어소품","X","O","44.6","21470","21416","-0.0025","69889","68720","-0.0167","379618","1","39545","없음","없음","957652","352871","157291","높음","1","0","0.9","51657","9897","2004","366","0.6667","0.037","0.2593","0.037","0","0","0"
"X","액막이명태","가구/인테리어>인테리어소품","X","O","0.87","36850","39532","0.0728","119332","176438","0.4785","239203","12","39485","없음","없음","32118","3909","20051","높음","1","0","0.075","19624","8306","1434","230","0.1389","0.5833","0.2778","0","0","0","0"
"X","탁상시계","가구/인테리어>인테리어소품","X","O","39.25","24900","27180","0.0916","73258","79764","0.0888","265840","1","29030","없음","없음","977438","295220","19313","높음","1","0","0.7","17265","50073","15269","1854","0.8148","0.1481","0.037","0","0","0","0"
"X","led등","가구/인테리어>인테리어소품","X","O","181.18","32510","33405","0.0275","92589","93075","0.0052","521671","3","56216","없음","없음","5890323","1560360","15784","높음","1","0","0.025","13249","47146","10727","1746","0.6296","0.1852","0.1481","0.037","0","0","0"
"X","디퓨저","가구/인테리어>인테리어소품","X","O","25.45","46700","48903","0.0472","153944","148533","-0.0351","918283","4","149432","없음","없음","1188454","284055","26342","높음","1","0","0.75","19564","946741","165781","35064","0.5185","0.4074","0.037","0.037","0","0","0"
"X","가벽","가구/인테리어>인테리어소품","X","O","27.93","16200","18346","0.1325","50350","62669","0.2447","287274","3","30452","없음","없음","452428","225500","69824","높음","0.975","0.025","0.275","114151","5296","795","196","0.1852","0","0.3333","0.4815","893","262","69"
"X","led모듈","가구/인테리어>인테리어소품","X","O","39.01","22440","22857","0.0186","62352","63755","0.0225","349411","2","33287","없음","없음","875406","294837","9646","높음","1","0","0.125","17715","10256","3173","379","0.4074","0.2222","0.2222","0.1481","0","0","0"
"X","무드등","가구/인테리어>인테리어소품","X","O","71.27","28180","33426","0.1862","87288","108039","0.2377","545050","1","58516","없음","없음","2008259","630791","27132","높음","1","0","0.3","16987","26305","4865","974","0.4074","0.4444","0.0741","0.0741","0","0","0"
"X","식물등","가구/인테리어>인테리어소품","X","O","9.26","15220","15128","-0.006","39558","53708","0.3577","231995","3","28022","없음","없음","140969","60971","22612","높음","1","0","0.075","18872","10563","3131","391","0.5185","0.2222","0.1481","0.1111","0","0","0"
"X","사진인화","가구/인테리어>인테리어소품","X","O","3.15","60700","68542","0.1292","191182","218264","0.1417","867880","12","84499","없음","없음","191254","107150","9357","높음","1","0","0.05","24463","17785","10273","658","0.0741","0.037","0.8519","0.037","0","0","0"
"X","센서등","가구/인테리어>인테리어소품","X","O","11.35","22270","25173","0.1304","68296","73951","0.0828","320292","1","35169","없음","없음","252708","39834","12809","높음","1","0","0.625","15915","25146","6690","931","0.5556","0.2593","0.1481","0.037","0","0","0"
"X","가벽파티션","가구/인테리어>인테리어소품","X","O","25.62","15330","18070","0.1787","47208","65339","0.3841","217913","11","21077","없음","없음","392772","199166","66087","높음","1","0","0.15","90248","7324","795","271","0.0741","0","0.4074","0.5185","1106","262","79"
"X","현관센서등","가구/인테리어>인테리어소품","X","O","9.21","16150","17610","0.0904","50053","54136","0.0816","209598","1","20753","없음","없음","148819","17055","12938","높음","1","0","0.1","19462","26556","6685","983","0.5926","0.1111","0.2222","0.0741","0","0","0"
"X","액자","가구/인테리어>인테리어소품","X","O","218.69","31310","33981","0.0853","103706","105022","0.0127","587229","1","57974","없음","없음","6847185","1511255","19885","높음","1","0","0.075","10428","13973","2803","517","0.2963","0.4815","0.2222","0","0","0","0"
"X","led전구","가구/인테리어>인테리어소품","X","O","157.36","16550","18372","0.1101","47307","59445","0.2566","265272","1","27108","없음","없음","2604294","525235","3588","높음","1","0","0.1","12665","76065","12197","2817","0.8148","0","0.0741","0.1111","0","0","0"
"X","인센스홀더","가구/인테리어>인테리어소품","O","O","11.88","10270","12095","0.1777","29781","31043","0.0424","160751","3","15015","없음","없음","121984","39421","23301","높음","0.975","0.025","0.325","12188","8716","3073","322","0.3333","0.4444","0.1481","0.0741","10","10","5"
"X","라부부옷","가구/인테리어>인테리어소품","O","O","3.51","14440","13226","-0.0841","78430","119958","0.5295","2359","12","497","있음","6,7,9,10,11,12","50678","37836","9133","중간","0.85","0.15","0.175","17492","158","31","5","0","0.3704","0.0741","0.5556","39","16","3"
"X","집들이선물","가구/인테리어>인테리어소품","X","X","28","69000","74021","0.0728","249567","264678","0.0605","1549501","1","153714","없음","없음","1932074","750789","38075","높음","1","0","0.075","32565","9779","2250","362","0.3333","0.3333","0.1852","0.1481","3","3","1"
"X","거실등","가구/인테리어>인테리어소품","X","O","64.01","23120","24508","0.06","65072","64972","-0.0015","277149","1","26975","없음","없음","1479912","559852","40710","높음","1","0","0.125","54697","30315","10728","1122","0.4444","0.2963","0.1111","0.1481","0","0","0"
"X","장스탠드","가구/인테리어>인테리어소품","X","O","69.94","8060","9277","0.151","25410","28415","0.1183","114639","1","12795","없음","없음","563689","277317","94940","높음","0.975","0.025","0.45","65892","32885","16204","1217","0.4815","0.2222","0","0.2963","37","18","5"
"X","식탁조명","가구/인테리어>인테리어소품","X","O","81.84","12350","12730","0.0308","41457","47106","0.1363","201462","1","20510","없음","없음","1010670","379398","88040","높음","1","0","0.1","49827","9770","1980","361","0.4444","0.0741","0.4074","0.0741","0","0","0"
"X","패브릭포스터","가구/인테리어>인테리어소품","X","O","33.32","11380","12432","0.0924","39936","41097","0.0291","295069","3","32012","없음","없음","379144","84683","12831","높음","0.95","0.05","0.45","15650","14887","4564","551","0.4074","0.5185","0.037","0.037","0","0","0"
"X","led조명","가구/인테리어>인테리어소품","X","O","357.75","26780","27572","0.0296","81263","82738","0.0182","463816","3","54967","없음","없음","9580419","2966380","17357","높음","1","0","0.025","17072","34984","10731","1295","0.5926","0.2593","0.1481","0","0","0","0"
"X","led전등","가구/인테리어>인테리어소품","O","O","22.26","18120","20261","0.1182","49937","51873","0.0388","144502","8","15840","없음","없음","403414","102690","31186","높음","1","0","0.025","15996","43712","10718","1618","0.5185","0.1852","0.1852","0.1111","0","0","0"
"X","led전등교체","가구/인테리어>인테리어소품","O","O","0.82","41000","40367","-0.0154","120512","109785","-0.089","437416","1","54738","없음","없음","33542","6268","36843","높음","1","0","0","19066","70982","10734","2628","0.7407","0.1111","0.1111","0.037","0","0","0"
"X","오르골","가구/인테리어>인테리어소품","X","O","25.21","16240","34476","1.1229","41332","94034","1.2751","271698","12","60766","있음","11,12","409446","150507","39665","높음","0.975","0.025","0.45","28123","3613","809","133","0.4074","0.2222","0.1852","0.1852","0","0","0"
"X","거실led등","가구/인테리어>인테리어소품","X","O","39.47","17930","17796","-0.0075","49589","47873","-0.0346","203873","1","21737","없음","없음","707703","203881","36146","높음","1","0","0.125","30222","61869","10726","2291","0.6667","0.2222","0.037","0.0741","0","0","0"
"X","레제포스터","가구/인테리어>인테리어소품","X","O","0.08","22240","0","","22432","0","","0","","0","없음","없음","1776","728","11863","낮음","0.7","0.3","0.45","21520","20","10","0","0","0","0.6667","0.3333","1","1","0"
"X","led주방등","가구/인테리어>인테리어소품","X","O","42.35","8240","8445","0.0249","24860","24300","-0.0225","134250","6","12731","없음","없음","348935","97322","36607","높음","0.975","0.025","0.125","23196","23404","5243","866","0.5556","0.1111","0.2222","0.1111","0","0","0"
"X","조명","가구/인테리어>인테리어소품","X","O","346.01","57000","60136","0.055","175037","195419","0.1164","975095","12","101260","없음","없음","19722474","7151653","22176","높음","1","0","0.1","25220","18426","4650","682","0.4815","0.2963","0.1852","0.037","21","21","21"
"X","양반갓","가구/인테리어>인테리어소품","O","O","0.59","3850","3157","-0.18","7754","6695","-0.1366","6692","9","894","없음","없음","2282","766","17385","높음","0.8","0.2","0.8","25516","496","123","15","0","0.0303","0.9394","0.0303","0","0","0"
"X","달항아리","가구/인테리어>인테리어소품","X","O","2.37","27180","27632","0.0166","92972","85776","-0.0774","259287","1","26275","없음","없음","64377","23772","63003","높음","0.975","0.025","0.475","37265","1750","904","64","0.037","0.1852","0.6667","0.1111","0","0","0"
"X","부케말리기선물","가구/인테리어>인테리어소품","X","X","0.24","12790","12666","-0.0097","34096","37412","0.0973","168591","10","19237","없음","없음","3013","1139","33750","높음","1","0","0.025","24320","1644","504","60","0.0741","0.2963","0.3704","0.2593","10","7","1"
"X","아크릴액자","가구/인테리어>인테리어소품","X","O","27.07","21790","22627","0.0384","67885","70986","0.0457","354856","10","32756","없음","없음","589767","59977","18550","높음","1","0","0.025","11125","5299","2351","196","0.1481","0.3704","0.4074","0.0741","320","320","160"
"X","주방등","가구/인테리어>인테리어소품","X","O","102.47","9360","9705","0.0369","29230","28052","-0.0403","157543","1","16277","없음","없음","959085","311011","44537","높음","1","0","0.275","26879","19776","3278","732","0.4444","0.1481","0.3333","0.0741","0","0","0"
"X","크리스마스장식","가구/인테리어>인테리어소품","X","X","174.29","15220","143780","8.4468","19362","320314","15.5434","248572","11","113523","있음","11,12","2652749","809030","33103","높음","0.95","0.05","0.2","18554","4893","700","181","0.1852","0.5926","0.0741","0.1481","0","0","0"
"X","위메이크페인팅","가구/인테리어>인테리어소품","O","X","0.04","33820","164159","3.8539","82009","374257","3.5636","134664","11","50087","있음","11,12","1353","656","29052","낮음","1","0","0.275","33364","8070","3092","298","0.1111","0.4074","0.3704","0.1111","0","0","0"
"X","우체통","가구/인테리어>인테리어소품","X","O","24.63","12130","12493","0.0299","43238","41279","-0.0453","232395","5","29671","없음","없음","298707","111723","26651","높음","0.95","0.05","0.55","29404","4047","797","149","0","0.1481","0.7407","0.1111","0","0","0"
"X","led시계","가구/인테리어>인테리어소품","X","O","64.12","8950","9429","0.0535","29445","28572","-0.0296","199361","3","21347","없음","없음","573907","180013","61357","높음","0.975","0.025","0","34120","59322","15262","2197","0.5926","0.2593","0.1481","0","0","0","0"
"X","벽걸이시계","가구/인테리어>인테리어소품","X","O","49.07","10430","10932","0.0481","38495","34468","-0.1046","185115","7","20238","없음","없음","511776","177968","48562","높음","1","0","0","22241","98576","24443","3650","0.5556","0.1481","0.2222","0.0741","0","0","0"
"X","무소음벽시계","가구/인테리어>인테리어소품","X","O","99","6110","6465","0.0581","20943","21924","0.0468","119347","3","12259","없음","없음","604892","132372","54902","높음","0.95","0.05","0","15428","78683","24439","2914","0.5926","0.1852","0.1852","0.037","0","0","0"
"X","led방등","가구/인테리어>인테리어소품","X","O","2.28","13200","9951","-0.2461","32474","30515","-0.0603","139401","9","13347","없음","없음","30114","1771","25496","높음","1","0","0.15","28424","61713","10731","2285","0.5185","0.2963","0.1481","0.037","0","0","0"
"X","무타공회전파티션","가구/인테리어>인테리어소품","X","X","0.05","5590","0","","5590","0","","0","","0","없음","없음","274","171","195344","높음","0.325","0.675","0.225","83020","1293","277","47","0","0","0.2222","0.7778","800","277","38"
"X","레일조명","가구/인테리어>인테리어소품","X","O","9.66","18870","21047","0.1154","54939","61551","0.1204","227208","3","23145","없음","없음","182215","51555","14286","높음","1","0","0","17592","2272","219","84","0.5185","0.1481","0.2593","0.0741","0","0","0"
"X","달항아리액자","가구/인테리어>인테리어소품","X","O","1.22","16300","13808","-0.1529","52386","44246","-0.1554","105536","9","17455","없음","없음","19844","3606","66368","높음","0.975","0.025","0.225","41024","2744","511","101","0.037","0.2593","0.6296","0.0741","0","0","0"
"X","알람시계","가구/인테리어>인테리어소품","X","O","68.57","14170","14423","0.0179","45269","46946","0.037","206475","1","21449","없음","없음","971576","316721","17702","높음","1","0","0.675","16309","35654","11338","1320","0.4815","0.3704","0.0741","0.0741","0","0","0"
"X","크리스마스오르골","가구/인테리어>인테리어소품","X","O","17.5","6720","38639","4.7499","7933","123159","14.5249","167210","12","93323","있음","11,12","117629","48815","66259","높음","0.875","0.125","0.375","42644","3235","420","119","0.037","0.2593","0.5556","0.1481","0","0","0"
"X","캔들워머","가구/인테리어>인테리어소품","X","O","8","14380","16398","0.1403","38349","48648","0.2686","222472","1","27990","없음","없음","115015","45771","28451","높음","0.975","0.025","0.375","28708","50438","8257","1868","0.8148","0.1111","0.0741","0","0","0","0"
"X","코너벽시계","가구/인테리어>인테리어소품","O","O","12.31","5310","3032","-0.429","9329","10352","0.1097","27191","1","8865","있음","1","65369","35914","62273","높음","0.55","0.45","0","67420","248","42","9","0.0741","0","0.1852","0.7407","85","39","4"
"X","led벽시계","가구/인테리어>인테리어소품","X","O","28.96","8540","9990","0.1698","27865","36018","0.2926","107223","1","10268","없음","없음","247350","72347","64940","높음","0.975","0.025","0","39191","54288","15269","2010","0.4444","0.2963","0.1481","0.1111","0","0","0"
"X","더피인형","가구/인테리어>인테리어소품","O","O","0.33","10090","8154","-0.1919","31421","33702","0.0726","1674","3","247","없음","없음","3367","2761","31235","중간","0.375","0.625","0.3","22161","55","10","2","0.0385","0.0385","0.3462","0.5769","18","5","1"
"X","우편함","가구/인테리어>인테리어소품","X","O","44.72","6830","6733","-0.0142","23661","24794","0.0479","128655","3","12252","없음","없음","305426","120419","24865","높음","0.975","0.025","0.6","25013","3714","797","137","0","0.1852","0.7778","0.037","0","0","0"
"X","led형광등","가구/인테리어>인테리어소품","O","O","17.92","9200","10224","0.1113","27126","31012","0.1433","168905","3","20147","없음","없음","164852","21645","9198","높음","1","0","0.5","17000","64332","10732","2382","0.8148","0.0741","0.1111","0","0","0","0"
"X","국립중앙박물관굿즈","가구/인테리어>인테리어소품","O","X","0.02","89800","49546","-0.4483","444198","308999","-0.3044","652465","1","131954","있음","1","1572","546","28584","높음","0.975","0.025","0.1","29550","495","153","18","0","0.3333","0.5926","0.0741","0","0","0"
"X","저승사자갓","가구/인테리어>인테리어소품","X","X","0.28","2660","405","-0.8477","4574","712","-0.8443","521","10","436","있음","10","754","332","29534","높음","0.825","0.175","0.3","21906","412","123","11","0","0.0286","0.8","0.1714","0","0","0"
"X","벽등","가구/인테리어>인테리어소품","X","O","177.88","8160","8382","0.0272","26043","24519","-0.0585","126527","1","11800","없음","없음","1451462","629104","30302","높음","1","0","0.025","25462","939","151","26","0.1389","0.4444","0.2778","0.1389","0","0","0"
"X","양키캔들","가구/인테리어>인테리어소품","O","O","2.39","22350","25127","0.1243","64640","78120","0.2085","430971","1","50257","없음","없음","53383","9383","19760","높음","1","0","0.325","26504","592118","64138","21930","0.7037","0","0.2963","0","0","0","0"
"X","led거실등","가구/인테리어>인테리어소품","O","O","88.61","7960","8550","0.0741","22798","25385","0.1135","155183","2","17440","없음","없음","705335","202479","38220","높음","1","0","0.2","43846","35755","10727","1324","0.3704","0.3333","0.1481","0.1481","0","0","0"
"X","캔들","가구/인테리어>인테리어소품","X","O","158.62","14120","15065","0.0669","44614","58876","0.3197","265382","12","27619","없음","없음","2239677","599409","22974","높음","0.975","0.025","0.4","24101","433183","64130","16043","0.8519","0","0.1481","0","0","0","0"
"X","스탠드조명","가구/인테리어>인테리어소품","X","O","131.52","13520","15129","0.119","41264","48579","0.1773","302335","1","31697","없음","없음","1778135","730986","49281","높음","1","0","0.225","26275","54006","16393","2000","0.4815","0.2593","0.1481","0.1111","203","188","68"
"X","크리스마스리스","가구/인테리어>인테리어소품","X","X","22","6050","48308","6.9848","9678","129943","12.4266","207871","12","90438","있음","11,12","133121","15463","32558","높음","0.95","0.05","0.25","19136","1762","639","48","0.25","0.3056","0.3889","0.0556","0","0","0"
"X","해바라기그림","가구/인테리어>인테리어소품","X","O","7.17","23400","23626","0.0097","60334","53306","-0.1165","296928","1","31752","없음","없음","167820","23257","37663","높음","1","0","0.15","28033","20682","11361","766","0.0741","0.3704","0.5185","0.037","0","0","0"
"X","이동식파티션","가구/인테리어>인테리어소품","X","O","25.73","8570","10087","0.177","24491","34951","0.4271","63843","2","15473","있음","2,3","220528","100823","53910","높음","1","0","0.375","77875","2786","793","103","0.2222","0.0741","0.4815","0.2222","110","90","18"
"X","실링팬조명","가구/인테리어>인테리어소품","X","O","23.75","7670","6302","-0.1784","35155","12381","-0.6478","121828","7","30951","있음","7,8","182148","96551","182688","높음","0.825","0.175","0","106490","2429","764","89","0","0.2963","0","0.7037","2041","764","107"
"X","크리스마스소품","가구/인테리어>인테리어소품","X","O","254.03","7460","49044","5.5743","9391","108797","10.5852","241108","11","109664","있음","11,12","1895082","600222","43370","높음","1","0","0.05","14730","2412","571","89","0.2963","0.3704","0.1852","0.1481","0","0","0"
"X","태양광조명","가구/인테리어>인테리어소품","X","O","90.74","8060","10644","0.3206","21016","20331","-0.0326","55309","11","6004","없음","없음","731352","230647","17638","높음","1","0","0.1","17590","7234","1568","267","0.3333","0.2963","0.1852","0.1852","2","1","0"
"X","형광등","가구/인테리어>인테리어소품","X","O","25.67","13890","15166","0.0919","41001","44530","0.0861","206418","1","21396","없음","없음","356619","61251","7372","높음","1","0","0.175","22957","52634","12196","1949","0.4815","0.3333","0.1481","0.037","0","0","0"
"X","접이식파티션","가구/인테리어>인테리어소품","X","O","78.79","4190","5989","0.4294","12033","22392","0.8609","32074","12","5363","있음","1,11,12","330135","158675","57476","높음","0.975","0.025","0.55","127416","3869","795","143","0.2222","0","0.5556","0.2222","37","20","6"
"X","전구","가구/인테리어>인테리어소품","X","X","229.02","19340","22522","0.1645","48163","50617","0.051","261960","11","24360","없음","없음","4429285","1083102","3713","높음","1","0","0.15","9719","71455","12198","2646","0.7407","0.0741","0.1111","0.0741","0","0","0"
"X","led바","가구/인테리어>인테리어소품","O","O","119.66","4990","5226","0.0473","19019","19407","0.0204","114248","1","11855","없음","없음","597105","188226","16773","높음","1","0","0.025","13832","7463","1457","276","0.4815","0.1481","0.2593","0.1111","0","0","0"
"X","레일등","가구/인테리어>인테리어소품","X","O","19.48","8450","7189","-0.1492","27309","18891","-0.3083","165045","9","18786","없음","없음","164640","67027","7888","높음","1","0","0","23303","5115","3010","189","0.5926","0.0741","0.2963","0.037","0","0","0"
"X","체인소맨포스터","가구/인테리어>인테리어소품","X","X","2.55","14210","12315","-0.1334","16191","19198","0.1857","1225","1","275","있음","1,2,3,5","36285","27138","11162","중간","0.725","0.275","0.3","8960","41","10","1","0","0","0.5333","0.4667","4","3","0"
"X","명태액막이","가구/인테리어>인테리어소품","X","O","3.54","9080","11145","0.2274","24856","70521","1.8372","11286","12","1898","있음","3,8,9,11,12","32167","3906","21706","높음","1","0","0.075","17721","7762","1441","287","0.2222","0.6667","0.1111","0","0","0","0"
"X","라인조명","가구/인테리어>인테리어소품","O","O","20.22","10650","11628","0.0918","33892","34158","0.0078","140740","1","13237","없음","없음","215302","58038","17525","높음","1","0","0","23515","8399","1457","311","0.4815","0.2593","0.1481","0.1111","0","0","0"
"X","명화그리기","가구/인테리어>인테리어소품","X","O","22.7","7950","8054","0.0131","29398","48762","0.6587","158077","12","21888","없음","없음","180497","62171","17438","높음","0.975","0.025","0.1","12942","82447","17498","2290","0.5","0.3611","0.0833","0.0556","24","19","12"
"X","화병","가구/인테리어>인테리어소품","X","X","97.51","12370","12701","0.0268","43038","39801","-0.0752","291137","3","32374","없음","없음","1206256","511443","40806","높음","0.95","0.05","0.4","11093","8500","4487","314","0.2963","0.5556","0.037","0.1111","0","0","0"
"X","led전광판","가구/인테리어>인테리어소품","X","O","6.31","5920","6484","0.0953","20704","22550","0.0892","106436","7","10317","없음","없음","37328","12368","1526170","높음","1","0","0","67179","3766","1149","139","0.037","0.2222","0.5556","0.1852","27","27","5"
"X","국산led거실등","가구/인테리어>인테리어소품","O","O","3.96","8470","8869","0.0471","23226","25005","0.0766","98888","1","10456","없음","없음","33521","2653","46035","높음","1","0","0","55128","33218","10716","1230","0.2963","0.2593","0.2963","0.1481","0","0","0"
"X","그랑핸드사쉐","가구/인테리어>인테리어소품","O","X","0","15240","14908","-0.0218","49821","47326","-0.0501","172865","10","15727","없음","없음","44","0","25300","중간","1","0","0.025","24649","11331","4533","419","0.3704","0","0.6296","0","0","0","0"
"X","태양광정원등","가구/인테리어>인테리어소품","X","O","38.15","5950","6661","0.1195","16487","21119","0.2809","72508","12","9379","없음","없음","227014","50510","18440","높음","1","0","0.1","24276","10999","1981","407","0.1111","0.5185","0.1852","0.1852","9","8","2"
"X","해바라기액자","가구/인테리어>인테리어소품","X","O","26.46","7390","7599","0.0283","23591","25607","0.0855","163393","1","19787","없음","없음","195559","24893","40678","높음","1","0","0.1","36410","11314","1831","419","0.1111","0.2222","0.5926","0.0741","0","0","0"
"X","가림막","가구/인테리어>인테리어소품","X","O","244","7610","7308","-0.0397","25554","22695","-0.1119","160390","3","15597","없음","없음","1856851","677546","50854","높음","1","0","0.275","26797","10962","2193","406","0.3704","0.2593","0.2593","0.1111","0","0","0"
"X","헤트라스디퓨저","가구/인테리어>인테리어소품","O","O","0.21","25440","24200","-0.0487","84534","77052","-0.0885","419958","3","40212","없음","없음","5227","47","22883","높음","1","0","0.625","21592","1270534","68934","47056","0.9259","0.0741","0","0","0","0","0"
"X","그랑핸드","가구/인테리어>인테리어소품","O","X","0","70670","70476","-0.0027","202327","186788","-0.0768","717456","3","63622","없음","없음","89","8","30676","낮음","0.925","0.075","0.075","25678","1287","539","47","0.1481","0","0.8519","0","0","0","0"
"X","장스탠드조명","가구/인테리어>인테리어소품","X","O","104.84","3700","4188","0.1319","10018","12239","0.2217","33287","1","3448","없음","없음","387905","195092","108079","높음","0.975","0.025","0.25","64809","28369","16204","1050","0.2963","0.1481","0.1111","0.4444","70","21","6"
"X","방등","가구/인테리어>인테리어소품","X","O","72.41","11170","11632","0.0414","27438","27072","-0.0133","85713","1","8310","없음","없음","808848","256689","38550","높음","1","0","0.125","19587","57324","10717","2123","0.4815","0.2593","0.1111","0.1481","0","0","0"
"X","인센스스틱","가구/인테리어>인테리어소품","O","O","5.25","17280","19336","0.119","52202","53181","0.0188","242807","1","23315","없음","없음","90803","26185","13053","높음","1","0","0.375","11424","33424","10418","1237","0.5185","0.2593","0.2222","0","0","0","0"
"X","공간분리파티션","가구/인테리어>인테리어소품","X","O","56.05","6140","7533","0.2269","18614","26607","0.4294","80939","1","9459","없음","없음","344170","158280","68881","높음","1","0","0.2","92957","7650","1227","283","0.2222","0","0.4815","0.2963","1000","262","125"
"X","무선센서등","가구/인테리어>인테리어소품","X","O","12.43","4190","5132","0.2248","12222","15245","0.2473","71859","1","8890","없음","없음","52063","7892","11168","높음","1","0","0.275","16377","12207","3920","452","0.1852","0.5926","0.1852","0.037","0","0","0"
"X","거실스탠드조명","가구/인테리어>인테리어소품","X","O","97.47","3620","5304","0.4652","11588","21384","0.8454","63677","12","8898","없음","없음","352824","177192","99172","높음","0.975","0.025","0.275","51693","15005","4650","555","0.3704","0.2963","0.0741","0.2593","40","20","6"
"X","욕실등","가구/인테리어>인테리어소품","X","O","65.37","4230","4474","0.0577","12757","12688","-0.0054","74522","1","7021","없음","없음","276497","80327","13364","높음","1","0","0.1","12010","28231","8020","1045","0.4815","0.2593","0.1111","0.1481","0","0","0"
"X","대용량실내디퓨저","가구/인테리어>인테리어소품","X","O","3.3","3890","0","","9860","0","","328","12","328","있음","12","12844","1209","23394","중간","1","0","0.55","18803","912963","73261","33813","0.6296","0.1852","0.0741","0.1111","71879","71879","23960"
"X","사진액자","가구/인테리어>인테리어소품","X","O","551.81","6750","7252","0.0744","20556","22786","0.1085","136587","2","12878","없음","없음","3724691","989392","8429","높음","1","0","0.075","9248","7453","1540","276","0.2963","0.3704","0.3333","0","0","0","0"
"X","다이소액자","가구/인테리어>인테리어소품","O","O","0","0","","","","","","116043","2","11146","없음","없음","172","3","5845","낮음","1","0","0","8111","9882","1870","366","0.4444","0.1111","0.4444","0","0","0","0"
"X","대용량디퓨저","가구/인테리어>인테리어소품","X","O","12.25","3540","3821","0.0794","11069","10099","-0.0876","67754","7","10213","없음","없음","43381","6409","24613","높음","1","0","0.675","22692","434169","72463","16080","0.5185","0.2593","0.2222","0","0","0","0"
"X","이케아조명","가구/인테리어>인테리어소품","O","X","1.39","14390","16009","0.1125","42519","49212","0.1574","162847","1","16742","없음","없음","20053","1821","39407","높음","0.975","0.025","0","50107","9633","4643","356","0.1111","0.037","0.8148","0.037","0","0","0"
"X","가림막파티션","가구/인테리어>인테리어소품","X","O","63.6","7700","10136","0.3164","25687","34998","0.3625","104912","12","10014","없음","없음","489736","219566","54521","높음","1","0","0.25","69848","5084","794","188","0.2222","0.037","0.5926","0.1481","96","96","24"
"X","수유등","가구/인테리어>인테리어소품","X","O","48.12","6170","6370","0.0324","19546","19873","0.0167","115335","2","12722","없음","없음","296920","119617","21551","높음","0.975","0.025","0.25","17510","19288","4867","714","0.4444","0.3333","0.0741","0.1481","8","8","2"
"X","식탁등인테리어","가구/인테리어>인테리어소품","X","O","152.87","5840","6269","0.0735","19681","20893","0.0616","76499","1","7696","없음","없음","892772","313940","74347","높음","0.975","0.025","0","83827","5315","1258","196","0.1852","0.1852","0.5926","0.037","1","1","1"
"X","방향제","가구/인테리어>인테리어소품","X","O","55.15","26710","26763","0.002","84447","79299","-0.061","406981","3","37304","없음","없음","1473079","180215","21871","높음","1","0","0.725","17400","772736","165811","28619","0.5926","0.1481","0.2593","0","0","0","0"
"X","두꺼비집가리개","가구/인테리어>인테리어소품","X","O","14.6","3400","3662","0.0771","11367","11641","0.0241","57254","3","5802","없음","없음","49625","21088","22055","높음","0.9","0.1","0.325","21509","2294","247","63","0.1111","0.25","0.4444","0.1944","0","0","0"
"X","복주머니","가구/인테리어>인테리어소품","X","O","31.23","9530","11256","0.1811","27405","90892","2.3166","206019","1","51146","있음","1,2","297618","17339","2131","높음","1","0","0.475","9975","1888","451","69","0.1111","0.2222","0.6667","0","0","0","0"
"X","도토리","가구/인테리어>인테리어소품","X","X","7.67","36650","24846","-0.3221","82126","54944","-0.331","298554","10","44875","없음","없음","281259","41035","13537","높음","0.875","0.125","0.6","18630","8545","3418","316","0.037","0.1852","0.7778","0","0","0","0"
"X","태양광가로등","가구/인테리어>인테리어소품","X","O","21.45","5160","6973","0.3514","14725","18555","0.2601","59894","11","6840","없음","없음","110691","44915","34795","높음","1","0","0.05","82916","3177","1978","117","0.0741","0.1111","0.5185","0.2963","128","72","16"
"X","타공파티션","가구/인테리어>인테리어소품","X","O","16.72","4020","5374","0.3368","14089","37259","1.6445","36650","1","3937","없음","없음","67198","29397","89900","높음","1","0","0.375","74981","3313","776","122","0.1852","0.2593","0.4074","0.1481","377","262","94"
"X","오로라무드등","가구/인테리어>인테리어소품","X","O","5.14","6760","6350","-0.0607","21680","19417","-0.1044","54797","3","6803","없음","없음","34749","16685","44058","높음","1","0","0.275","26857","12839","6641","475","0.2222","0.5556","0.037","0.1852","100","100","20"
"X","유화그리기세트","가구/인테리어>인테리어소품","X","O","17.57","5780","7584","0.3121","20421","27328","0.3382","92467","1","11203","없음","없음","101564","47140","14475","높음","0.95","0.05","0.1","15244","40658","11365","1505","0.1481","0.4815","0.2222","0.1481","0","0","0"
"X","수면등","가구/인테리어>인테리어소품","X","O","109.52","4520","4884","0.0805","17006","20356","0.197","83760","1","8975","없음","없음","495039","204859","25244","높음","0.975","0.025","0.075","14074","24848","4865","920","0.4074","0.4074","0","0.1852","0","0","0"
"X","t5조명","가구/인테리어>인테리어소품","X","O","7.91","8440","12153","0.4399","27192","33429","0.2294","165328","11","18158","없음","없음","66725","12885","4793","높음","1","0","0","20767","8565","1014","317","0.4444","0.2222","0.1852","0.1481","0","0","0"
"X","벽조명","가구/인테리어>인테리어소품","X","O","382.17","4670","4362","-0.066","14919","16063","0.0767","81301","1","8484","없음","없음","1784744","758892","29015","높음","1","0","0.075","21645","3496","1070","129","0.1852","0.4444","0.2593","0.1111","0","0","0"
"X","a3액자","가구/인테리어>인테리어소품","X","O","27.22","6340","6503","0.0257","16765","18822","0.1227","57787","12","5599","없음","없음","172578","8752","14973","높음","1","0","0.325","12443","24509","2806","907","0.3704","0.4815","0.037","0.1111","0","0","0"
"X","돌출간판","가구/인테리어>인테리어소품","X","O","35.2","2810","2960","0.0534","10303","9917","-0.0375","60634","3","6098","없음","없음","98908","44018","46094","높음","1","0","0.3","43994","232","48","8","0","0","0.8148","0.1852","11","6","2"
"X","모래시계","가구/인테리어>인테리어소품","X","O","6.79","28220","31280","0.1084","112155","209485","0.8678","387428","5","63225","없음","없음","191697","60672","7246","높음","0.95","0.05","0.625","10926","49665","7971","1839","0.3704","0.3333","0.2593","0.037","0","0","0"
"X","디퓨져","가구/인테리어>인테리어소품","X","O","91.87","12800","11798","-0.0783","67589","53715","-0.2053","409673","8","41222","없음","없음","1175945","282415","29866","높음","1","0","0.75","18544","1090763","165751","40398","0.6667","0.1852","0.1111","0.037","6","6","6"
"X","다운라이트","가구/인테리어>인테리어소품","X","O","11.25","18830","22351","0.187","53830","66709","0.2393","159461","11","17179","없음","없음","211916","32250","3947","높음","1","0","0","19581","9479","5029","351","0.2963","0.3333","0.3704","0","0","0","0"
"X","교보문고디퓨저","가구/인테리어>인테리어소품","X","O","0.15","11160","11355","0.0175","37309","33544","-0.1009","201280","8","19487","없음","없음","1681","10","41229","중간","1","0","0.3","41919","395214","165723","14637","0.1852","0.0741","0.5926","0.1481","0","0","0"
"X","칸막이","가구/인테리어>인테리어소품","X","O","302.13","6050","6363","0.0517","19661","19513","-0.0075","106075","1","10752","없음","없음","1827869","545512","62270","높음","0.975","0.025","0.225","26967","2874","644","106","0.2593","0.3704","0.2963","0.0741","20","20","10"
"X","꽃병","가구/인테리어>인테리어소품","X","O","156.96","7610","8337","0.0955","25701","27860","0.084","159593","3","19773","없음","없음","1194452","503356","36522","높음","0.95","0.05","0.45","10532","15140","4485","560","0.4815","0.4444","0.0741","0","0","0","0"
"X","펜던트조명","가구/인테리어>인테리어소품","X","O","166.64","6700","7647","0.1413","22082","23984","0.0861","85752","1","7821","없음","없음","1116506","344700","68767","높음","1","0","0","53884","6267","1259","232","0.4815","0.0741","0.3704","0.0741","0","0","0"
"X","욕실시계","가구/인테리어>인테리어소품","X","O","56.53","1990","1894","-0.0482","6623","6319","-0.0459","33563","1","3506","없음","없음","112493","29923","10907","높음","1","0","0","11125","17821","2752","660","0.6296","0.037","0.2593","0.0741","0","0","0"
"X","태양광센서등","가구/인테리어>인테리어소품","X","O","16.31","2980","4007","0.3446","9291","14095","0.5171","33850","11","3608","없음","없음","48614","10699","25033","높음","1","0","0.075","17644","7565","2165","280","0.1111","0.2593","0.5926","0.037","0","0","0"
"X","led센서등","가구/인테리어>인테리어소품","X","O","44.01","4020","8188","1.0368","12619","19663","0.5582","55381","11","7474","없음","없음","176937","22145","11841","높음","1","0","0.125","20955","21774","6682","604","0.3333","0.2222","0.4167","0.0278","0","0","0"
"X","도어벨","가구/인테리어>인테리어소품","O","O","75.61","5550","4833","-0.1292","18691","14349","-0.2323","111636","6","11063","없음","없음","419629","108305","23253","높음","1","0","0.55","11788","14495","4737","536","0.3704","0.2222","0.4074","0","0","0","0"
"X","줄조명","가구/인테리어>인테리어소품","X","O","88.05","5470","7398","0.3525","16037","23464","0.4631","59313","11","7134","없음","없음","481609","135681","29072","높음","1","0","0.15","23534","10796","1780","399","0.5185","0.2593","0.2222","0","0","0","0"
"X","전통갓","가구/인테리어>인테리어소품","X","O","5.64","2560","28700","10.2109","6755","22270","2.2968","5136","11","2332","있음","11","14429","3286","174470","높음","0.925","0.075","0.575","27740","374","123","14","0.0385","0.0769","0.8077","0.0769","0","0","0"
"X","거실시계","가구/인테리어>인테리어소품","X","O","177.27","4600","4733","0.0289","15706","15944","0.0152","82198","1","7969","없음","없음","815436","350249","51267","높음","0.975","0.025","0","41348","102047","24454","3779","0.7407","0.1111","0.037","0.1111","0","0","0"
"X","3인치다운라이트","가구/인테리어>인테리어소품","X","O","5.56","5360","6428","0.1993","18821","23643","0.2562","79867","12","9164","없음","없음","29802","670","4285","높음","1","0","0","17591","4438","564","164","0.037","0.5556","0.4074","0","0","0","0"
"X","우드파티션","가구/인테리어>인테리어소품","X","O","42.46","2870","5750","1.0035","8339","17143","1.0558","48628","11","8523","있음","10,11,12","121851","53054","64170","높음","1","0","0.35","98491","3250","776","120","0.1852","0.0741","0.4444","0.2963","985","262","123"
"X","석고방향제","가구/인테리어>인테리어소품","X","O","13.33","8350","8523","0.0207","28351","33288","0.1741","210427","1","24677","없음","없음","111327","9061","16827","높음","1","0","0.275","22445","4713","612","130","0.3056","0.3056","0.3889","0","0","0","0"
"X","인테리어조명","가구/인테리어>인테리어소품","X","O","2026.74","5730","6936","0.2105","19511","24106","0.2355","99152","1","9803","없음","없음","11613198","4011417","25762","높음","0.975","0.025","0.15","25251","22542","4642","834","0.3704","0.4074","0.037","0.1852","17","17","3"
"X","파라핀오일","가구/인테리어>인테리어소품","X","X","0.26","38230","42034","0.0995","40722","56707","0.3925","30510","1","3774","없음","없음","10057","2394","18485","높음","0.95","0.05","0.325","37441","7400","821","274","0","0.0741","0.9259","0","0","0","0"
"X","현판","가구/인테리어>인테리어소품","X","O","27.39","7280","10001","0.3738","32531","69370","1.1324","129601","12","21360","없음","없음","199391","50112","18884","높음","1","0","0.05","27947","1306","264","48","0","0.037","0.8889","0.0741","2","1","1"
"X","코스트코크리스마스","가구/인테리어>인테리어소품","X","X","1.1","3460","10233","1.9575","4147","21417","4.1645","46549","11","19168","있음","11,12","3795","501","162028","높음","1","0","0.1","241890","121","60","4","0","0","0.7778","0.2222","0","0","0"
"X","전등","가구/인테리어>인테리어소품","X","O","62.06","16940","17958","0.0601","47951","45803","-0.0448","210406","10","19068","없음","없음","1051248","346375","34286","높음","1","0","0","12609","56130","12202","2078","0.5926","0.1852","0.1111","0.1111","0","0","0"
"X","실내디퓨저","가구/인테리어>인테리어소품","X","O","17.1","7240","7163","-0.0106","23992","21950","-0.0851","134856","10","13563","없음","없음","123817","13202","23734","높음","0.975","0.025","0.575","23509","1899914","165792","70367","0.7407","0.1481","0.0741","0.037","0","0","0"
"X","간접조명","가구/인테리어>인테리어소품","X","O","84.49","6690","7287","0.0892","21780","23193","0.0649","125705","1","13818","없음","없음","565258","232291","14532","높음","1","0","0.05","24454","11291","4642","418","0.3333","0.3333","0.1852","0.1481","17","17","4"
"X","디지털벽시계","가구/인테리어>인테리어소품","X","O","64.99","3270","3673","0.1232","10541","11464","0.0876","44046","1","5198","없음","없음","212520","72265","59096","높음","1","0","0","44106","51094","15262","1892","0.3704","0.1481","0.4444","0.037","0","0","0"
"X","인테리어액자","가구/인테리어>인테리어소품","X","O","1151.1","4720","5095","0.0794","16857","17685","0.0491","96722","1","10519","없음","없음","5433184","1243743","28735","높음","0.975","0.025","0.025","21550","4988","1058","138","0.4167","0.3611","0.1111","0.1111","96","92","24"
"X","원목파티션","가구/인테리어>인테리어소품","X","O","45.74","3150","4595","0.4587","10702","12675","0.1844","70064","1","7700","없음","없음","144095","70648","54140","높음","0.975","0.025","0.75","92893","2075","793","76","0.1111","0.037","0.5556","0.2963","718","262","90"
"X","무타공가벽","가구/인테리어>인테리어소품","X","O","5.98","4390","5653","0.2877","12098","21511","0.7781","12520","11","1375","없음","없음","26272","12837","73640","높음","0.925","0.075","0.425","101452","5688","1227","210","0.0741","0.037","0.3333","0.5556","2146","553","143"
"X","주방led등","가구/인테리어>인테리어소품","X","O","123.47","2810","2630","-0.0641","8165","7642","-0.0641","37142","1","3525","없음","없음","346956","96115","36190","높음","0.975","0.025","0.125","18591","27836","4444","1030","0.7407","0.037","0.1481","0.0741","0","0","0"
"X","인테리어벽시계","가구/인테리어>인테리어소품","X","O","399.39","4800","5092","0.0608","18475","19930","0.0788","74657","3","8151","없음","없음","1917082","583055","55458","높음","1","0","0","25967","76012","24458","2815","0.5926","0.2222","0.0741","0.1111","0","0","0"
"X","태양열조명","가구/인테리어>인테리어소품","X","O","73.59","3710","4416","0.1903","9974","9944","-0.003","65480","5","6874","없음","없음","273024","115438","16970","높음","1","0","0.1","16265","10265","2165","380","0.2593","0.3333","0.3333","0.0741","187","186","94"
"X","led간판","가구/인테리어>인테리어소품","X","O","37.12","5130","5695","0.1101","16670","17080","0.0246","100417","3","10358","없음","없음","190440","56240","56193","높음","1","0","0.4","53200","3830","1147","141","0.0741","0.1852","0.7037","0.037","0","0","0"
"X","일광전구","가구/인테리어>인테리어소품","O","O","0.49","16780","21007","0.2519","51315","64889","0.2645","252667","3","28493","없음","없음","8262","247","145918","높음","1","0","0.225","28574","1227","330","45","0","0","0.8889","0.1111","0","0","0"
"X","테이블조명","가구/인테리어>인테리어소품","X","O","252.03","4080","4845","0.1875","9990","10822","0.0833","40498","1","4057","없음","없음","1028277","468954","67991","높음","0.9","0.1","0.1","26117","4932","1702","182","0.5926","0.1481","0.1111","0.1481","0","0","0"
"X","디지털시계","가구/인테리어>인테리어소품","X","O","184.02","15500","16645","0.0739","39573","40866","0.0327","86899","1","8873","없음","없음","2852246","1102523","54201","높음","1","0","0","25584","66339","15258","2457","0.4815","0.1852","0.1852","0.1481","0","0","0"
"X","뻐꾸기시계","가구/인테리어>인테리어소품","X","O","13.87","3900","3192","-0.1815","11181","11968","0.0704","62124","4","9468","없음","없음","54092","26362","147499","높음","0.7","0.3","0","96380","387","44","14","0.1481","0","0.3704","0.4815","108","44","8"
"X","실내방향제","가구/인테리어>인테리어소품","X","O","33.94","5600","4916","-0.1221","20113","19818","-0.0147","98438","4","9725","없음","없음","190062","18149","20922","높음","1","0","0.575","19227","690647","166194","25579","0.4444","0.1852","0.3704","0","0","0","0"
"X","웨딩포스터","가구/인테리어>인테리어소품","X","X","2.68","6640","6106","-0.0804","18791","15965","-0.1504","82447","10","9878","없음","없음","17767","6702","14036","높음","1","0","0.075","12332","3049","1108","112","0.2963","0.2593","0.4444","0","0","0","0"
"X","자개스티커","가구/인테리어>인테리어소품","X","O","2.73","8460","4973","-0.4122","28789","13119","-0.5443","24030","9","6556","있음","9,10","23069","3673","3215","높음","1","0","0.25","10107","391","79","14","0.4074","0.037","0.5556","0","0","0","0"
"X","양초","가구/인테리어>인테리어소품","X","O","105.16","5230","6482","0.2394","13747","19488","0.4176","79615","12","9062","없음","없음","549967","147832","9483","높음","1","0","0.6","21138","39302","10626","1455","0.3333","0.037","0.6296","0","0","0","0"
"X","단스탠드","가구/인테리어>인테리어소품","X","O","210.88","3440","3380","-0.0174","14378","14663","0.0198","33478","3","4255","없음","없음","725417","266200","39281","높음","0.925","0.075","0.325","25241","3419","1630","126","0.5556","0.2222","0.1481","0.0741","0","0","0"
"X","led탁상시계","가구/인테리어>인테리어소품","X","O","125.51","1380","1614","0.1696","4435","4392","-0.0097","44052","1","4268","없음","없음","173201","49962","21634","높음","1","0","0.65","21681","37815","15262","1400","0.5556","0.2593","0.1481","0.037","0","0","0"
"X","팬던트조명","가구/인테리어>인테리어소품","X","O","283.57","3960","4369","0.1033","13060","13698","0.0489","55241","3","5128","없음","없음","1122939","346138","67090","높음","1","0","0","43888","5929","1260","219","0.5926","0","0.2222","0.1852","0","0","0"
"X","무소음탁상시계","가구/인테리어>인테리어소품","X","O","98.33","1920","2501","0.3026","6184","8187","0.3239","41618","1","4813","없음","없음","188795","36140","18350","높음","1","0","0.625","18714","25300","11338","937","0.5556","0.3704","0.0741","0","0","0","0"
"X","인테리어그림","가구/인테리어>인테리어소품","X","O","500.53","7140","6437","-0.0985","25208","23100","-0.0836","149376","1","16506","없음","없음","3573789","893498","35737","높음","1","0","0.05","26313","3280","819","121","0.2222","0.4815","0.1481","0.1481","96","92","24"
"X","샹들리에조명","가구/인테리어>인테리어소품","X","O","275.99","2320","2202","-0.0509","7454","7203","-0.0337","47487","1","4320","없음","없음","640306","331095","377227","높음","0.9","0.1","0.05","147288","1037","398","38","0.1111","0.0741","0.3704","0.4444","99","33","8"
"X","향초","가구/인테리어>인테리어소품","X","O","31.12","9770","10651","0.0902","28635","34210","0.1947","155805","1","18093","없음","없음","304035","85548","26946","높음","0.975","0.025","0.375","1671881436","324403","64129","12014","0.7778","0.0741","0.1481","0","0","0","0"
"X","냉장고자석","가구/인테리어>인테리어소품","X","O","173.95","4080","4203","0.0301","15001","16266","0.0843","82922","1","7975","없음","없음","709730","181339","5046","높음","1","0","0.15","9584","10192","3037","377","0.2963","0.5926","0.1111","0","0","0","0"
"X","스텐드조명","가구/인테리어>인테리어소품","X","O","276.45","6430","6993","0.0876","18701","22648","0.2111","2631","1","295","없음","없음","1777582","731018","49281","높음","1","0","0.225","23994","51698","16394","1914","0.5556","0.2963","0.0741","0.0741","189","189","95"
"X","계좌번호안내판","가구/인테리어>인테리어소품","X","O","1.93","2950","3215","0.0898","9588","10371","0.0817","30012","5","3018","없음","없음","5703","121","11684","높음","1","0","0.225","10322","1385","234","38","0","0.0833","0.8333","0.0833","197","172","66"
"X","못난이인형","가구/인테리어>인테리어소품","X","X","0.92","13690","13916","0.0165","45618","40621","-0.1095","154508","8","14775","없음","없음","12644","4070","28487","높음","0.775","0.225","0.725","30597","1087","340","40","0","0.037","0.8889","0.0741","0","0","0"
"X","에르메스스카프액자","가구/인테리어>인테리어소품","O","O","0.05","3860","3945","0.022","6948","7244","0.0426","8614","8","1021","없음","없음","176","93","96548","높음","0.525","0.475","0.2","645111","0","0","0","1","0","-0.0833","0.0833","0","0","0"
"X","무타공파티션","가구/인테리어>인테리어소품","X","O","15.84","4300","7037","0.6365","13581","25076","0.8464","7154","11","822","없음","없음","68119","33298","69389","높음","0.925","0.075","0.45","76460","2100","796","77","0.0741","0.037","0.2593","0.6296","1079","262","63"
"X","인센스","가구/인테리어>인테리어소품","O","X","11.54","16260","19811","0.2184","48136","50636","0.0519","253370","1","40496","없음","없음","187599","70957","14949","높음","1","0","0.475","12966","29950","10418","1151","0.3077","0.3846","0.3077","0","0","0","0"
"X","스노우볼","가구/인테리어>인테리어소품","X","X","25.94","9420","18997","1.0167","28815","84573","1.935","232605","12","56415","있음","11,12","244353","53960","24286","높음","0.9","0.1","0.4","26456","2843","1656","105","0.1852","0.4074","0.1852","0.2222","94","94","16"
"X","철제파티션","가구/인테리어>인테리어소품","X","O","60.68","3600","4804","0.3344","11009","17034","0.5473","39117","11","4143","없음","없음","218460","95179","80806","높음","0.975","0.025","0.45","70315","6437","2810","238","0.2593","0.0741","0.4815","0.1852","96","96","19"
"X","화장대조명","가구/인테리어>인테리어소품","X","O","76.64","3300","3445","0.0439","11474","12626","0.1004","48601","1","5083","없음","없음","252910","122363","16620","높음","0.975","0.025","0.05","54046","12204","2614","452","0.4444","0.3704","0.037","0.1481","0","0","0"
"X","간살파티션","가구/인테리어>인테리어소품","X","O","13.02","2730","2602","-0.0469","9246","8024","-0.1322","47770","5","5028","없음","없음","35534","16204","67413","높음","0.925","0.075","0.425","86049","1891","794","70","0.037","0","0.2593","0.7037","748","228","39"
"X","마그네틱조명","가구/인테리어>인테리어소품","X","O","14.46","8160","8975","0.0999","26998","29237","0.0829","96082","10","9747","없음","없음","117964","44088","26910","높음","1","0","0","23023","2794","1073","103","0.2222","0.3333","0.2963","0.1481","0","0","0"
"X","자개공예","가구/인테리어>인테리어소품","X","O","9.98","6630","6207","-0.0638","21250","20051","-0.0564","62553","9","5900","없음","없음","66141","12342","9168","높음","1","0","0.075","11364","612","332","22","0.1481","0","0.4074","0.4444","0","0","0"
"X","코너시계","가구/인테리어>인테리어소품","O","O","33.03","2110","1593","-0.245","5138","5355","0.0422","12893","1","2092","없음","없음","69700","37477","66686","높음","0.475","0.525","0","42858","438","111","16","0.0741","0.037","0.2593","0.6296","99","39","6"
"X","돌잔치포스터","가구/인테리어>인테리어소품","X","O","0.95","1390","1409","0.0137","4529","5346","0.1804","5309","10","711","없음","없음","1322","405","22132","중간","1","0","0","20185","840","104","31","0.2963","0","0.4074","0.2963","1","1","0"
"X","주방조명","가구/인테리어>인테리어소품","X","O","179.77","6230","6355","0.0201","20741","20601","-0.0067","95290","1","9317","없음","없음","1119990","361775","52755","높음","0.975","0.025","0.175","26556","22907","3275","848","0.5926","0.037","0.2222","0.1481","0","0","0"
"X","피포페인팅","가구/인테리어>인테리어소품","O","O","4.48","9640","20963","1.1746","29855","50975","0.7074","162826","3","22392","없음","없음","43213","6819","16957","중간","0.975","0.025","0.025","15672","66727","17498","2471","0.2963","0.6296","0.037","0.037","19","19","19"
"X","종이파티션","가구/인테리어>인테리어소품","X","O","46.22","1450","1904","0.3131","5308","7298","0.3749","10380","12","1568","없음","없음","67024","29586","132847","중간","0.675","0.325","0.95","163067","1308","793","48","0.037","0","0.2593","0.7037","102","20","5"
"X","개업선물","가구/인테리어>인테리어소품","X","O","62.7","8950","9819","0.0971","33850","30781","-0.0907","287162","3","28422","없음","없음","561132","124439","43124","높음","0.975","0.025","0.025","45299","7072","1839","261","0.1852","0.4815","0.1852","0.1481","0","0","0"
"X","독서등","가구/인테리어>인테리어소품","X","O","48.51","8510","8384","-0.0148","27052","29803","0.1017","127550","9","13664","없음","없음","412849","168044","31954","높음","0.975","0.025","0.1","18504","48750","16397","1805","0.4444","0.2963","0.1481","0.1111","0","0","0"
"X","주방식탁등","가구/인테리어>인테리어소품","X","O","129.24","2480","2721","0.0972","8248","9927","0.2036","36352","12","3733","없음","없음","320516","87039","73906","높음","0.975","0.025","0.25","55652","6724","1259","249","0.4815","0.037","0.4074","0.0741","0","0","0"
"X","미니어처만들기","가구/인테리어>인테리어소품","O","O","74.14","4710","4990","0.0594","15720","18655","0.1867","70940","1","8882","없음","없음","349192","142706","24723","높음","0.975","0.025","0.325","29307","6044","1194","223","0.4815","0.1481","0.2593","0.1111","0","0","0"
"X","전자벽시계","가구/인테리어>인테리어소품","X","O","67.29","3020","3402","0.1265","9718","11953","0.23","59338","11","6137","없음","없음","203228","89701","63931","높음","1","0","0","47332","51649","15258","1912","0.3704","0.1852","0.2963","0.1481","0","0","0"
"O","디퓨저리필오일","가구/인테리어>인테리어소품","","","1688.05","20","","","","","","25","5","25","있음","5","33761","3038","16266","높음","1","0","0.4","17192","35730","5620","1323","0.6296","0.1852","0.0741","0.1111","2082","2082","694"
"X","커튼조명","가구/인테리어>인테리어소품","X","O","31.63","3790","7958","1.0997","11329","20001","0.7655","11833","11","1738","없음","없음","119892","56622","21114","높음","1","0","0.05","23103","5288","870","195","0.3704","0.1852","0.2963","0.1481","0","0","0"
"X","네온사인","가구/인테리어>인테리어소품","X","O","20.21","8620","8592","-0.0032","26130","27001","0.0333","127482","4","21626","있음","1,3,4","174207","65790","25099","높음","1","0","0.125","36083","5390","1147","199","0.2222","0.2593","0.3333","0.1852","0","0","0"
"X","그림그리기","가구/인테리어>인테리어소품","X","X","41.96","11730","12016","0.0244","38031","37983","-0.0013","191946","1","21410","없음","없음","492246","108052","18787","높음","0.975","0.025","0.1","12205","29327","11360","1086","0.5556","0.3333","0.1111","0","0","0","0"
"X","메달보관함","가구/인테리어>인테리어소품","X","O","18.64","1760","2290","0.3011","4051","3908","-0.0353","11736","11","1431","없음","없음","32805","17077","21760","중간","0.6","0.4","0.85","24495","382","64","14","0","0.4815","0.1852","0.3333","9","7","1"
"X","불멍무드등","가구/인테리어>인테리어소품","O","O","22.61","2600","4787","0.8412","5298","16880","2.1861","66105","12","13034","있음","4,5,11,12","58784","19947","34489","높음","0.95","0.05","0.15","34149","10931","2122","404","0.2593","0.1481","0.5185","0.0741","0","0","0"
"X","원목액자","가구/인테리어>인테리어소품","X","O","46.14","3460","3467","0.002","9819","10925","0.1126","66073","12","7371","없음","없음","159642","45169","19927","높음","1","0","0.125","18252","3373","1312","124","0.3333","0.2222","0.3333","0.1111","0","0","0"
"X","조니워커블루라벨","가구/인테리어>인테리어소품","O","O","0","81410","82077","0.0082","208957","221261","0.0589","991252","9","117359","없음","없음","208","132","45039","높음","0.15","0.85","0","21032","13834","3723","384","0.2778","0.1667","0.2778","0.2778","1","1","0"
"X","코코도르디퓨저","가구/인테리어>인테리어소품","O","O","1.71","11150","11389","0.0214","33996","33931","-0.0019","199057","5","30340","없음","없음","19040","158","17998","높음","1","0","0.6","18129","1496772","165808","55436","0.7778","0","0.0741","0.1481","0","0","0"
"X","풍경","가구/인테리어>인테리어소품","O","X","40","26910","25576","-0.0496","87162","66692","-0.2349","423743","5","41912","없음","없음","1076424","375641","16303","높음","1","0","0.45","21481","11507","4740","426","0.1852","0.4444","0.2963","0.0741","0","0","0"
"X","무라카미다카시","가구/인테리어>인테리어소품","O","O","0.12","25110","26546","0.0572","65994","62211","-0.0573","209186","5","54234","있음","5,6,7","2956","1843","162223","낮음","0.45","0.55","0.775","44378","266","130","8","0.125","0.0313","0.0938","0.75","16","5","1"
"X","민화도안","가구/인테리어>인테리어소품","O","O","7.96","2210","2167","-0.0195","8693","8368","-0.0374","38955","3","4518","없음","없음","17599","1695","21652","높음","1","0","0.075","19950","240","96","8","0.2963","0.1111","0.2963","0.2963","16","7","2"
"X","방등led","가구/인테리어>인테리어소품","O","O","86.58","5320","5849","0.0994","13338","14803","0.1098","52715","1","5412","없음","없음","460594","105414","35560","높음","1","0","0.1","18647","67627","10723","2504","0.6667","0.1111","0.0741","0.1481","0","0","0"
"X","직부등","가구/인테리어>인테리어소품","X","O","30.87","6030","6681","0.108","20073","20203","0.0065","91790","10","8384","없음","없음","186139","18493","8390","높음","1","0","0.1","13587","12461","3326","461","0.4815","0.1111","0.2963","0.1111","0","0","0"
"X","조말론디퓨저","가구/인테리어>인테리어소품","O","O","0.29","11260","11495","0.0209","38045","38890","0.0222","226289","3","21594","없음","없음","3260","1173","100160","높음","0.875","0.125","0.55","4294967295","69454","69019","2572","0.1481","0.037","0.5556","0.2593","207","84","30"
"X","샹들리에","가구/인테리어>인테리어소품","X","X","78.41","9080","11090","0.2214","28260","30456","0.0777","144008","1","14220","없음","없음","711973","357032","313282","높음","0.925","0.075","0.1","154348","571","209","21","0.2222","0","0.2593","0.5185","135","33","10"
"X","매립등","가구/인테리어>인테리어소품","X","O","34.6","5710","5754","0.0077","17744","18118","0.0211","90152","7","8238","없음","없음","197594","33972","3899","높음","1","0","0","18141","13917","5034","515","0.2222","0.3333","0.3333","0.1111","0","0","0"
"X","인터폰가리개","가구/인테리어>인테리어소품","X","O","14.32","2500","2598","0.0392","8557","9646","0.1273","37774","12","4092","없음","없음","35796","18285","32748","중간","0.85","0.15","0.775","24092","2377","360","88","0.1481","0.1852","0.5185","0.1481","0","0","0"
"X","자개","가구/인테리어>인테리어소품","X","X","49.44","10480","9779","-0.0669","32807","26986","-0.1774","107118","9","10949","없음","없음","518145","87466","9194","높음","1","0","0.15","17024","1422","332","52","0.2593","0.2222","0.2963","0.2222","0","0","0"
"X","t5","가구/인테리어>인테리어소품","X","O","46.75","9190","14021","0.5257","23579","29284","0.242","96332","11","10096","없음","없음","429668","131946","4771","높음","1","0","0","15121","8069","1014","298","0.5556","0.1111","0.2593","0.0741","0","0","0"
"X","아치형가벽","가구/인테리어>인테리어소품","X","O","8.45","2420","4047","0.6723","6839","11266","0.6473","33523","11","3585","없음","없음","20440","9556","86672","높음","0.675","0.325","0.975","160847","1853","793","68","0.0741","0","0.1111","0.8148","10","2","0"
"X","침실무드등","가구/인테리어>인테리어소품","X","O","156.75","2710","4385","0.6181","7494","25499","2.4026","17558","12","5227","있음","11,12","424801","195711","36492","높음","0.975","0.025","0.05","16917","19023","4866","704","0.2222","0.5926","0.037","0.1481","0","0","0"
"X","선비갓","가구/인테리어>인테리어소품","X","O","1.9","1230","981","-0.2024","2781","2272","-0.183","4509","9","624","없음","없음","2339","1111","29362","높음","0.75","0.25","0.725","23926","405","123","11","0","0.0556","0.8889","0.0556","0","0","0"
"X","체인소맨레제포스터","가구/인테리어>인테리어소품","","","0.16","10400","0","","11118","0","","0","","0","없음","없음","1664","717","9846","중간","0.825","0.175","0.4","15705","19","10","0","0","0","0.2188","0.7813","1","1","0"
"X","종이액자","가구/인테리어>인테리어소품","X","O","54.81","2560","2560","0","8437","7664","-0.0916","48891","4","5311","없음","없음","140325","25104","6622","높음","1","0","0.525","14939","5415","1066","200","0.4444","0.1111","0.4444","0","0","0","0"
"X","인테리어포스터","가구/인테리어>인테리어소품","X","O","413.01","3820","3863","0.0113","11452","12943","0.1302","85682","1","9496","없음","없음","1577693","555154","24841","높음","0.975","0.025","0.025","12847","11976","4564","460","0.2692","0.4231","0.1538","0.1538","0","0","0"
"X","아크릴간판","가구/인테리어>인테리어소품","X","O","42.5","3640","4035","0.1085","14241","14598","0.0251","81271","3","7717","없음","없음","154714","19545","15349","높음","1","0","0.075","25923","1418","264","52","0.037","0","0.8519","0.1111","102","91","34"
"X","이케아액자","가구/인테리어>인테리어소품","O","O","1.2","6620","6563","-0.0086","20197","20626","0.0212","63364","1","6507","없음","없음","7916","238","11132","높음","1","0","0.325","22639","903","163","33","0","0","0.963","0.037","163","163","163"
"X","증명사진인화","가구/인테리어>인테리어소품","X","O","0.37","4880","6062","0.2422","17607","21338","0.2119","100306","2","11610","없음","없음","1784","263","28691","높음","0.9","0.1","0.175","11220","7789","691","251","0","0.0323","0.9355","0.0323","1","1","1"
"X","달항아리그림","가구/인테리어>인테리어소품","X","O","2.7","6470","7008","0.0832","22593","19423","-0.1403","106184","1","14559","없음","없음","17497","1540","58976","높음","0.925","0.075","0.35","38840","2089","512","77","0","0.1481","0.6667","0.1852","5","5","1"
"X","액막이명태도어벨","가구/인테리어>인테리어소품","X","O","4.54","1800","1429","-0.2061","5310","25768","3.8527","2295","12","1266","있음","12","8167","563","20537","중간","1","0","0.45","18461","2387","695","88","0","0.5926","0.4074","0","0","0","0"
"O","디퓨저오일","가구/인테리어>인테리어소품","X","O","196.53","650","675","0.0385","2754","2638","-0.0421","8454","1","753","없음","없음","127744","34348","22114","높음","0.975","0.025","0.375","13251","140805","70754","5215","0.5926","0.1852","0.1852","0.037","0","0","0"
"X","외부벽등","가구/인테리어>인테리어소품","X","O","98.72","2500","2923","0.1692","7914","8261","0.0438","28044","11","2774","없음","없음","246801","102151","22285","높음","1","0","0","24768","4279","2830","158","0.1481","0.2963","0.4815","0.0741","0","0","0"
"X","led식탁등","가구/인테리어>인테리어소품","X","O","346.44","970","1107","0.1412","2964","3321","0.1204","20260","1","2348","없음","없음","336048","97375","79857","높음","1","0","0","37491","10461","1259","387","0.7407","0.0741","0.1111","0.0741","0","0","0"
"X","아르떼미데조명","가구/인테리어>인테리어소품","X","O","1.63","8680","11147","0.2842","29177","28856","-0.011","118736","8","18248","없음","없음","14156","8331","424907","높음","0.425","0.575","0.05","160914","112","39","4","0.1111","0","0.2963","0.5926","10","6","1"
"X","diy명화그리기","가구/인테리어>인테리어소품","X","O","39.33","3830","5528","0.4433","12809","18036","0.4081","78558","3","11540","없음","없음","150616","52839","17146","높음","0.975","0.025","0.1","13342","49047","17498","1816","0.4444","0.4074","0.1111","0.037","21","21","21"
"X","스탠드","가구/인테리어>인테리어소품","X","O","795.8","23700","24651","0.0401","61009","59377","-0.0268","418820","1","45170","없음","없음","18860425","6622516","54746","높음","0.95","0.05","0.975","25995","64222","16395","2378","0.5556","0.4074","0.037","0","0","0","0"
"X","무선초인종","가구/인테리어>인테리어소품","X","O","54.3","2120","2290","0.0802","6424","7363","0.1462","36871","1","3833","없음","없음","115110","50780","26253","높음","0.8","0.2","0.6","27594","14202","2747","526","0.1852","0.3333","0.2222","0.2593","24","24","3"
"X","현관종","가구/인테리어>인테리어소품","X","O","51.25","3010","2535","-0.1578","9271","8465","-0.0869","50516","1","5593","없음","없음","154252","38134","14988","높음","1","0","0.45","12512","10901","4739","403","0.2222","0.3704","0.3333","0.0741","0","0","0"
"X","led줄조명","가구/인테리어>인테리어소품","X","O","128.18","2420","2909","0.2021","7699","9894","0.2851","55265","12","5561","없음","없음","310192","74540","30463","높음","1","0","0.175","18304","9078","2633","336","0.3704","0.2963","0.2593","0.0741","0","0","0"
"X","낮은파티션","가구/인테리어>인테리어소품","X","O","18.54","2790","3410","0.2222","7020","8700","0.2393","25881","1","3230","없음","없음","51720","24345","66906","높음","0.825","0.175","0.675","52551","1200","339","44","0.2222","0.037","0.4444","0.2963","0","0","0"
"O","할로윈조명","가구/인테리어>인테리어소품","X","X","82.62","2180","276","-0.8734","2500","286","-0.8856","25640","10","18600","있음","10","180119","71988","10237","높음","0.975","0.025","0.1","14281","1209","173","44","0.037","0.7037","0.1481","0.1111","0","0","0"
"X","드래곤볼조명","가구/인테리어>인테리어소품","O","X","0.41","7150","0","","9264","0","","0","","0","없음","없음","2958","2172","42759","중간","0.15","0.85","0","60585","250","117","9","0.037","0.0741","0.1111","0.7778","21","7","1"
"X","화장실등","가구/인테리어>인테리어소품","X","O","34.49","2770","2917","0.0531","8910","8476","-0.0487","41332","1","3750","없음","없음","95524","31158","12637","높음","1","0","0.025","12630","39292","12193","1455","0.4074","0.1852","0.3704","0.037","0","0","0"
"X","5cm인형옷","가구/인테리어>인테리어소품","X","O","2.71","1000","1297","0.297","2598","2612","0.0054","11768","11","1179","없음","없음","2714","1327","10885","중간","0.825","0.175","0.125","15843","403","180","12","0.0606","0.1818","0.2727","0.4848","13","3","1"
"O","구리바1kg","가구/인테리어>인테리어소품","X","O","9.26","1390","0","","1434","0","","20","4","20","있음","4","12865","4932","123841","중간","0.2","0.8","0.125","66325","13","6","0","0","0","0","1","13","6","0"
"X","스톤디퓨저","가구/인테리어>인테리어소품","X","O","6.09","3040","3006","-0.0112","10318","9917","-0.0389","55082","4","5685","없음","없음","18504","5403","24703","높음","1","0","0.5","27572","1832","251","67","0.1852","0.5556","0.1111","0.1481","0","0","0"
"O","탁상알람시계","가구/인테리어>인테리어소품","X","O","124","5560","30325","4.4541","24223","143034","4.9049","6594","12","2210","있음","11,12","689418","204328","17512","높음","1","0","0.675","13468","43427","11339","1608","0.6667","0.2963","0.037","0","0","0","0"
"X","거실벽시계","가구/인테리어>인테리어소품","X","O","209.48","3230","3296","0.0204","10776","10187","-0.0547","45966","7","4857","없음","없음","676606","294487","52617","높음","0.975","0.025","0","22352","85243","24439","3157","0.6296","0.1111","0.1481","0.1111","0","0","0"
"O","방향제오일","가구/인테리어>인테리어소품","X","O","407.9","270","274","0.0148","1837","1653","-0.1002","3443","3","355","없음","없음","110134","18448","16807","높음","0.975","0.025","0.375","13648","236240","71891","8749","0.3704","0.2963","0.1852","0.1481","71891","71891","17973"
"X","인테리어시계","가구/인테리어>인테리어소품","X","O","1099.1","2710","2813","0.038","12637","11686","-0.0753","57872","8","5635","없음","없음","2978567","930301","53512","높음","0.975","0.025","0","35510","71334","24517","2642","0.4444","0.2593","0.2963","0","0","0","0"
"X","투광등","가구/인테리어>인테리어소품","X","O","56.64","3780","4585","0.213","12028","13830","0.1498","56941","11","6443","없음","없음","214081","87446","33913","높음","1","0","0","37391","6409","2835","237","0.1481","0.2963","0.4074","0.1481","0","0","0"
"X","미니어처","가구/인테리어>인테리어소품","O","X","340.64","6110","6198","0.0144","20723","19408","-0.0635","120668","3","12373","없음","없음","2081302","962896","16852","높음","0.975","0.025","0.3","30165","4728","1194","175","0.4815","0.2222","0.1111","0.1852","0","0","0"
"X","주방식탁조명","가구/인테리어>인테리어소품","X","X","165.4","2010","2572","0.2796","6933","11765","0.697","11803","12","1603","없음","없음","332454","93300","75951","높음","0.95","0.05","0.25","63838","10625","1695","393","0.4074","0.037","0.4444","0.1111","0","0","0"
"X","식물조명","가구/인테리어>인테리어소품","X","O","53.32","4080","5245","0.2855","14072","23207","0.6492","36719","3","3769","없음","없음","217547","94908","25592","높음","1","0","0.075","26862","9773","3130","361","0.3704","0.4074","0.1481","0.0741","0","0","0"
"X","한국기념품","가구/인테리어>인테리어소품","X","O","30.5","2960","3299","0.1145","10307","9556","-0.0729","46514","7","4814","없음","없음","90281","2766","21984","높음","1","0","0.1","14693","6789","2937","251","0.2963","0.3333","0.2963","0.0741","0","0","0"
"X","자개키링만들기","가구/인테리어>인테리어소품","X","O","2.15","3550","2448","-0.3104","5660","2777","-0.5094","1981","9","543","있음","9,10","7618","180","6127","높음","1","0","0.35","9333","197","79","7","0.2222","0","0.7407","0.037","0","0","0"
"X","헤트라스","가구/인테리어>인테리어소품","O","X","0.25","39730","41552","0.0459","124063","144249","0.1627","340963","12","33067","없음","없음","10076","98","22836","높음","1","0","0.7","16518","684018","69065","25334","1","0","0","0","0","0","0"
"X","아크릴무드등","가구/인테리어>인테리어소품","X","O","8.12","6470","7814","0.2077","19399","22853","0.1781","45797","1","4767","없음","없음","52513","13115","14006","높음","1","0","0.15","13499","5772","1299","213","0.1111","0.1481","0.5926","0.1481","0","0","0"
"X","태양열정원등","가구/인테리어>인테리어소품","X","O","38.16","2080","2220","0.0673","5288","4756","-0.1006","36018","5","4341","없음","없음","79367","25766","19980","높음","1","0","0.075","29868","6168","1977","228","0.0741","0.3333","0.2963","0.2963","202","185","25"
"X","욕실등led","가구/인테리어>인테리어소품","X","O","42.82","2090","470","-0.7751","6572","2272","-0.6543","1493","2","213","없음","없음","89494","24723","13339","높음","1","0","0.05","13025","33296","8021","1233","0.4074","0.2963","0.2593","0.037","0","0","0"
"X","회전목마오르골","가구/인테리어>인테리어소품","X","O","29.24","1100","5971","4.4282","2246","18625","7.2925","22877","12","8272","있음","11,12","32164","18201","82717","높음","0.9","0.1","0.4","38020","1163","260","43","0.1481","0.3704","0.2963","0.1852","2","1","0"
"X","정원등","가구/인테리어>인테리어소품","X","O","138.87","2420","2420","0","6266","5542","-0.1155","31401","4","3932","없음","없음","336065","85875","20126","높음","1","0","0.125","29764","5162","1979","191","0","0.4815","0.2963","0.2222","206","187","34"
"X","식물등스탠드","가구/인테리어>인테리어소품","X","O","8.31","2360","3075","0.303","5320","10704","1.012","27766","11","3275","없음","없음","19610","9249","51047","높음","0.95","0.05","0.275","31208","15257","3130","565","0.4074","0.2222","0.2222","0.1481","0","0","0"
"X","엔틱벽시계","가구/인테리어>인테리어소품","X","O","102.84","2430","2201","-0.0942","8578","7384","-0.1392","40699","7","4651","없음","없음","249905","98411","51019","높음","0.875","0.125","0","49032","2802","831","103","0.4815","0.0741","0.3704","0.0741","0","0","0"
"X","타자기","가구/인테리어>인테리어소품","X","O","14.03","5580","6852","0.228","16924","17467","0.0321","74332","1","7357","없음","없음","78275","43748","72710","높음","0.775","0.225","0.675","60715","3492","1258","129","0.2963","0.1111","0.1852","0.4074","7","3","1"
"X","이동식칸막이","가구/인테리어>인테리어소품","X","O","88.34","1710","1848","0.0807","5994","6360","0.0611","30458","3","3153","없음","없음","151068","60664","53084","높음","0.975","0.025","0.375","86888","3827","795","106","0.1667","0.0556","0.4722","0.3056","354","327","32"
"X","인센스스틱홀더","가구/인테리어>인테리어소품","O","O","28.77","2230","2063","-0.0749","6486","7112","0.0965","20670","2","2224","없음","없음","64158","16381","12173","높음","1","0","0.4","12715","8698","3073","322","0.2963","0.4815","0.1852","0.037","10","10","10"
"X","부케말리기","가구/인테리어>인테리어소품","X","X","1.03","5140","4808","-0.0646","13819","14308","0.0354","77004","10","8837","없음","없음","5287","2037","33965","높음","1","0","0.025","22191","2042","490","75","0.1852","0.3333","0.3333","0.1481","7","7","2"
"X","블루라벨","가구/인테리어>인테리어소품","X","O","1.08","28240","29462","0.0433","73047","85156","0.1658","318336","2","32129","없음","없음","30505","3984","53663","높음","0.325","0.675","0.275","100507","27146","12430","1044","0.5769","0.0385","0.2308","0.1538","0","0","0"
"X","족자봉","가구/인테리어>인테리어소품","X","O","6.46","2080","1948","-0.0635","6333","4586","-0.2759","32309","7","4709","없음","없음","13445","4485","10917","높음","0.85","0.15","0.875","7753","314","89","11","0.0741","0.1111","0.7407","0.0741","0","0","0"
"O","포토마그넷","가구/인테리어>인테리어소품","X","O","15.64","3860","5984","0.5503","4776","6473","0.3553","4508","3","483","없음","없음","60363","9940","48407","높음","0.95","0.05","0.3","10781","2133","656","79","0.2593","0.1852","0.3704","0.1852","0","0","0"
"O","액막이명태키링","가구/인테리어>인테리어소품","X","O","3.68","1670","1727","0.0341","4571","7850","0.7173","8673","12","1255","없음","없음","6138","244","10367","높음","1","0","0.15","11190","320","63","11","0.1852","0.3704","0.4444","0","0","0","0"
"X","공간분리가벽","가구/인테리어>인테리어소품","X","O","73.25","2620","3093","0.1805","7718","11601","0.5031","25108","1","2679","없음","없음","191925","92174","72217","높음","1","0","0.225","122868","5005","795","185","0.0741","0.037","0.5185","0.3704","842","262","84"
"X","아크릴현판","가구/인테리어>인테리어소품","X","O","11.7","3350","3635","0.0851","14640","16444","0.1232","19984","10","2082","없음","없음","39197","3989","15152","높음","1","0","0.025","27893","1101","265","40","0.0741","0.0741","0.8148","0.037","11","11","11"
"X","나무액자","가구/인테리어>인테리어소품","X","O","81.11","3850","4041","0.0496","12092","11968","-0.0103","66254","1","6503","없음","없음","312262","92922","7713","높음","1","0","0.1","14335","9773","2794","361","0.2963","0.2593","0.2963","0.1481","0","0","0"
"X","미러볼","가구/인테리어>인테리어소품","X","O","40.24","3800","5878","0.5468","12277","17061","0.3897","82986","12","8957","없음","없음","152914","49366","37068","높음","1","0","0.15","31765","12359","3578","457","0.3333","0.3704","0.1481","0.1481","0","0","0"
"X","스마트전구","가구/인테리어>인테리어소품","O","O","23.21","3390","3814","0.1251","10745","13009","0.2107","61469","1","7111","없음","없음","78667","27374","34298","높음","0.975","0.025","0.55","20547","30350","6943","1124","0.7037","0.037","0.1481","0.1111","0","0","0"
"X","led일자등","가구/인테리어>인테리어소품","X","O","45.68","1770","1970","0.113","5001","5381","0.076","42091","3","4083","없음","없음","80849","6751","7467","높음","1","0","0.075","9439","29919","6664","831","0.7222","0.0278","0.25","0","0","0","0"
"X","a2액자","가구/인테리어>인테리어소품","X","O","28.93","3620","3639","0.0052","12444","11754","-0.0554","51420","8","4679","없음","없음","104719","5408","19605","높음","1","0","0.05","23654","15171","2803","561","0.2593","0.037","0.5926","0.1111","0","0","0"
"X","전구소켓","가구/인테리어>인테리어소품","X","O","111.03","3180","3517","0.106","9561","10470","0.0951","55056","10","5405","없음","없음","353088","69966","6325","높음","1","0","0.175","23245","10773","7479","399","0.1852","0.0741","0.6667","0.0741","120","120","60"
"O","a4액자","가구/인테리어>인테리어소품","X","O","144.46","2090","2460","0.177","8266","8497","0.0279","35696","8","3369","없음","없음","301925","23815","15970","높음","1","0","0.025","9288","18855","2794","698","0.2593","0.5185","0.2222","0","0","0","0"
"X","투광기","가구/인테리어>인테리어소품","X","O","70.64","3470","3731","0.0752","10633","9685","-0.0892","64409","10","6155","없음","없음","245109","75205","30400","높음","1","0","0","42511","6101","2834","225","0.1111","0.2963","0.4815","0.1111","0","0","0"
"X","액자프레임","가구/인테리어>인테리어소품","X","O","176.5","5150","4916","-0.0454","21220","21003","-0.0102","93641","10","9326","없음","없음","908967","291758","16672","높음","1","0","0.025","16609","26783","2793","743","0.3889","0.2222","0.3611","0.0278","3","3","3"
"X","팔로산토","가구/인테리어>인테리어소품","X","O","1.99","4450","4786","0.0755","15017","15264","0.0164","50823","4","6174","없음","없음","8834","3647","14538","높음","1","0","0.325","40376","3192","1416","118","0.1852","0.2593","0.4815","0.0741","0","0","0"
"O","led평판등","가구/인테리어>인테리어소품","X","O","34.05","1600","1755","0.0969","5190","5483","0.0565","32347","11","3293","없음","없음","54475","1921","26545","높음","1","0","0","24315","4288","1976","158","0.2593","0.2222","0.4815","0.037","0","0","0"
"X","셀프가벽","가구/인테리어>인테리어소품","X","O","21.11","2920","3611","0.2366","9029","14237","0.5768","52414","3","6995","없음","없음","61631","33041","82246","높음","0.975","0.025","0.3","107004","9646","795","267","0.1944","0","0.5833","0.2222","143","96","18"
"X","그림","가구/인테리어>인테리어소품","X","O","170.58","36590","39037","0.0669","119373","122800","0.0287","488216","1","47037","없음","없음","6241586","1655143","28151","높음","1","0","0.15","22138","11173","3090","413","0.2593","0.3704","0.1481","0.2222","96","92","16"
"X","미니어처하우스","가구/인테리어>인테리어소품","O","O","132.31","2210","3319","0.5018","6569","7548","0.149","25870","1","3725","없음","없음","292403","159978","26470","높음","0.9","0.1","0.325","41868","2813","558","104","0.3333","0.3333","0.2593","0.0741","0","0","0"
"X","화장실led등","가구/인테리어>인테리어소품","X","O","26.66","1850","1962","0.0605","5846","5644","-0.0346","29722","8","2748","없음","없음","49314","11774","12488","높음","1","0","0.05","11135","33465","8015","1239","0.4815","0.2963","0.2222","0","0","0","0"
"X","led안정기","가구/인테리어>인테리어소품","O","O","19.93","3830","3232","-0.1561","11458","9247","-0.193","63228","1","6339","없음","없음","76314","7560","9224","높음","1","0","0","16128","8029","3082","297","0.2222","0.1852","0.5185","0.0741","0","0","0"
"X","t5간접조명","가구/인테리어>인테리어소품","X","O","5.25","4040","25455","5.3007","14184","117957","7.3162","17530","12","6426","있음","11,12","21206","1389","6731","높음","1","0","0","16091","6891","1014","255","0.2963","0.2222","0.4815","0","0","0","0"
"X","전자시계벽걸이","가구/인테리어>인테리어소품","X","O","25.78","3390","3594","0.0602","10351","11593","0.12","42015","12","4236","없음","없음","87392","33367","67845","높음","1","0","0","51344","63811","15261","2363","0.5185","0.0741","0.3333","0.0741","0","0","0"
"X","조향베이스","가구/인테리어>인테리어소품","O","O","20.08","140","64","-0.5429","445","187","-0.5798","9526","6","1309","없음","없음","2811","146","7575","높음","1","0","0.15","17466","2324","982","86","0.1111","0.037","0.8148","0.037","0","0","0"
"X","루메나조명","가구/인테리어>인테리어소품","O","O","0.3","5930","7989","0.3472","16565","33861","1.0441","37646","12","5891","없음","없음","1757","329","71684","높음","1","0","0.175","112395","2554","435","94","0.6296","0","0.2593","0.1111","0","0","0"
"X","전등갓","가구/인테리어>인테리어소품","X","O","67.82","2800","2724","-0.0271","8761","8441","-0.0365","50630","1","4822","없음","없음","189883","94187","12880","높음","1","0","0.05","13170","1918","274","71","0.5185","0.037","0.2963","0.1481","0","0","0"
"X","전자디퓨저","가구/인테리어>인테리어소품","X","O","2.85","3190","2811","-0.1188","7800","8570","0.0987","28199","3","3074","없음","없음","9086","4021","88148","높음","0.925","0.075","0.425","56490","2189","484","81","0.037","0.2963","0.2963","0.3704","314","90","31"
"X","아카리조명","가구/인테리어>인테리어소품","X","X","1.56","5650","6182","0.0942","17647","21967","0.2448","39185","12","4260","없음","없음","8795","4903","152874","중간","0.45","0.55","0","62692","384","364","10","0","0.0556","0.2222","0.7222","2","1","0"
"O","금목서디퓨저","가구/인테리어>인테리어소품","X","O","0.3","2650","773","-0.7083","3049","1329","-0.5641","5836","10","3217","있음","10","805","455","23950","중간","0.55","0.45","0.5","22171","6454","1729","239","0.2222","0.1852","0.2593","0.3333","1899","1729","211"
"O","herbaldiffuser","가구/인테리어>인테리어소품","X","O","0","1460","0","","1460","0","","5","3","5","있음","3","1","1","38800","중간","0","1","0","70377","279655","73551","10357","0.2963","0.037","0.5556","0.1111","0","0","0"
"X","사쉐","가구/인테리어>인테리어소품","X","X","4.11","7970","8507","0.0674","27140","27442","0.0111","94510","7","9188","없음","없음","32754","4751","13450","높음","1","0","0.525","12335","141920","56862","5256","0.6296","0.1852","0.1111","0.0741","0","0","0"
"O","집들이선물추천","가구/인테리어>인테리어소품","X","X","194.03","9810","10661","0.0867","36033","41442","0.1501","199506","1","18612","없음","없음","1903391","736366","37495","높음","1","0","0.075","26835","911986","216604","33777","0.5926","0.1852","0.1852","0.037","0","0","0"
"X","태양광등","가구/인테리어>인테리어소품","X","O","276.29","2430","2791","0.1486","6612","6408","-0.0309","46551","5","5614","없음","없음","671388","205728","20390","높음","1","0","0.1","25686","7242","1977","268","0.1111","0.4074","0.3704","0.1111","214","184","71"
"O","배스앤바디웍스캔들","가구/인테리어>인테리어소품","O","O","1.28","1320","3359","1.5447","1615","6100","2.7771","980","12","375","있음","11,12","1695","1411","59910","중간","0.25","0.75","0.375","48944","707","660","26","0.037","0","0","0.963","47","3","2"
"X","폴라로이드액자","가구/인테리어>인테리어소품","O","O","11.03","1830","2093","0.1437","6037","8931","0.4794","14275","11","2007","없음","없음","20182","5001","9260","높음","0.95","0.05","0.65","16264","4188","1995","155","0.2222","0.4074","0.2593","0.1111","0","0","0"
"X","간접등","가구/인테리어>인테리어소품","X","O","160.42","3680","4045","0.0992","11652","12148","0.0426","61933","1","6134","없음","없음","590361","238149","14855","높음","1","0","0.1","20445","21850","4868","809","0.5185","0.2222","0.1111","0.1481","0","0","0"
"O","부케선물","가구/인테리어>인테리어소품","X","O","22.36","2890","2636","-0.0879","7566","7165","-0.053","41052","10","5027","없음","없음","64627","28888","35219","높음","0.975","0.025","0.025","23190","703","118","26","0.1111","0.2593","0.5556","0.0741","7","7","4"
"X","led기판","가구/인테리어>인테리어소품","O","O","13.36","3550","4008","0.129","11103","10078","-0.0923","46174","8","5418","없음","없음","47437","16175","12548","높음","1","0","0.25","25647","10546","3173","390","0.2963","0.2593","0.2963","0.1481","0","0","0"
"X","취침등","가구/인테리어>인테리어소품","X","O","67.7","1820","1991","0.094","5872","6193","0.0547","33097","1","3485","없음","없음","123219","33520","23910","높음","0.9","0.1","0.125","11742","21691","4864","803","0.4444","0.3333","0.1111","0.1111","0","0","0"
"O","화장실표지판","가구/인테리어>인테리어소품","X","O","269.07","1730","1937","0.1197","5620","5450","-0.0302","29560","3","2838","없음","없음","465484","18688","7699","높음","1","0","0.425","11841","1985","490","73","0.2222","0.2963","0.4444","0.037","28","28","28"
"X","타공판파티션","가구/인테리어>인테리어소품","X","O","42.6","2020","3112","0.5406","6481","10398","0.6044","25566","11","2977","없음","없음","86052","39730","77148","높음","0.975","0.025","0.4","63287","1981","795","73","0.1852","0.2222","0.2963","0.2963","20","19","3"
"X","우드윅캔들","가구/인테리어>인테리어소품","O","O","1.74","3350","4177","0.2469","9367","30358","2.241","40539","12","6910","있음","1,2,3,4,5,12","5844","1031","25493","높음","1","0","0.55","36282","18458","1302","683","0.5926","0","0.3704","0.037","0","0","0"
"X","퍼퓸사쉐","가구/인테리어>인테리어소품","X","O","2.11","2690","2281","-0.152","6062","6415","0.0582","2544","2","353","없음","없음","5673","345","13151","높음","1","0","0.325","12094","237096","56860","8781","0.7778","0.2222","0","0","0","0","0"
"X","레스트인네이처","가구/인테리어>인테리어소품","X","O","0.03","6310","6130","-0.0285","20995","19779","-0.0579","125169","2","13136","없음","없음","191","0","54043","낮음","1","0","0.425","23218","1284574","72487","47576","0.8519","0.0741","0.0741","0","0","0","0"
"X","소코뚜레","가구/인테리어>인테리어소품","X","O","3.19","3900","4779","0.2254","12419","15258","0.2286","61107","1","6329","없음","없음","12452","1000","23952","높음","0.975","0.025","0.35","19847","3324","1766","123","0.037","0.3704","0.5556","0.037","0","0","0"
"X","토끼무드등","가구/인테리어>인테리어소품","X","O","15.61","1830","1660","-0.0929","4516","4990","0.105","21247","1","3557","있음","1,2,3","28566","11115","21261","높음","0.9","0.1","0.1","26179","2685","1283","99","0.2222","0.2963","0.2963","0.1852","0","0","0"
"O","건의함","가구/인테리어>인테리어소품","X","O","66.13","1330","1420","0.0677","6736","4606","-0.3162","25644","3","5395","있음","3,8","87953","14956","26085","높음","0.975","0.025","0.85","22928","933","396","25","0.0278","0.1944","0.6944","0.0833","0","0","0"
"X","무선조명","가구/인테리어>인테리어소품","X","O","367.08","2320","2236","-0.0362","7343","7860","0.0704","49762","4","5355","없음","없음","851617","315382","27124","높음","1","0","0.175","20274","11728","2616","434","0.3704","0.4444","0.0741","0.1111","0","0","0"
"X","식물led","가구/인테리어>인테리어소품","X","O","62.74","2750","2711","-0.0142","10675","12152","0.1384","18178","4","2200","없음","없음","172541","68510","24904","높음","1","0","0.075","26420","9508","3130","352","0.4444","0.2222","0.1481","0.1852","13","8","3"
"X","침대파티션","가구/인테리어>인테리어소품","X","O","16.19","2350","2328","-0.0094","5258","4954","-0.0578","25137","8","2949","없음","없음","38052","19505","78713","높음","0.8","0.2","0.85","92526","1992","339","76","0.4231","0.0769","0.3462","0.1538","0","0","0"
"O","포토마그넷음악","가구/인테리어>인테리어소품","","","0.12","1230","0","","1230","0","","0","","0","없음","없음","146","72","16118","중간","0.725","0.275","0.025","24150","4","4","0","0","0","0.2222","0.7778","4","4","0"
"X","포토테이블액자","가구/인테리어>인테리어소품","X","X","9.85","4020","3492","-0.1313","11240","9304","-0.1722","33841","10","4209","없음","없음","39606","3568","12719","높음","1","0","0.05","15827","6375","1541","236","0.3704","0.2593","0.2593","0.1111","3","3","1"
"O","호랑이도자기인형","가구/인테리어>인테리어소품","X","X","1.33","580","0","","860","0","","8","4","8","있음","4","770","290","57003","높음","0.925","0.075","0.575","69490","601","540","22","0.0741","0.1481","0.5556","0.2222","1","1","0"
"O","대용량실내방향제","가구/인테리어>인테리어소품","X","O","6.41","2220","0","","2265","2265","0","10","6","10","있음","6","14239","1078","22837","높음","1","0","0.625","20418","706702","73518","26174","0.4815","0.1111","0.3333","0.0741","0","0","0"
"X","셰이커박스","가구/인테리어>인테리어소품","X","O","10.46","2040","2264","0.1098","8627","9078","0.0523","12825","10","1310","없음","없음","21333","10974","38435","낮음","0.8","0.2","0.55","31278","656","205","19","0.0303","0.1515","0.1818","0.6364","1","1","0"
"X","이케아스탠드조명","가구/인테리어>인테리어소품","O","O","2.28","4010","4565","0.1384","11806","13000","0.1011","46614","1","5126","없음","없음","9136","797","57430","높음","0.975","0.025","0.225","69262","9513","4642","352","0.1111","0","0.7778","0.1111","0","0","0"
"X","필립스식물등","가구/인테리어>인테리어소품","O","O","0.28","1690","1770","0.0473","3857","4432","0.1491","23121","1","2412","없음","없음","471","51","39183","중간","0.9","0.1","0","37438","8046","3130","298","0.1852","0.037","0.6296","0.1481","0","0","0"
"X","유리파티션","가구/인테리어>인테리어소품","X","O","19.17","4160","4487","0.0786","11285","11977","0.0613","46664","1","4939","없음","없음","79761","34330","90042","높음","0.975","0.025","0.45","82600","1348","270","49","0.3333","0.0741","0.3704","0.2222","5","5","1"
"X","주방파티션","가구/인테리어>인테리어소품","X","O","46.09","3300","3767","0.1415","10090","13375","0.3256","37265","1","3870","없음","없음","152086","78559","62148","높음","0.975","0.025","0.2","51107","1403","269","51","0.4074","0.1111","0.1481","0.3333","21","5","2"
"X","미니간판","가구/인테리어>인테리어소품","X","O","77.31","2020","2439","0.2074","6623","7518","0.1351","30955","3","3123","없음","없음","156171","9405","26698","높음","1","0","0.075","31322","3815","1149","141","0","0","0.8889","0.1111","60","48","20"
"O","엣지등","가구/인테리어>인테리어소품","O","O","30.24","2870","2567","-0.1056","10221","8976","-0.1218","55435","8","5577","없음","없음","86780","11803","36752","높음","1","0","0","24685","7617","2013","282","0.3333","0.3333","0.3333","0","0","0","0"
"X","인테리어소품","가구/인테리어>인테리어소품","X","O","3628.9","10160","10690","0.0522","43931","44958","0.0234","259053","1","28275","없음","없음","36869580","11283134","24829","높음","1","0","0.15","19464","7688","2225","284","0.1852","0.7407","0.037","0.037","4","4","4"
"O","거실스텐드조명","가구/인테리어>인테리어소품","X","O","299.74","1170","1388","0.1863","2777","2931","0.0555","1654","1","173","없음","없음","350695","173895","82273","높음","0.975","0.025","0.25","47834","32702","16204","1211","0.5926","0.1852","0.037","0.1852","18","17","4"
"O","솔방울","가구/인테리어>인테리어소품","O","X","9.83","6500","7146","0.0994","16060","18726","0.166","78223","10","9890","없음","없음","63880","15126","8591","높음","0.95","0.05","0.7","19726","993","516","34","0.2759","0.1034","0.5517","0.069","6","6","3"
"X","촛대","가구/인테리어>인테리어소품","X","O","153.94","3570","2975","-0.1667","9639","11299","0.1722","60012","10","9412","없음","없음","549548","200678","19417","높음","1","0","0.525","15884","1413","499","52","0.2593","0.0741","0.6296","0.037","5","5","5"
"X","6인치다운라이트","가구/인테리어>인테리어소품","X","O","9.34","3110","3112","0.0006","10796","10476","-0.0296","53443","10","5138","없음","없음","29058","951","3843","높음","1","0","0","28925","7021","5019","260","0.0741","0.6296","0.2963","0","0","0","0"
"X","귀멸의칼날포스터","가구/인테리어>인테리어소품","X","O","1.51","4900","3353","-0.3157","17970","11180","-0.3779","7822","2","3131","있음","2","7423","5325","10172","중간","0.7","0.3","0.55","14666","47","10","1","0","0","0.2593","0.7407","35","10","2"
"X","문주등","가구/인테리어>인테리어소품","X","O","69.7","2090","2388","0.1426","6614","6390","-0.0339","21436","4","2436","없음","없음","145681","68080","14606","높음","1","0","0","23439","2507","1172","92","0.0741","0.0741","0.6296","0.2222","41","31","7"
"X","그림액자","가구/인테리어>인테리어소품","X","O","811.28","4220","4496","0.0654","15321","15763","0.0288","105310","1","11220","없음","없음","3423604","917131","33602","높음","0.975","0.025","0.075","31390","7250","1466","201","0.3889","0.1667","0.4167","0.0278","92","92","92"
"X","아르떼미데","가구/인테리어>인테리어소품","O","O","2.44","7540","11914","0.5801","23678","30941","0.3067","100545","3","9937","없음","없음","18412","9946","445551","높음","0.375","0.625","0.05","230386","112","39","4","0.1852","0","0.3333","0.4815","28","16","2"
"X","다이소조명","가구/인테리어>인테리어소품","O","O","0.03","5320","5380","0.0113","13742","14395","0.0475","70774","10","7131","없음","없음","138","14","7490","높음","0.925","0.075","0","11019","23159","4438","857","0.7037","0.1111","0.1852","0","0","0","0"
"X","액막이","가구/인테리어>인테리어소품","X","O","20.29","5520","6612","0.1978","18367","27882","0.518","38991","12","5393","없음","없음","111974","22852","19981","높음","1","0","0.1","15617","7126","1432","197","0.1111","0.8333","0.0278","0.0278","104","104","104"
"X","루이스폴센","가구/인테리어>인테리어소품","O","O","1.1","10410","11642","0.1183","37787","42067","0.1133","220933","1","24053","없음","없음","11493","7125","2636902","높음","0.775","0.225","0.025","112477","1034","516","38","0.037","0","0.7037","0.2593","11","5","2"
"X","풍경종","가구/인테리어>인테리어소품","O","O","42.83","2880","2325","-0.1927","9725","6449","-0.3369","53239","9","5923","없음","없음","123362","28827","16867","높음","0.975","0.025","0.5","16387","9128","4740","351","0.2692","0.5","0.2308","0","0","0","0"
"X","led","가구/인테리어>인테리어소품","X","X","1236.52","16630","17999","0.0823","49514","50373","0.0173","259622","1","26082","없음","없음","20563408","5777787","33810","높음","1","0","0.15","13601","47477","10727","1758","0.6667","0.1481","0.1111","0.0741","0","0","0"
"X","북라이트","가구/인테리어>인테리어소품","X","O","54.87","2300","5349","1.3257","7309","12405","0.6972","31532","10","5032","없음","없음","126195","27745","18443","높음","1","0","0.475","26248","6629","2608","254","0.2308","0.5","0.1538","0.1154","0","0","0"
"X","캔버스액자","가구/인테리어>인테리어소품","X","O","152.27","6010","6608","0.0995","25851","25080","-0.0298","92419","1","9866","없음","없음","915152","386036","38392","높음","0.975","0.025","0.1","13830","5732","1789","212","0.3704","0.1111","0.3704","0.1481","1","1","0"
"O","양키캔들라지자","가구/인테리어>인테리어소품","O","O","5.6","1390","1683","0.2108","4003","5144","0.285","28861","1","3771","없음","없음","7783","696","24103","높음","1","0","0.35","28815","740493","64129","27425","0.7037","0","0.2963","0","0","0","0"
"X","디지털탁상시계","가구/인테리어>인테리어소품","X","O","172.65","1490","1824","0.2242","4777","5459","0.1428","18050","1","1999","없음","없음","257252","73977","19468","높음","1","0","0.5","16249","25446","11338","706","0.5556","0.2222","0.2222","0","0","0","0"
"O","소화기점검표","가구/인테리어>인테리어소품","X","O","2.09","2230","3076","0.3794","8209","15851","0.9309","40306","1","6847","있음","1,3,12","4669","79","17719","높음","0.875","0.125","0.475","13329","1242","241","41","0","0.2333","0.7333","0.0333","0","0","0"
"X","벽부등","가구/인테리어>인테리어소품","X","O","121.3","2440","2565","0.0512","7936","7785","-0.019","32586","10","3107","없음","없음","295968","120488","28592","높음","1","0","0.05","18895","9745","8027","360","0.1481","0.4815","0.2222","0.1481","0","0","0"
"X","스탠드등","가구/인테리어>인테리어소품","O","O","249.39","3380","3526","0.0432","10082","10750","0.0663","55168","1","6428","없음","없음","842922","332110","45985","높음","0.975","0.025","0.35","22600","53051","16393","1964","0.7037","0.2593","0.037","0","0","0","0"
"X","말씀액자","가구/인테리어>인테리어소품","X","O","38.21","1230","1387","0.1276","3486","3887","0.115","20565","3","2276","없음","없음","47003","788","24099","높음","1","0","0.3","32942","1127","247","41","0.1111","0.1852","0.5556","0.1481","0","0","0"
"X","족자","가구/인테리어>인테리어소품","X","X","15.26","5540","4927","-0.1106","18356","15815","-0.1384","72934","5","8244","없음","없음","84550","25308","6314","높음","0.975","0.025","0.9","10811","673","159","24","0.1111","0.2963","0.4444","0.1481","0","0","0"
"X","안정기","가구/인테리어>인테리어소품","X","O","62.66","6520","7258","0.1132","20141","19955","-0.0092","109322","1","10634","없음","없음","408514","121609","6705","높음","1","0","0.025","9942","18679","3083","691","0.3704","0.0741","0.4074","0.1481","0","0","0"
"X","사무실벽시계","가구/인테리어>인테리어소품","X","O","60.39","3050","3783","0.2403","10779","18290","0.6968","17831","1","1832","없음","없음","184177","63509","62723","높음","0.975","0.025","0","31417","88651","24446","3283","0.6296","0.1481","0.1852","0.037","0","0","0"
"X","탁상용시계","가구/인테리어>인테리어소품","X","O","746.4","1300","1284","-0.0123","4422","2651","-0.4005","23668","8","4856","있음","1,8","970326","292975","19424","높음","1","0","0.675","17994","42753","15260","1583","0.5926","0.2222","0.1481","0.037","0","0","0"
"O","식물등식물전파사","가구/인테리어>인테리어소품","X","X","0","2320","0","","2604","0","","0","","0","없음","없음","","0","0","중간","1","0","0","40175","5480","3892","202","0.1852","0.4074","0.3704","0.037","0","0","0"
"X","북유럽플로어장스탠드","가구/인테리어>인테리어소품","X","O","747.43","110","0","","362","0","","160","4","40","있음","4,6,7,11","82217","45505","109427","높음","0.875","0.125","0.55","115334","2018","671","74","0.2222","0.0741","0.2593","0.4444","62","32","5"
"X","영업중led","가구/인테리어>인테리어소품","O","O","6.65","1260","705","-0.4405","4551","3152","-0.3074","23513","10","3014","없음","없음","8373","3083","41650","높음","0.925","0.075","0.6","58561","5332","1149","197","0.037","0.1481","0.7037","0.1111","0","0","0"
"X","포스터","가구/인테리어>인테리어소품","X","X","143.03","18380","20598","0.1207","58236","58407","0.0029","306995","12","29430","없음","없음","2628907","818779","26006","높음","0.975","0.025","0.025","14636","12629","4564","467","0.3704","0.3333","0.2593","0.037","0","0","0"
"X","북눅","가구/인테리어>인테리어소품","X","O","8.97","1650","1663","0.0079","4873","4365","-0.1042","25803","9","5817","있음","9,12","14797","10044","39070","중간","0.75","0.25","0.85","38362","1076","555","39","0.3704","0.2222","0.3333","0.0741","0","0","0"
"O","식물등led","가구/인테리어>인테리어소품","O","O","35.46","2370","5037","1.1253","6533","21353","2.2685","12847","5","1616","없음","없음","84049","34741","26857","높음","1","0","0.075","34947","9688","3130","358","0.2963","0.4074","0.1852","0.1111","0","0","0"
"X","액막이키링","가구/인테리어>인테리어소품","X","O","12.47","2280","2681","0.1759","6025","11361","0.8856","5471","12","1110","있음","9,10,11,12","28442","1506","11903","높음","0.975","0.025","0.175","11100","775","184","28","0.037","0.4815","0.4815","0","0","0","0"
"X","현판제작","가구/인테리어>인테리어소품","X","O","30.27","2420","2877","0.1888","8901","9645","0.0836","22723","3","2136","없음","없음","73256","41794","19267","높음","1","0","0","29344","1168","265","43","0","0.0741","0.8519","0.0741","1","1","1"
"X","2인치다운라이트","가구/인테리어>인테리어소품","X","O","3.05","3070","3636","0.1844","9823","10389","0.0576","33296","11","3556","없음","없음","9375","474","6348","높음","1","0","0","20320","283","44","10","0.0769","0.1154","0.8077","0","0","0","0"
"X","식탁조명등","가구/인테리어>인테리어소품","X","O","747.82","1220","1157","-0.0516","3962","4118","0.0394","25560","1","2557","없음","없음","912344","335001","71827","높음","1","0","0","59715","7375","1259","273","0.5556","0.037","0.2593","0.1481","0","0","0"
"O","아크릴액자제작","가구/인테리어>인테리어소품","X","O","6.87","2930","3933","0.3423","8848","11915","0.3466","35807","3","3482","없음","없음","20117","6977","24397","높음","1","0","0","28009","1990","630","73","0.037","0","0.7037","0.2593","334","320","48"
"X","양키캔들25w","가구/인테리어>인테리어소품","O","X","0.02","2590","0","","6692","0","","0","","0","없음","없음","46","0","7091","높음","0.975","0.025","0.1","14809","38046","9728","1188","0.4375","0.0313","0.5313","0","0","0","0"
"X","인테리어파티션","가구/인테리어>인테리어소품","X","O","553.12","1860","2197","0.1812","5136","6214","0.2099","20649","1","2202","없음","없음","1028809","508465","70182","높음","1","0","0.15","101929","4550","795","168","0.1111","0","0.5185","0.3704","245","228","25"
"O","크리스마스스노우볼","가구/인테리어>인테리어소품","X","X","98.31","760","5747","6.5618","1050","18094","16.2324","29471","12","13920","있음","11,12","74717","24548","33650","높음","0.975","0.025","0.575","45174","2627","317","97","0","0.2222","0.6296","0.1481","46","23","12"
"X","형광등안정기","가구/인테리어>인테리어소품","X","O","3.41","6520","6634","0.0175","17714","18095","0.0215","94874","1","9759","없음","없음","22204","2219","6545","높음","1","0","0","11655","13339","3082","494","0.2593","0.0741","0.5556","0.1111","0","0","0"
"X","한글타자기","가구/인테리어>인테리어소품","X","X","3.14","1180","1416","0.2","2934","3054","0.0409","12180","1","1165","없음","없음","3705","2063","82851","높음","0.55","0.45","0.95","121865","524","459","19","0.1111","0.037","0.1111","0.7407","2","1","0"
"X","6인용식탁등","가구/인테리어>인테리어소품","X","X","13.26","1200","1393","0.1608","3839","6135","0.5981","10627","12","1312","없음","없음","15908","7443","120542","높음","0.9","0.1","0","117140","486","166","18","0.1111","0.1852","0.4074","0.2963","1","1","0"
"X","라부부명품옷","가구/인테리어>인테리어소품","X","X","0.46","1170","0","","5470","0","","0","","0","없음","없음","533","384","16105","높음","0.575","0.425","0.125","22469","72","28","2","0","0.1852","0.8148","0","0","0","0"
"O","led주방등60w","가구/인테리어>인테리어소품","O","O","16.15","580","1091","0.881","1639","9817","4.9896","688","12","216","있음","11,12","9367","630","28202","높음","1","0","0.025","29794","30608","5243","1133","0.6667","0.0741","0.1852","0.0741","0","0","0"
"X","거실스탠드","가구/인테리어>인테리어소품","X","O","521.21","1760","1828","0.0386","4613","4053","-0.1214","33855","6","3829","없음","없음","917325","407848","96643","높음","0.975","0.025","0.275","50739","16199","4645","599","0.4815","0.2222","0.1481","0.1481","18","18","5"
"X","액자슬림화이트","가구/인테리어>인테리어소품","X","X","8.49","1130","0","","2633","0","","0","","0","없음","없음","9591","188","28167","높음","0.975","0.025","0.15","26065","12364","2793","457","0.7037","0.0741","0.1852","0.037","78","78","78"
"X","야외조명","가구/인테리어>인테리어소품","X","O","1129.39","2150","2144","-0.0028","6383","5329","-0.1651","33814","10","3703","없음","없음","2428188","921305","20788","높음","1","0","0.075","31115","9917","2834","367","0.2963","0.2963","0.2963","0.1111","0","0","0"
"X","호작도","가구/인테리어>인테리어소품","X","O","0.52","18800","17061","-0.0925","76133","53687","-0.2948","15441","5","3947","있음","1,2,3,4,5","9701","113","20799","높음","1","0","0.95","20851","143","71","5","0.037","0.3333","0.5556","0.0741","0","0","0"
"O","led촛불","가구/인테리어>인테리어소품","X","O","45.78","2060","3447","0.6733","5142","29962","4.8269","39874","12","21608","있음","12","94299","22936","3960","높음","1","0","0","9080","14276","3376","396","0.4444","0.25","0.2222","0.0833","0","0","0"
"O","북유럽식탁등","가구/인테리어>인테리어소품","X","O","137.58","1090","1127","0.0339","3632","4107","0.1308","14491","1","1534","없음","없음","149967","68861","80171","높음","0.925","0.075","0","80185","651","168","24","0.2222","0","0.7037","0.0741","0","0","0"
"X","건전지센서등","가구/인테리어>인테리어소품","X","O","4.72","1710","2241","0.3105","4801","7133","0.4857","22176","1","2527","없음","없음","8076","780","12488","높음","1","0","0.1","13452","12305","3767","455","0.2222","0.2963","0.4074","0.0741","0","0","0"
"X","산타마리아노벨라디퓨저","가구/인테리어>인테리어소품","O","X","0.52","5120","6779","0.324","17731","16332","-0.0789","88799","7","11243","없음","없음","2678","573","78794","높음","1","0","0.725","3452324064","101065","68944","3743","0.1852","0.0741","0.6667","0.0741","22","20","11"
"X","플립시계","가구/인테리어>인테리어소품","O","O","18.76","2850","8326","1.9214","7253","13262","0.8285","34654","11","5347","없음","없음","53453","23904","47974","높음","0.925","0.075","0.75","67110","3228","1099","119","0.4074","0.1111","0.2963","0.1852","0","0","0"
"X","욕실led등","가구/인테리어>인테리어소품","X","O","55.61","1610","1727","0.0727","4748","4531","-0.0457","23508","3","2368","없음","없음","89525","24755","13907","높음","1","0","0.05","10725","34071","8015","1261","0.5926","0.2593","0.1481","0","0","0","0"
"X","투명아크릴액자","가구/인테리어>인테리어소품","X","O","51.54","1720","1937","0.1262","5764","6715","0.165","29090","3","2677","없음","없음","88648","15081","10710","높음","1","0","0.15","13495","4711","2350","174","0.1111","0.2593","0.5556","0.0741","0","0","0"
"X","라운드파티션","가구/인테리어>인테리어소품","X","X","67.59","160","414","1.5875","926","2789","2.0119","3257","11","529","없음","없음","10814","4574","148332","높음","0.725","0.275","0.725","190895","595","128","22","0.2222","0","0.1111","0.6667","11","1","1"
"X","인공태양알람시계","가구/인테리어>인테리어소품","X","O","1.75","1770","9153","4.1712","4138","12078","1.9188","51818","11","9085","있음","1,3,4,5,11","3092","2058","43337","중간","0.625","0.375","0.85","41489","3324","1459","123","0.037","0.1852","0.4444","0.3333","1","1","0"
"O","다운라이트3인치","가구/인테리어>인테리어소품","X","O","12.56","2380","2643","0.1105","8303","8723","0.0506","35972","10","3308","없음","없음","29898","663","5013","높음","1","0","0.025","18305","3524","564","130","0.0741","0.4074","0.5185","0","0","0","0"
"O","차량용액막이명태","가구/인테리어>인테리어소품","X","O","3.14","1620","1694","0.0457","4021","2974","-0.2604","7916","8","2210","있음","8","5092","623","16451","중간","1","0","0.025","15979","9390","1432","347","0.3333","0.4815","0.1852","0","0","0","0"
"X","거실조명","가구/인테리어>인테리어소품","X","O","240.89","8280","9260","0.1184","27517","30606","0.1123","126990","1","12220","없음","없음","1994589","810397","47801","높음","1","0","0.075","49242","29438","4645","1090","0.4815","0.2222","0.1481","0.1481","0","0","0"
"X","다이소달항아리","가구/인테리어>인테리어소품","O","O","0.01","3720","5458","0.4672","11967","12773","0.0674","59444","2","8097","없음","없음","42","2","11062","높음","0.975","0.025","0","17359","2333","904","86","0.2222","0.3704","0.4074","0","0","0","0"
"X","아크릴스카시","가구/인테리어>인테리어소품","O","O","5.04","2650","3189","0.2034","8513","11474","0.3478","29991","1","2740","없음","없음","13348","373","1203","높음","1","0","0.1","9195","2068","362","76","0","0.037","0.7778","0.1852","97","91","19"
"X","천장조명","가구/인테리어>인테리어소품","X","O","134.43","9790","10773","0.1004","25014","25824","0.0324","59032","3","5904","없음","없음","1316044","550762","57401","높음","0.975","0.025","0.05","29037","18817","10733","522","0.8889","0.0556","0.0556","0","0","0","0"
"X","양면벽시계","가구/인테리어>인테리어소품","X","O","154.33","980","936","-0.0449","3067","3693","0.2041","13483","12","1686","없음","없음","151241","51798","64073","높음","0.85","0.15","0","55835","1776","294","65","0.4074","0.1852","0.1481","0.2593","48","39","7"
"O","우물천장","가구/인테리어>인테리어소품","X","O","1.89","4210","4269","0.014","14127","12670","-0.1031","58462","7","5836","없음","없음","7955","2574","195851","높음","1","0","0","124827","10","2","0","0.1481","0","0.5185","0.3333","0","0","0"
"O","크리스마스조명","가구/인테리어>인테리어소품","X","O","686.49","1060","5425","4.1179","1711","12394","6.2437","43637","11","19408","있음","11,12","727681","256389","16052","높음","1","0","0.05","17353","11581","2210","428","0.2963","0.3704","0.2963","0.037","0","0","0"
"X","파티션인테리어","가구/인테리어>인테리어소품","X","O","608.02","1600","1661","0.0381","5056","5338","0.0558","28339","1","3056","없음","없음","972830","461254","65783","높음","1","0","0.15","85688","2950","798","109","0.2222","0.037","0.5926","0.1481","0","0","0"
"X","캔들워머25w","가구/인테리어>인테리어소품","X","X","0.1","2440","0","","6158","0","","0","","0","없음","없음","245","70","16479","높음","0.675","0.325","0.225","21715","26489","9725","756","0.4","0.0286","0.2286","0.3429","0","0","0"
"X","거실액자","가구/인테리어>인테리어소품","X","O","663.37","1300","1402","0.0785","4545","4230","-0.0693","40538","1","4256","없음","없음","862383","321125","48094","높음","0.95","0.05","0.1","55010","2992","819","110","0.0741","0.4074","0.2593","0.2593","100","92","14"
"X","청사초롱","가구/인테리어>인테리어소품","O","X","0.8","16520","12557","-0.2399","44568","29144","-0.3461","142969","9","25362","있음","5,9,10","13205","1272","13348","높음","0.95","0.05","0.65","21219","211","43","7","0.0741","0.1481","0.5926","0.1852","1","1","0"
"X","유화그리기","가구/인테리어>인테리어소품","O","O","64.16","2550","3019","0.1839","8316","9039","0.0869","53077","1","6277","없음","없음","163620","69108","13964","높음","0.925","0.075","0.075","16140","29941","11360","1108","0.3704","0.4815","0.1111","0.037","19","19","19"
"X","계단센서등","가구/인테리어>인테리어소품","X","O","22.74","1900","2002","0.0537","6788","6663","-0.0184","31520","10","3192","없음","없음","43214","7595","11298","높음","1","0","0","18703","19418","6687","719","0.2593","0.2222","0.4444","0.0741","0","0","0"
"X","유니폼액자","가구/인테리어>인테리어소품","X","O","6.34","1690","1971","0.1663","6399","6222","-0.0277","25764","2","2519","없음","없음","10721","6720","45336","높음","0.7","0.3","0.7","37011","3259","2803","120","0.037","0.1481","0.037","0.7778","254","30","12"
"X","일월오봉도","가구/인테리어>인테리어소품","X","O","0.5","16870","15331","-0.0912","57843","45094","-0.2204","110827","10","11984","없음","없음","8408","213","39262","높음","0.975","0.025","0.7","47205","255","103","7","0.1111","0.0278","0.75","0.1111","0","0","0"
"X","4인치다운라이트","가구/인테리어>인테리어소품","X","O","6.64","2450","2868","0.1706","7658","8277","0.0808","27192","10","2753","없음","없음","16275","904","4772","높음","1","0","0","15805","5731","742","212","0.037","0.4444","0.3704","0.1481","0","0","0"
"X","에네르기파조명","가구/인테리어>인테리어소품","X","O","0.17","3050","0","","3190","0","","0","","0","없음","없음","522","402","39899","낮음","0.425","0.575","0","45777","521","403","19","0.037","0.1111","0.3333","0.5185","7","6","1"
"X","태양광전등","가구/인테리어>인테리어소품","X","O","38.68","1910","2189","0.1461","5217","4804","-0.0792","27114","5","2864","없음","없음","73876","25557","18288","높음","1","0","0","17325","10385","1981","384","0.2222","0.2593","0.4074","0.1111","187","187","62"
"O","무디스워크","가구/인테리어>인테리어소품","O","O","0.11","1860","1887","0.0145","2353","1711","-0.2728","5047","8","1196","있음","8","211","10","45198","높음","0.825","0.175","0.15","37521","3401","1079","125","0.2963","0.1111","0.4444","0.1481","1","1","0"
"X","미니어쳐","가구/인테리어>인테리어소품","X","O","377.74","5510","5892","0.0693","17541","17435","-0.006","87777","1","8984","없음","없음","2081320","962875","16852","높음","0.975","0.025","0.3","27822","3375","1194","125","0.3333","0.1852","0.3333","0.1481","0","0","0"
"X","우주무드등","가구/인테리어>인테리어소품","X","O","17.62","2350","2468","0.0502","8168","14979","0.8339","78812","12","11825","없음","없음","41407","19788","33433","높음","0.975","0.025","0.1","35878","15359","6640","568","0.2593","0.4074","0.1852","0.1481","0","0","0"
"O","크리스마스포스터","가구/인테리어>인테리어소품","X","O","34.68","990","8163","7.2455","1261","17802","13.1174","22686","11","12241","있음","11,12","34334","12451","11403","높음","0.975","0.025","0.25","14924","28892","8494","1070","0.3704","0.3704","0.1111","0.1481","0","0","0"
"X","led라인조명","가구/인테리어>인테리어소품","O","O","58.05","2150","2481","0.154","6481","8150","0.2575","54560","11","5244","없음","없음","124798","26584","22057","높음","1","0","0","37799","3581","980","132","0.2593","0.3333","0.2593","0.1481","0","0","0"
"X","샤쉐","가구/인테리어>인테리어소품","X","O","5.11","6430","5978","-0.0703","22660","21771","-0.0392","76059","10","8534","없음","없음","32864","4772","13558","높음","1","0","0.55","10933","205940","56851","7627","0.7037","0.1481","0.1481","0","0","0","0"
"X","미니갓","가구/인테리어>인테리어소품","X","O","9.91","1010","597","-0.4089","3365","3112","-0.0752","1790","1","291","없음","없음","10013","3527","20448","중간","0.95","0.05","0.2","21788","1128","523","32","0.0857","0.0286","0.7429","0.1429","0","0","0"
"X","사진인화액자","가구/인테리어>인테리어소품","X","O","85.6","1580","1639","0.0373","5100","4792","-0.0604","40174","8","3816","없음","없음","135251","90951","8737","높음","1","0","0.05","19419","6551","826","242","0","0","0.8148","0.1852","320","320","64"
"O","핀조명","가구/인테리어>인테리어소품","X","O","40.94","3400","3858","0.1347","10953","12330","0.1257","50585","11","4838","없음","없음","139181","45087","27167","높음","0.975","0.025","0","14671","4150","1433","153","0.2222","0.3333","0.2593","0.1852","0","0","0"
"O","페인팅키트","가구/인테리어>인테리어소품","X","O","51.73","2820","43498","14.4248","6503","120631","17.5501","4510","11","2193","있음","11,12","145874","72359","15771","높음","0.7","0.3","0.525","12672","36460","11360","1350","0.2593","0.5926","0","0.1481","0","0","0"
"X","돈들어오는그림","가구/인테리어>인테리어소품","X","O","23.11","3730","4009","0.0748","12141","13726","0.1305","66648","1","8358","없음","없음","86215","19162","50344","높음","1","0","0.25","32853","7201","1831","266","0.0741","0.4444","0.4074","0.0741","0","0","0"
"X","세이코벽시계","가구/인테리어>인테리어소품","O","O","8.29","1580","1641","0.0386","5335","4916","-0.0785","21965","8","2481","없음","없음","13099","11990","114101","높음","0.35","0.65","0","101524","61","20","2","0","0","0.1111","0.8889","61","20","3"
"O","다세대우편함","가구/인테리어>인테리어소품","X","O","20.94","1050","865","-0.1762","3607","2498","-0.3075","20351","1","2724","없음","없음","21985","9338","30636","높음","0.975","0.025","0.45","55585","493","67","18","0","0.037","0.8519","0.1111","0","0","0"
"X","드림캐쳐","가구/인테리어>인테리어소품","X","X","14.61","9840","9160","-0.0691","31635","28660","-0.094","321089","7","47579","없음","없음","143727","42463","10641","높음","1","0","0.275","15701","2009","356","74","0.2222","0.2963","0.3333","0.1481","99","99","25"
"X","한지조명","가구/인테리어>인테리어소품","X","O","21.9","2140","2361","0.1033","6921","7408","0.0704","21187","10","2171","없음","없음","46875","18086","34433","높음","0.95","0.05","0.025","31524","802","466","29","0.0741","0.1481","0.6296","0.1481","0","0","0"
"X","오일버너","가구/인테리어>인테리어소품","X","O","25.13","1760","1290","-0.267","4869","4321","-0.1125","26855","7","2833","없음","없음","44230","20463","35644","높음","0.925","0.075","0.55","19110","3329","1284","123","0.4444","0.1852","0.2222","0.1481","7","7","2"
"X","무드웨이단스탠드","가구/인테리어>인테리어소품","X","X","0.75","100","0","","772","0","","0","","0","없음","없음","75","6","73932","낮음","0.9","0.1","0.15","69184","4391","1572","162","0.1481","0.2593","0.4815","0.1111","0","0","0"
"O","코스트코오르골","가구/인테리어>인테리어소품","X","X","0.65","1040","4058","2.9019","1292","8023","5.2098","20108","11","9460","있음","11,12","672","321","122233","중간","0.65","0.35","0.55","77147","133","68","4","0","0.037","0.7407","0.2222","0","0","0"
"X","이케아조명스탠드","가구/인테리어>인테리어소품","O","O","4.09","2230","2471","0.1081","7619","8049","0.0564","29906","1","3291","없음","없음","9111","802","54845","높음","1","0","0.225","90531","10227","4648","378","0.0741","0","0.8148","0.1111","0","0","0"
"X","은장도","가구/인테리어>인테리어소품","X","O","0.35","4450","3385","-0.2393","13241","11330","-0.1443","54848","6","8685","없음","없음","1560","636","133649","중간","0.875","0.125","0.8","45135","1502","552","41","0.1111","0.1667","0.5556","0.1667","105","79","18"
"X","쉐이커박스","가구/인테리어>인테리어소품","X","X","10.11","2110","2239","0.0611","8986","9629","0.0716","11594","1","1200","없음","없음","21333","10973","38435","낮음","0.8","0.2","0.55","29591","4878","2185","168","0.1379","0.1724","0.1379","0.5517","1","1","0"
"O","아크릴가림막","가구/인테리어>인테리어소품","X","O","41.94","1140","1208","0.0596","3863","3639","-0.058","20070","1","1915","없음","없음","47816","13517","22190","높음","1","0","0.1","15778","5694","2404","210","0.2222","0.1481","0.5185","0.1111","0","0","0"
"X","드림캐처","가구/인테리어>인테리어소품","X","X","22.54","6470","6179","-0.045","21596","18829","-0.1281","51842","7","5525","없음","없음","145806","43366","10657","높음","1","0","0.3","13593","2605","433","96","0.3333","0.3704","0.1111","0.1852","99","99","20"
"X","아크릴간판제작","가구/인테리어>인테리어소품","X","O","11.99","1530","1709","0.117","4195","4999","0.1917","10627","4","1028","없음","없음","18338","4873","22402","높음","1","0","0.025","49342","1095","265","40","0","0","0.8148","0.1852","1","1","0"
"X","가로등","가구/인테리어>인테리어소품","X","X","38","7800","4840","-0.3795","25228","19018","-0.2462","116968","10","19403","없음","없음","296379","111896","33702","높음","1","0","0.075","65598","1985","752","73","0.037","0.1111","0.3704","0.4815","70","15","5"
"O","아오라우주빔","가구/인테리어>인테리어소품","O","X","0.03","1750","1674","-0.0434","6567","7467","0.137","75035","1","16730","있음","1,4,5","51","9","30018","낮음","0.85","0.15","0","88791","12280","6641","438","0.25","0.25","0.1429","0.3571","164","100","16"
"O","에디슨전구","가구/인테리어>인테리어소품","X","O","29.81","2220","2567","0.1563","7152","7872","0.1007","48337","3","4868","없음","없음","66186","12878","3433","높음","1","0","0","14049","13264","3143","491","0.4444","0.0741","0.3333","0.1481","0","0","0"
"X","특이한벽시계","가구/인테리어>인테리어소품","X","X","40.31","1200","1500","0.25","3795","5479","0.4437","6230","11","815","없음","없음","48374","22600","37499","높음","0.95","0.05","0","34904","12626","8904","467","0.1852","0.4074","0.037","0.3704","21","14","2"
"O","센스등","가구/인테리어>인테리어소품","O","O","24.27","1730","1963","0.1347","4958","5234","0.0557","17186","1","1818","없음","없음","41994","13845","14022","높음","1","0","0","15688","23697","6681","877","0.4074","0.1111","0.4815","0","0","0","0"
"O","와이어전구","가구/인테리어>인테리어소품","X","O","73.1","1320","3157","1.3917","3606","12040","2.3389","13868","12","3079","있음","11,12","96491","17282","11591","높음","1","0","0.05","8268","7074","2203","262","0.3704","0.1111","0.5185","0","0","0","0"
"X","인테리어모빌","가구/인테리어>인테리어소품","O","O","129.19","1140","1432","0.2561","3878","4022","0.0371","24435","3","2477","없음","없음","147280","40164","25587","높음","0.975","0.025","0.35","23278","5460","4737","202","0.1111","0.2963","0.4815","0.1111","34","34","11"
"X","스모그액","가구/인테리어>인테리어소품","X","O","0.4","2600","3304","0.2708","7303","17380","1.3798","1930","11","409","있음","9,10,11","1046","341","52188","높음","0.925","0.075","0","40436","316","104","10","0.0345","0","0.8276","0.1379","0","0","0"
"X","에이센트디퓨저","가구/인테리어>인테리어소품","O","O","0.35","5530","5204","-0.059","18139","15432","-0.1492","93957","10","8935","없음","없음","1927","2","17978","높음","1","0","0.325","18461","144792","16623","5362","0.8889","0","0.1111","0","0","0","0"
"O","나무간판","가구/인테리어>인테리어소품","O","O","48.37","2020","2741","0.3569","7737","9390","0.2136","34559","11","3424","없음","없음","97711","11577","40350","높음","1","0","0.45","23534","1482","463","54","0.1852","0.0741","0.5556","0.1852","5","2","1"
"O","라운드라운드","가구/인테리어>인테리어소품","O","O","0.2","3040","3995","0.3141","9712","10680","0.0997","41325","8","4610","없음","없음","621","136","201201","중간","0.925","0.075","0.45","18100","100477","94715","3721","0.2593","0","0.7407","0","0","0","0"
"O","스타벅스향초","가구/인테리어>인테리어소품","","","0.04","8260","0","","8260","0","","7","9","7","있음","9","319","5","19488","낮음","0.875","0.125","0.025","19073","287281","64752","10640","0.8148","0","0.1481","0.037","0","0","0"
"O","프리츠한센화병","가구/인테리어>인테리어소품","O","O","0.76","2400","2705","0.1271","8489","9645","0.1362","61598","5","7222","없음","없음","1816","1278","162865","높음","0.275","0.725","0.75","97649","488","150","18","0.0741","0.2222","0.1111","0.5926","7","4","0"
"O","긍정감자","가구/인테리어>인테리어소품","O","O","0.34","1190","1326","0.1143","1190","2179","0.8311","559","7","74","없음","없음","402","271","31193","중간","0.25","0.75","0.075","27675","355","162","11","0.0625","0.0938","0.3438","0.5","3","3","0"
"O","라탄파티션","가구/인테리어>인테리어소품","X","O","63.33","730","894","0.2247","2673","2192","-0.1799","15760","6","1657","없음","없음","46230","22122","97581","높음","0.775","0.225","0.75","72557","3224","404","119","0.1111","0.0741","0.5556","0.2593","1043","327","149"
"X","우주인무드등","가구/인테리어>인테리어소품","X","O","4.21","3780","4295","0.1362","10837","15205","0.4031","42031","12","5836","없음","없음","15914","8802","22185","높음","0.925","0.075","0.15","23342","11079","6641","410","0.2222","0.4815","0.1481","0.1481","0","0","0"
"O","한지등","가구/인테리어>인테리어소품","X","O","38.8","1290","1496","0.1597","4079","3626","-0.1111","18036","11","2014","없음","없음","50049","17149","20380","높음","1","0","0.025","16660","638","83","23","0.037","0.2963","0.5185","0.1481","0","0","0"
"X","호텔디퓨저","가구/인테리어>인테리어소품","X","O","11.62","1660","1641","-0.0114","5355","3770","-0.296","24062","8","3944","없음","없음","19288","5349","37549","높음","1","0","0.25","36270","482485","165754","17869","0.4815","0.1852","0.1852","0.1481","0","0","0"
"X","유리화병","가구/인테리어>인테리어소품","X","O","191.15","1490","1463","-0.0181","5489","4462","-0.1871","37436","3","4586","없음","없음","284812","114947","18826","높음","0.975","0.025","0.3","11012","10659","4487","394","0.3333","0.3704","0.2222","0.0741","0","0","0"
"X","카페디퓨저","가구/인테리어>인테리어소품","X","O","58.22","110","69","-0.3727","532","264","-0.5038","3119","7","401","없음","없음","6404","1078","20416","높음","1","0","0.275","19997","1072983","167525","39740","0.7407","0.1111","0.1481","0","0","0","0"
"O","코스트코회전목마","가구/인테리어>인테리어소품","X","X","0.38","940","2532","1.6936","1255","5208","3.1498","11460","11","4851","있음","11,12","357","221","112117","높음","0.275","0.725","0.85","117982","137","94","5","0.1111","0.037","0.1852","0.6667","5","3","0"
"X","매입등","가구/인테리어>인테리어소품","X","O","64.91","2940","3149","0.0711","8866","8515","-0.0396","47809","3","5543","없음","없음","190849","31658","3780","높음","1","0","0","20380","9760","5041","361","0.2222","0.3333","0.4444","0","0","0","0"
"O","말랑하니수유등","가구/인테리어>인테리어소품","O","O","0.01","3580","3622","0.0117","9147","9374","0.0248","36295","1","3531","없음","없음","23","6","28051","높음","0.7391","0.2609","0.087","32878","17045","4864","631","0.2222","0.5185","0.0741","0.1852","0","0","0"
"X","루이스폴센조명","가구/인테리어>인테리어소품","O","O","1.3","6640","8446","0.272","20623","27300","0.3238","80001","1","7875","없음","없음","8611","5503","1953063","높음","0.675","0.325","0.025","108552","1538","516","56","0","0.037","0.7778","0.1852","1","1","0"
"X","플로어스탠드","가구/인테리어>인테리어소품","X","O","255.82","2370","2596","0.0954","6812","8557","0.2562","37048","1","3994","없음","없음","606300","318204","123852","높음","0.975","0.025","0.325","63285","30880","16204","857","0.3333","0.0833","0.3611","0.2222","18","17","2"
"O","led컨버터","가구/인테리어>인테리어소품","O","O","41.94","2560","2026","-0.2086","7623","5701","-0.2521","43369","1","4315","없음","없음","107354","20573","9697","높음","1","0","0","15181","20417","10727","756","0.2222","0.1852","0.4815","0.1111","0","0","0"
"X","무선led벽시계","가구/인테리어>인테리어소품","X","O","7.93","2780","3161","0.1371","12696","13796","0.0866","34760","1","3887","없음","없음","22044","11920","102628","높음","0.925","0.075","0","87027","40530","15269","1501","0.5556","0.1111","0.1852","0.1481","0","0","0"
"O","미니액자","가구/인테리어>인테리어소품","X","O","140.79","1430","1492","0.0434","4562","4816","0.0557","23405","1","2389","없음","없음","201333","28906","12771","높음","1","0","0.25","8784","5718","1993","211","0.2963","0.3333","0.3704","0","0","0","0"
"X","콘전구e14","가구/인테리어>인테리어소품","","","0.15","1030","0","","1419","0","","0","","0","없음","없음","155","1","4029","높음","1","0","0","10588","4658","2765","172","0.2593","0.1481","0.5926","0","0","0","0"
"X","화장실센서등","가구/인테리어>인테리어소품","X","O","5.61","2270","2406","0.0599","7169","7563","0.055","37429","1","4086","없음","없음","12737","2567","13483","높음","1","0","0","12285","25693","6683","951","0.3704","0.2963","0.1852","0.1481","0","0","0"
"O","간판제작","가구/인테리어>인테리어소품","X","O","71.04","2830","3338","0.1795","10560","10660","0.0095","55495","3","5572","없음","없음","201055","56528","14927","높음","1","0","0","36277","2801","1149","103","0","0","0.8148","0.1852","6","6","1"
"X","마네키네코","가구/인테리어>인테리어소품","X","O","6.16","6020","6021","0.0002","18808","19108","0.016","101195","1","9826","없음","없음","37077","13658","17890","높음","0.95","0.05","0.7","31119","857","130","31","0.2222","0.3704","0.2222","0.1852","0","0","0"
"X","붙이는조명","가구/인테리어>인테리어소품","X","O","52.21","1560","1896","0.2154","4858","6186","0.2734","19788","1","2174","없음","없음","81442","34713","14279","높음","1","0","0.075","13855","9145","1111","338","0.2222","0.5185","0.1111","0.1481","38","38","10"
"O","고체방향제","가구/인테리어>인테리어소품","X","O","1.86","5140","5339","0.0387","14973","15046","0.0049","30344","8","3096","없음","없음","9538","2341","17233","높음","0.975","0.025","0.3","22347","47050","6993","1742","0.5185","0.1481","0.1852","0.1481","51","51","13"
"O","다이소시계","가구/인테리어>인테리어소품","O","O","0.03","4980","7172","0.4402","14857","16691","0.1234","71759","11","8235","없음","없음","147","9","7952","중간","1","0","0.025","7788","91261","24439","3380","0.7778","0.0741","0.1481","0","0","0","0"
"O","충전식센서등","가구/인테리어>인테리어소품","X","O","27.05","1010","1135","0.1238","2641","2973","0.1257","14848","1","1733","없음","없음","27325","4871","12447","높음","1","0","0.225","13824","18055","5724","668","0.2222","0.5926","0.0741","0.1111","0","0","0"
"O","아리아스석고상","가구/인테리어>인테리어소품","X","O","0.12","2890","0","","2890","0","","800","1","210","있음","1,2,5,7","346","95","46327","높음","0.7","0.3","0.35","33073","248","137","7","0.1176","0.0294","0.2941","0.5588","4","2","0"
"X","유리구슬","가구/인테리어>인테리어소품","O","O","43.72","2400","2408","0.0033","7463","8608","0.1534","42384","5","4313","없음","없음","104929","46069","7926","높음","0.925","0.075","0.525","10555","2238","1012","82","0.2222","0.2963","0.3704","0.1111","0","0","0"
"X","버섯조명","가구/인테리어>인테리어소품","X","O","21.46","3460","4765","0.3772","10278","15094","0.4686","55554","1","6015","없음","없음","74265","39791","35347","높음","0.825","0.175","0.7","25444","2300","372","85","0.4815","0.1111","0.2222","0.1852","0","0","0"
"O","led욕실등","가구/인테리어>인테리어소품","O","O","84.84","1060","1042","-0.017","3172","3010","-0.0511","35051","1","3470","없음","없음","89933","25221","13156","높음","1","0","0.05","11301","28721","8016","1063","0.6296","0.1852","0.1852","0","0","0","0"
"O","디퓨저추천","가구/인테리어>인테리어소품","X","O","185.62","6340","6536","0.0309","20119","16624","-0.1737","85077","2","8474","없음","없음","1176846","282552","20265","높음","1","0","0.6","18007","1054072","165792","39039","0.7407","0.2222","0.037","0","0","0","0"
"X","액자제작","가구/인테리어>인테리어소품","X","O","77.8","3250","3506","0.0788","10483","10611","0.0122","46582","1","4522","없음","없음","252859","131188","19922","높음","1","0","0.025","27185","6529","2733","241","0","0","0.7407","0.2593","330","320","47"
"O","인테리어소품샵","가구/인테리어>인테리어소품","X","O","57.55","3550","4985","0.4042","11782","17741","0.5058","47704","1","5513","없음","없음","204308","106208","7637","높음","1","0","0.075","31260","7330","1801","271","0.2222","0.3704","0.1481","0.2593","7","7","1"
"X","미니라부부옷","가구/인테리어>인테리어소품","O","X","4.2","1050","0","","1735","0","","0","","0","없음","없음","4410","3436","11432","중간","0.525","0.475","0.075","20466","219","174","8","0","0.0741","0.1111","0.8148","24","12","1"
"O","라운드라운드가벽","가구/인테리어>인테리어소품","O","X","0.14","1520","3105","1.0428","4811","11891","1.4716","6942","11","1915","있음","8,10,11,12","216","63","180729","높음","0.725","0.275","0.45","182340","1090","795","40","0.1111","0","0.037","0.8519","14","1","1"
"X","독서등집게조명","가구/인테리어>인테리어소품","X","O","37.32","1770","0","","5692","0","","0","","0","없음","없음","66056","42242","21374","높음","1","0","0.125","22756","2966","1114","114","0.1538","0.1538","0.5","0.1923","1","1","0"
"O","액막이고양이","가구/인테리어>인테리어소품","X","O","1.68","1210","0","","4797","0","","5","6","5","있음","6","2037","488","30266","높음","0.5","0.5","0.65","18884","7203","4737","266","0.0741","0.4815","0.2963","0.1481","0","0","0"
"O","인센스콘홀더","가구/인테리어>인테리어소품","O","O","19.89","830","1146","0.3807","2116","2409","0.1385","11134","11","1284","없음","없음","16507","6930","19626","높음","1","0","0.35","16580","874","159","32","0.3704","0.2222","0.3333","0.0741","10","10","5"
"X","팔로산토스틱","가구/인테리어>인테리어소품","O","O","1.72","2470","1680","-0.3198","8409","10251","0.2191","795","3","360","있음","1,3","4244","1653","16586","중간","1","0","0.275","24805","2985","1415","110","0.1852","0.2963","0.4074","0.1111","0","0","0"
"X","드래곤볼무드등","가구/인테리어>인테리어소품","O","O","0.48","3060","0","","6037","0","","30","2","30","있음","2","1470","1348","38264","중간","0.2","0.8","0","45492","1537","1406","56","0.0741","0","0","0.9259","29","7","1"
"X","일자등","가구/인테리어>인테리어소품","X","O","88.81","1830","2054","0.1224","5646","5865","0.0388","20296","3","1948","없음","없음","162526","22075","8259","높음","1","0","0.075","17963","21027","4226","778","0.5556","0.037","0.4074","0","0","0","0"
"O","실리콘몰드","가구/인테리어>인테리어소품","X","O","208.46","2610","2807","0.0755","8609","7899","-0.0825","56611","1","5785","없음","없음","544074","218725","5708","높음","0.975","0.025","0.275","8162","6291","919","233","0.7037","0.1481","0","0.1481","0","0","0"
"X","f1레고액자","가구/인테리어>인테리어소품","O","O","1.71","1510","0","","7374","10324","0.4001","360","4","156","있음","3,4","2586","2298","64294","중간","0.275","0.725","0.35","71997","39","21","1","0","0","0.0313","0.9688","18","3","1"
"X","디퓨저리필","가구/인테리어>인테리어소품","X","O","98.63","1300","1067","-0.1792","4303","4383","0.0186","23448","12","2313","없음","없음","128221","12045","21000","높음","1","0","0.475","14767","743981","70731","27554","0.7407","0.0741","0.1852","0","0","0","0"
"X","사진인쇄","가구/인테리어>인테리어소품","X","O","39.64","5760","6349","0.1023","18146","20120","0.1088","85867","3","9205","없음","없음","228352","140254","9729","높음","1","0","0.075","59014","21375","7841","791","0.1852","0.037","0.5556","0.2222","324","320","54"
"O","영업중간판","가구/인테리어>인테리어소품","X","O","44.21","610","492","-0.1934","2038","1886","-0.0746","16059","1","1792","없음","없음","26969","4224","33873","높음","1","0","0.6","18427","6133","1166","170","0.2778","0.1389","0.5833","0","0","0","0"
"O","공장등","가구/인테리어>인테리어소품","X","O","99.24","1620","2946","0.8185","4753","17194","2.6175","45139","12","13999","있음","12","160769","52225","28532","높음","1","0","0","61515","1195","226","44","0.037","0.2593","0.6296","0.0741","0","0","0"
"X","나전칠기","가구/인테리어>인테리어소품","X","X","6.17","11120","9970","-0.1034","32569","25023","-0.2317","127424","9","11973","없음","없음","68591","18832","9343","높음","1","0","0.1","35390","2122","493","78","0.1481","0.4815","0.2222","0.1481","3","3","1"
"O","미니분수","가구/인테리어>인테리어소품","X","O","256.57","560","591","0.0554","1880","1961","0.0431","8547","5","1041","없음","없음","143678","75173","56157","높음","0.7","0.3","0.775","40737","1035","317","38","0.1111","0.2222","0.2222","0.4444","250","86","21"
"X","배전함가리개","가구/인테리어>인테리어소품","X","O","27.92","1210","1431","0.1826","4124","4711","0.1423","18193","1","1765","없음","없음","33779","16446","25855","높음","0.875","0.125","0.45","19567","2216","293","61","0.3611","0.3333","0.25","0.0556","2","1","1"
"X","딥디크방향제","가구/인테리어>인테리어소품","O","O","0.41","10090","10033","-0.0056","33154","27128","-0.1818","152162","7","17992","없음","없음","4156","1908","86671","높음","0.85","0.15","0.425","54488","132057","68888","4891","0.1481","0.0741","0.6667","0.1111","14","9","5"
"O","대형벽시계","가구/인테리어>인테리어소품","X","O","239.12","1090","1019","-0.0651","3876","3434","-0.114","23544","4","2420","없음","없음","260645","117856","63777","높음","0.925","0.075","0","56007","11910","8909","441","0.3704","0.1481","0.3333","0.1481","1","1","0"
"X","치이카와인형","가구/인테리어>인테리어소품","O","O","5.73","3450","3214","-0.0684","11644","10701","-0.081","112528","2","14804","없음","없음","19756","11532","28559","높음","0.825","0.175","0.15","28335","702","91","19","0","0.3056","0.3056","0.3889","36","15","3"
"X","산타마리아노벨라향초","가구/인테리어>인테리어소품","O","O","0.18","4700","18788","2.9974","15575","67662","3.3443","2020","12","485","있음","12","831","316","110180","높음","0.6","0.4","0.775","3022308401","2308","974","85","0.1852","0","0.6296","0.1852","1","1","0"
"X","실내분수","가구/인테리어>인테리어소품","X","O","300.7","640","726","0.1344","1760","2069","0.1756","14246","2","2145","없음","없음","192446","96386","66743","높음","0.775","0.225","0.8","64731","917","154","33","0.0741","0.0741","0.5185","0.3333","169","54","19"
"O","액막이명태차량용","가구/인테리어>인테리어소품","X","O","6.37","800","1059","0.3237","4633","4566","-0.0145","5911","8","1833","있음","8,11,12","5092","623","16524","높음","1","0","0.025","15915","9606","1431","355","0.3704","0.4074","0.2222","0","0","0","0"
"X","자명종시계","가구/인테리어>인테리어소품","X","O","28.12","2300","2487","0.0813","7203","7673","0.0653","20577","1","2042","없음","없음","64668","14932","14772","높음","0.95","0.05","0.4","15360","27240","5044","1008","0.6667","0.2963","0.037","0","0","0","0"
"O","가벽설치비용","가구/인테리어>인테리어소품","X","X","0.14","2330","2260","-0.03","7051","7134","0.0118","40933","1","4546","없음","없음","337","317","673536","높음","0.125","0.875","0.075","93386","3676","795","136","0","0","0.5185","0.4815","777","262","60"
"O","우드윅","가구/인테리어>인테리어소품","O","O","3.49","3370","4516","0.3401","9502","12371","0.3019","78618","1","9125","없음","없음","11774","6832","26942","높음","1","0","0.775","37195","18697","1302","692","0.5556","0","0.4074","0.037","0","0","0"
"X","무인양품시계","가구/인테리어>인테리어소품","O","X","1.67","1500","1619","0.0793","4662","5963","0.2791","17475","12","2114","없음","없음","2510","2051","42525","높음","0.2","0.8","0.45","35988","4288","1411","158","0.1852","0.037","0.3333","0.4444","13","4","1"
"X","코칸디퓨저","가구/인테리어>인테리어소품","O","O","0.06","1780","1053","-0.4084","5740","2576","-0.5512","5540","8","1369","있음","8,9,10","109","0","278852","높음","1","0","0.225","23725","429126","72474","15893","0.4815","0.1111","0.4074","0","0","0","0"
"O","led십자등","가구/인테리어>인테리어소품","O","O","14.97","1260","1317","0.0452","4205","4294","0.0212","33764","1","3914","없음","없음","18867","755","9741","높음","1","0","0.1","22736","20681","4425","765","0.4444","0.1852","0.3704","0","0","0","0"
"X","밀랍","가구/인테리어>인테리어소품","X","X","8.41","9790","9174","-0.0629","24249","18447","-0.2393","120000","9","12076","없음","없음","82305","41437","19420","높음","0.85","0.15","0.7","18707","6654","1343","184","0.0833","0.1111","0.6667","0.1389","0","0","0"
"X","썬캐쳐","가구/인테리어>인테리어소품","X","X","17.84","3840","3425","-0.1081","13732","10446","-0.2393","100590","4","10650","없음","없음","68488","17069","13656","높음","0.95","0.05","0.675","16828","665","210","24","0.2593","0.2593","0.3333","0.1481","34","34","9"
"O","촬영소품","가구/인테리어>인테리어소품","X","O","973.6","1200","1257","0.0475","4490","3573","-0.2042","38195","4","4719","없음","없음","1168317","425675","9384","높음","1","0","0.05","13396","3462","1523","128","0.3333","0.4815","0.1111","0.0741","0","0","0"
"X","a2실버","가구/인테리어>인테리어소품","","","17.14","820","0","","951","0","","0","","0","없음","없음","14058","4455","53375","낮음","0.85","0.15","0.1","35883","6101","2946","225","0.1111","0","0.7778","0.1111","0","0","0"
"O","시향지","가구/인테리어>인테리어소품","X","O","4.31","1980","1994","0.0071","5980","5524","-0.0763","26332","5","2493","없음","없음","8532","1388","7638","높음","0.725","0.275","0.7","13525","860","123","29","0.3448","0.069","0.3448","0.2414","2","2","0"
