"신규진입 키워드","키워드","카테고리","브랜드 키워드","쇼핑성 키워드","경쟁률","최근 1개월 검색량","예상 1개월 검색량","예상1개월 검색량 상승률","최근 3개월 검색량","예상 3개월 검색량","예상3개월 검색량 상승률","작년 검색량","작년 최대검색 월","작년최대 검색월 검색량","계절성","계절성 월","네이버 상품수","네이버 해외 상품수","네이버 평균가","네이버 경쟁강도","네이버 일반배송비율","네이버 해외배송비율","네이버 묶음상품비율","쿠팡 평균가","쿠팡 총리뷰수","쿠팡 최대리뷰수","쿠팡 평균리뷰수","쿠팡 로켓배송비율","쿠팡 판매자로켓 배송비율","쿠팡 일반배송비율","쿠팡 해외배송비율","쿠팡 해외배송 총리뷰수","쿠팡 해외배송 최대리뷰수","쿠팡 해외배송 평균리뷰수"
"X","세탁기","디지털/가전>생활가전","X","O","24.48","133300","130355","-0.0221","400196","341445","-0.1468","1635905","7","154011","없음","없음","3263468","976502","1095407","높음","1","0","0.975","505721","44205","7702","1637","0.5185","0","0.3333","0.1481","0","0","0"
"X","건조기","디지털/가전>생활가전","X","O","20.18","126900","136558","0.0761","321484","312559","-0.0278","1172577","7","137490","없음","없음","2560947","929979","783930","높음","1","0","0.925","755769","23132","5836","856","0.7778","0.0741","0","0.1481","0","0","0"
"X","스팀다리미","디지털/가전>생활가전","X","O","4.81","57590","43845","-0.2387","163514","154722","-0.0538","855585","4","112883","없음","없음","276770","127521","81866","높음","1","0","0.475","49714","88359","43274","3272","0.6667","0.1852","0.037","0.1111","0","0","0"
"X","도어락","디지털/가전>생활가전","X","O","15.32","66000","84413","0.279","231916","254794","0.0986","1070375","8","117621","없음","없음","1011299","195253","145686","높음","1","0","0.125","103387","39994","6872","1481","0.9259","0.037","0.037","0","0","0","0"
"X","칫솔살균기","디지털/가전>생활가전","X","O","2.93","40750","55964","0.3733","141306","152586","0.0798","738716","3","73921","없음","없음","119461","33621","31145","높음","1","0","0.5","27744","57025","19744","2112","0.1852","0.6296","0.1111","0.0741","0","0","0"
"X","통돌이세탁기","디지털/가전>생활가전","O","O","2.33","57380","56598","-0.0136","199826","159966","-0.1995","719468","8","70999","없음","없음","133944","29278","542641","높음","1","0","0.5","424491","32470","7703","1202","0.4815","0","0.3704","0.1481","0","0","0"
"X","스타일러","디지털/가전>생활가전","O","O","2.02","73500","87980","0.197","191548","275326","0.4374","1153249","1","139430","없음","없음","148349","55389","1151967","높음","1","0","0.6","753028","2264","497","83","0.4074","0.0741","0.1481","0.3704","447","331","45"
"X","드럼세탁기","디지털/가전>생활가전","X","O","12.28","46660","44244","-0.0518","154421","125491","-0.1873","718253","7","66775","없음","없음","573036","143688","1363987","높음","1","0","0.825","794468","18054","6455","668","0.6296","0","0.3333","0.037","0","0","0"
"X","미니세탁기","디지털/가전>생활가전","X","O","12.17","27360","22995","-0.1595","87307","62182","-0.2878","350088","7","40134","없음","없음","332956","182478","214280","높음","0.95","0.05","0.225","114109","5732","1441","212","0.2593","0.3333","0.0741","0.3333","247","211","27"
"X","무전기","디지털/가전>생활가전","X","O","10.97","39060","37872","-0.0304","142013","310990","1.1899","302602","12","51140","있음","7,12","428576","137336","151971","높음","0.975","0.025","0.225","71572","1010","225","37","0.037","0.037","0.5185","0.4074","143","76","13"
"X","보풀제거기","디지털/가전>생활가전","X","O","5.35","27120","54781","1.0199","48770","216997","3.4494","428283","12","88466","있음","1,2,3,11,12","145176","39418","30144","높음","1","0","0.525","23000","93259","34255","3454","0.4444","0.2963","0.1111","0.1481","0","0","0"
"X","세탁기건조기","디지털/가전>생활가전","X","O","34.62","37020","38241","0.033","102959","96079","-0.0668","493522","3","83132","있음","2,3,4,5,7","1281654","421562","1982556","높음","1","0","0.575","1372696","20027","5836","741","0.6296","0.037","0.2222","0.1111","0","0","0"
"X","구강세정기","디지털/가전>생활가전","X","O","4.02","26690","29124","0.0912","84779","74881","-0.1168","423155","4","42674","없음","없음","107173","43773","74978","높음","0.975","0.025","0.475","51161","54017","17201","2000","0.5185","0.2593","0.1111","0.1111","0","0","0"
"X","다리미","디지털/가전>생활가전","X","O","40.68","23850","19119","-0.1984","72657","76564","0.0538","404735","10","62167","없음","없음","970181","420851","88667","높음","1","0","0.575","33065","66929","43275","2478","0.5926","0.1852","0.1852","0.037","0","0","0"
"X","전동칫솔","디지털/가전>생활가전","X","O","13.49","17640","19010","0.0777","60860","59628","-0.0202","290181","1","30707","없음","없음","238046","100667","87461","높음","0.975","0.025","0.675","42253","85570","17204","3169","0.6667","0.2593","0.0741","0","0","0","0"
"X","신발건조기","디지털/가전>생활가전","X","O","11.94","15650","17474","0.1165","45167","63576","0.4076","226492","7","42333","있음","6,7","186897","99512","165742","높음","0.95","0.05","0.325","42981","9179","2655","339","0.2222","0.1852","0.2593","0.3333","231","214","26"
"X","미니건조기","디지털/가전>생활가전","X","O","7.91","27020","31207","0.155","73637","98984","0.3442","481007","7","65197","없음","없음","213635","113167","284443","높음","0.975","0.025","0.325","226848","11691","3987","433","0.3704","0.2593","0.0741","0.2963","68","34","9"
"X","삼성세탁기","디지털/가전>생활가전","O","O","4.37","38190","37211","-0.0256","119169","96901","-0.1869","548132","8","52780","없음","없음","167016","15499","1303172","높음","1","0","0.6","1632670","67251","8637","1868","0.5","0","0.5","0","0","0","0"
"X","워터픽","디지털/가전>생활가전","O","O","0.12","45670","47493","0.0399","141842","129971","-0.0837","666046","1","63368","없음","없음","5366","2555","104779","높음","0.825","0.175","0.25","149184","8344","3939","309","0.2593","0.2963","0.4074","0.037","27","27","27"
"X","빨래건조기","디지털/가전>생활가전","X","O","8.33","24790","25783","0.0401","56307","54591","-0.0305","299238","7","39594","없음","없음","206477","94059","747574","높음","1","0","0.825","601082","22349","5836","827","0.5926","0.0741","0.1481","0.1852","330","330","66"
"X","세탁기건조기일체형","디지털/가전>생활가전","X","O","0.38","22800","22429","-0.0163","67867","55071","-0.1885","350197","3","51732","없음","없음","8644","4197","2338631","높음","1","0","0.125","1337858","18073","6452","669","0.5185","0","0.2963","0.1852","0","0","0"
"X","현관문도어락","디지털/가전>생활가전","X","O","8.31","22990","36834","0.6022","72761","86611","0.1903","291421","11","36481","없음","없음","191147","33993","124402","높음","1","0","0.025","99497","35055","6876","1298","0.8889","0","0.037","0.0741","0","0","0"
"X","모기퇴치기","디지털/가전>생활가전","X","O","11.6","27860","17652","-0.3664","84188","19424","-0.7693","399692","6","109830","있음","5,6,7","323272","104852","42869","높음","1","0","0.175","34143","58268","12703","2158","0.3333","0.3704","0.1481","0.1481","18","18","5"
"X","삼성건조기","디지털/가전>생활가전","O","O","4.44","26550","29180","0.0991","62653","62651","0","348798","1","38996","없음","없음","117920","8952","716423","높음","1","0","0.45","1179320","24959","6457","924","0.7037","0","0.2222","0.0741","4","4","2"
"X","삼성세탁기건조기","디지털/가전>생활가전","O","O","5.47","20180","31357","0.5539","54517","83846","0.538","98564","11","11762","없음","없음","110301","8355","1875715","높음","1","0","0.55","1804347","14310","5836","530","0.6296","0","0.3704","0","0","0","0"
"X","lg건조기","디지털/가전>생활가전","X","O","8.65","21910","24827","0.1331","55286","58916","0.0657","318370","7","33786","없음","없음","189539","14885","998270","높음","1","0","0.7","975015","18649","5836","690","0.5926","0","0.3704","0.037","0","0","0"
"X","게이트맨도어락","디지털/가전>생활가전","O","O","0.29","22190","21321","-0.0392","77027","59549","-0.2269","278299","7","33313","없음","없음","6431","96","220366","높음","1","0","0.5","165363","4792","925","177","0.6667","0","0.1852","0.1481","0","0","0"
"X","디지털도어락","디지털/가전>생활가전","X","O","12.66","15190","15379","0.0124","50294","44432","-0.1166","218455","8","21126","없음","없음","192312","60631","128961","높음","1","0","0.1","96277","36860","6871","1365","0.9259","0","0.0741","0","0","0","0"
"X","에어드레서","디지털/가전>생활가전","O","O","1.21","17070","20349","0.1921","46315","67854","0.4651","277761","1","35109","없음","없음","20688","2084","1246292","높음","1","0","0.25","575007","6716","1828","248","0.2593","0.1111","0.2963","0.3333","90","15","10"
"X","워시타워","디지털/가전>생활가전","O","O","0.97","26130","26709","0.0222","84519","70880","-0.1614","456791","1","46527","없음","없음","25221","510","2553431","높음","1","0","0.625","2338507","9920","2033","367","0.7407","0","0.2222","0.037","1","1","1"
"X","lg통돌이세탁기","디지털/가전>생활가전","O","O","2.91","12610","13245","0.0504","43130","37394","-0.133","146688","8","13985","없음","없음","36680","2023","629362","높음","1","0","0.55","479161","34735","7696","1335","0.3846","0","0.3846","0.2308","741","449","124"
"X","세탁기건조기세트","디지털/가전>생활가전","X","O","10.78","8090","8876","0.0972","23318","23704","0.0166","122409","1","22439","있음","1,2,3","87224","10814","1989134","높음","1","0","0.75","1459482","9813","2036","363","0.6296","0","0.2593","0.1111","0","0","0"
"X","lg세탁기","디지털/가전>생활가전","X","O","12.52","26150","28024","0.0717","85525","76019","-0.1111","410438","3","40141","없음","없음","327419","24560","973828","높음","1","0","0.725","852731","26107","5408","966","0.7037","0","0.1481","0.1481","191","191","48"
"X","스탠드","디지털/가전>생활가전","X","O","795.8","23700","24651","0.0401","61009","59377","-0.0268","418820","1","45170","없음","없음","18860425","6622516","54746","높음","0.95","0.05","0.975","25995","64222","16395","2378","0.5556","0.4074","0.037","0","0","0","0"
"X","삼성도어락","디지털/가전>생활가전","O","O","0.27","12180","11851","-0.027","41781","32536","-0.2213","215614","7","21492","없음","없음","3326","336","152660","높음","1","0","0.175","191554","14124","2522","523","0.4815","0","0.4815","0.037","0","0","0"
"X","현관도어락","디지털/가전>생활가전","X","O","16.97","8880","8941","0.0069","29739","22975","-0.2274","166260","8","17601","없음","없음","150708","36151","113662","높음","1","0","0.025","89785","41176","6871","1525","0.9259","0","0","0.0741","0","0","0"
"X","lg세탁기건조기","디지털/가전>생활가전","X","O","13.85","13060","21975","0.6826","39344","63714","0.6194","95379","11","11510","없음","없음","180820","14266","2135607","높음","1","0","0.5","1762448","6225","1489","207","0.6","0","0.2667","0.1333","0","0","0"
"X","바디드라이어","디지털/가전>생활가전","X","O","1.59","14540","25684","0.7664","51328","53055","0.0336","345886","9","39251","없음","없음","23089","13530","239952","높음","1","0","0.35","239782","3008","517","94","0.1563","0.3125","0.375","0.1563","0","0","0"
"X","책상스탠드","디지털/가전>생활가전","X","O","264.74","6400","6664","0.0413","20012","24302","0.2144","124871","3","18581","없음","없음","1694366","558591","65045","높음","1","0","0.2","47899","53097","16387","1966","0.4815","0.3704","0.037","0.1111","0","0","0"
"X","삼성통돌이세탁기","디지털/가전>생활가전","O","O","1.22","11550","11531","-0.0016","36315","27875","-0.2324","118954","8","12041","없음","없음","14132","200","506892","높음","1","0","0","516868","43293","7696","1236","0.4","0","0.5429","0.0571","742","449","371"
"X","엘지건조기","디지털/가전>생활가전","X","O","14.83","12780","14372","0.1246","31426","33488","0.0656","184355","1","20637","없음","없음","189544","14865","998270","높음","1","0","0.7","1025404","17497","5836","648","0.6667","0","0.2963","0.037","191","191","191"
"X","lg워시타워","디지털/가전>생활가전","O","O","2.09","11480","13242","0.1535","37402","38762","0.0364","186441","1","19715","없음","없음","23961","46","2735047","높음","1","0","0.675","2502749","11009","2037","305","0.6389","0","0.2778","0.0833","80","46","27"
"X","유선전화기","디지털/가전>생활가전","X","O","31.83","6120","6328","0.034","21289","20219","-0.0503","100947","1","10726","없음","없음","194789","62843","28032","높음","0.975","0.025","0.475","24458","20800","6892","770","0.6667","0.0741","0.1111","0.1481","0","0","0"
"X","한경희스팀다리미","디지털/가전>생활가전","O","O","0.09","14460","11153","-0.2287","45764","30556","-0.3323","132351","5","16162","없음","없음","1347","70","90546","높음","1","0","0.525","88036","20181","3499","747","0.3333","0.2222","0.2963","0.1481","0","0","0"
"X","오랄비전동칫솔","디지털/가전>생활가전","O","O","2.25","11400","13435","0.1785","34109","34955","0.0248","181053","1","18758","없음","없음","25683","13477","94768","높음","0.975","0.025","0.35","48538","32619","4026","1208","0.5556","0.037","0.037","0.3704","12","4","1"
"X","휴대용칫솔살균기","디지털/가전>생활가전","X","O","6.5","5280","6416","0.2152","18378","17560","-0.0445","111943","3","14833","없음","없음","34346","8843","25984","높음","1","0","0.425","17181","47138","7492","1745","0.6667","0.2963","0.037","0","0","0","0"
"X","무아스스팀다리미","디지털/가전>생활가전","O","O","0.01","10030","0","","30084","1891918","61.8878","5602","12","5489","있음","12","92","2","113583","높음","0.975","0.025","0.05","92185","62170","43304","1726","0.2778","0.2222","0.4167","0.0833","50","50","17"
"X","lg드럼세탁기","디지털/가전>생활가전","X","O","12.64","9550","9564","0.0015","30872","26452","-0.1432","158750","7","15482","없음","없음","120681","10442","1282955","높음","1","0","0.675","878147","9356","1899","311","0.5333","0","0.3667","0.1","0","0","0"
"X","연수기","디지털/가전>생활가전","X","O","5.78","8240","8014","-0.0274","23076","28005","0.2136","106896","1","9647","없음","없음","47608","19648","89369","높음","1","0","0.3","57134","114144","72841","4227","0.2963","0.1481","0.4074","0.1481","0","0","0"
"X","필립스스팀다리미","디지털/가전>생활가전","O","O","0.52","14190","12926","-0.0891","38130","27648","-0.2749","171695","5","20244","없음","없음","7434","1815","127139","높음","1","0","0.575","119238","36452","7520","1350","0.8148","0.037","0.037","0.1111","0","0","0"
"X","지문인식도어락","디지털/가전>생활가전","X","O","5.33","6420","9494","0.4788","23105","37091","0.6053","103899","12","14012","없음","없음","34242","17456","182720","높음","1","0","0.05","152077","10346","2532","383","0.7407","0","0.1481","0.1111","0","0","0"
"X","소형세탁기","디지털/가전>생활가전","X","O","47.27","7180","6637","-0.0756","24801","18596","-0.2502","116401","7","12817","없음","없음","339421","206802","210087","높음","0.975","0.025","0.275","207852","11729","5405","434","0.1852","0.2222","0.3333","0.2593","233","207","33"
"X","전화기","디지털/가전>생활가전","X","O","48","8780","9481","0.0798","29638","31845","0.0745","143713","12","14725","없음","없음","421410","148693","43144","높음","0.975","0.025","0.6","33578","29315","6892","814","0.6944","0.0833","0.1389","0.0833","0","0","0"
"X","삼성에어드레서","디지털/가전>생활가전","O","O","1.73","8300","9407","0.1334","19878","25118","0.2636","118380","1","15085","없음","없음","14368","6","1061295","높음","1","0","0.25","1095736","1566","497","58","0.2593","0","0.5926","0.1481","11","11","3"
"X","lg스타일러","디지털/가전>생활가전","O","O","1.81","15220","18551","0.2189","39254","58790","0.4977","248288","2","32005","없음","없음","27608","253","1046285","높음","1","0","0.6","971030","1430","497","51","0.3571","0","0.4286","0.2143","45","15","8"
"X","삼성드럼세탁기","디지털/가전>생활가전","O","O","4.19","10620","9703","-0.0863","33425","25536","-0.236","162601","1","16598","없음","없음","44544","4920","1202438","높음","1","0","0.55","961883","16230","6457","559","0.3448","0","0.6207","0.0345","0","0","0"
"X","재봉틀","디지털/가전>생활가전","X","O","90.91","9770","9516","-0.026","31245","29180","-0.0661","153338","5","14518","없음","없음","888157","357998","740106","높음","1","0","0.45","173362","24421","8721","904","0.5556","0.1852","0.1111","0.1481","782","782","196"
"X","세탁기10kg","디지털/가전>생활가전","X","O","3.56","7440","7569","0.0173","25198","21721","-0.138","109919","1","10817","없음","없음","26471","10904","322349","높음","1","0","0.175","417978","28209","5405","1084","0.1923","0","0.5","0.3077","294","292","37"
"X","필립스전동칫솔","디지털/가전>생활가전","O","O","2.61","7810","8272","0.0592","25722","23318","-0.0935","134328","1","13492","없음","없음","20352","11749","111268","높음","0.975","0.025","0.575","119511","40418","8195","1496","0.8519","0","0","0.1481","0","0","0"
"X","무선전화기","디지털/가전>생활가전","X","O","14.34","4280","4353","0.0171","15928","14079","-0.1161","79205","1","8347","없음","없음","61386","31813","50078","높음","1","0","0.55","60065","19014","3644","704","0.6667","0.0741","0.1111","0.1481","0","0","0"
"X","코콤도어락","디지털/가전>생활가전","O","O","0.34","5250","4887","-0.0691","15215","13499","-0.1128","32234","8","3371","없음","없음","1795","47","94869","높음","1","0","0.1","137567","3744","2529","138","0.2963","0.1111","0.5926","0","0","0","0"
"X","생활무전기","디지털/가전>생활가전","X","O","43.34","9090","10965","0.2063","23190","48991","1.1126","61842","12","7734","없음","없음","393957","119027","135876","높음","0.975","0.025","0.125","79649","712","98","26","0","0.1111","0.7037","0.1852","19","19","4"
"X","삼성워시타워","디지털/가전>생활가전","O","O","0.1","4800","5181","0.0794","14590","14308","-0.0193","66146","1","7821","없음","없음","463","3","864323","높음","0.975","0.025","0","2778974","10135","2038","375","0.5185","0","0.4815","0","0","0","0"
"X","세탁건조기","디지털/가전>생활가전","X","O","62.45","10760","11559","0.0743","28833","31703","0.0995","311459","3","111685","있음","3","671969","172478","1710808","높음","1","0","0.775","1464759","17523","5834","649","0.6296","0.037","0.2222","0.1111","141","141","47"
"X","아쿠아픽","디지털/가전>생활가전","O","O","0.08","17680","19614","0.1094","56148","48809","-0.1307","306007","1","36099","없음","없음","1453","44","56000","높음","1","0","0.25","49531","66690","17208","2470","0.6667","0.1111","0.2222","0","0","0","0"
"X","중고세탁기","디지털/가전>생활가전","X","O","3.42","4920","4704","-0.0439","16177","14027","-0.1329","80518","8","7434","없음","없음","16804","5443","258435","높음","0.75","0.25","0","240104","3425","1441","126","0.1852","0.1481","0.6296","0.037","0","0","0"
"X","테팔스팀다리미","디지털/가전>생활가전","O","O","0.79","7140","5645","-0.2094","19924","13518","-0.3215","128930","5","17637","없음","없음","5620","1318","78386","높음","1","0","0.575","90759","14391","3889","533","0.6667","0.0741","0.2222","0.037","0","0","0"
"X","치솔살균기","디지털/가전>생활가전","X","O","35.32","3380","4439","0.3133","10073","10651","0.0574","52483","1","5168","없음","없음","119397","33597","31396","높음","1","0","0.525","30426","59261","19743","2194","0.2963","0.5185","0.1852","0","0","0","0"
"X","엘지세탁기","디지털/가전>생활가전","X","O","20.93","15630","16457","0.0529","52592","47507","-0.0967","258029","3","25432","없음","없음","327209","24462","968092","높음","1","0","0.725","872047","26179","5397","969","0.6667","0","0.037","0.2963","844","447","106"
"X","w20whn","디지털/가전>생활가전","X","O","0.12","5070","5403","0.0657","17323","18847","0.088","81725","10","8918","없음","없음","617","0","2812937","높음","1","0","0.075","2487012","12919","2033","478","0.4815","0","0.4815","0.037","1","1","1"
"X","무타공도어락","디지털/가전>생활가전","X","O","2.57","14750","27399","0.8576","40511","80060","0.9763","108851","11","16365","없음","없음","37884","7825","100877","높음","1","0","0.075","89049","33290","6872","1232","0.7778","0.037","0.1852","0","0","0","0"
"X","핸드미싱기","디지털/가전>생활가전","X","O","41.54","2990","1436","-0.5197","7268","6024","-0.1712","77653","4","9801","없음","없음","124206","48491","204110","높음","0.975","0.025","0.05","35744","21797","8726","807","0.1852","0.4815","0.2593","0.0741","22","15","11"
"X","아기세탁기","디지털/가전>생활가전","X","O","10.23","9880","9115","-0.0774","31993","29630","-0.0739","142488","1","13975","없음","없음","101116","61106","237720","높음","0.95","0.05","0.15","229531","5991","3220","221","0.1481","0.3333","0.2963","0.2222","57","16","10"
"X","led스탠드","디지털/가전>생활가전","X","O","348.89","3520","3677","0.0446","12884","16912","0.3126","111343","2","18336","없음","없음","1228105","357094","59617","높음","0.975","0.025","0.475","30752","57247","16393","2120","0.6296","0.2593","0.0741","0.037","15","15","15"
"X","전동치실","디지털/가전>생활가전","X","X","2.76","4040","3230","-0.2005","9511","11715","0.2317","1815","3","565","있음","3","11163","5374","116164","중간","0.7","0.3","0.025","56411","44045","17211","1631","0.2593","0.2222","0.2593","0.2593","20","20","3"
"X","아기사랑세탁기","디지털/가전>생활가전","O","O","0.13","10030","9372","-0.0656","34013","26188","-0.2301","164026","8","16729","없음","없음","1309","167","361123","높음","0.95","0.05","0.05","295631","5985","3220","221","0.1481","0.1852","0.4444","0.2222","12","9","2"
"X","짤순이","디지털/가전>생활가전","X","O","7.4","11030","11206","0.016","45190","32033","-0.2911","293138","7","39391","없음","없음","81626","16889","80664","높음","0.975","0.025","0","65304","15025","4545","556","0.2593","0.4074","0.2222","0.1111","0","0","0"
"X","포충기","디지털/가전>생활가전","X","O","58.53","7810","5986","-0.2335","31263","9410","-0.699","205883","6","47032","있음","4,5,6,7","457139","152455","53617","높음","1","0","0.275","35408","62008","12734","2296","0.5556","0.1852","0.0741","0.1852","3","3","1"
"X","속옷세탁기","디지털/가전>생활가전","X","O","47.19","4210","4331","0.0287","10019","8693","-0.1323","20653","1","2167","없음","없음","198672","105259","204618","높음","0.875","0.125","0.15","107535","4246","1441","157","0.1481","0.2222","0.2222","0.4074","295","212","27"
"X","스팀다리미추천","디지털/가전>생활가전","X","O","26.48","10410","7416","-0.2876","29263","16724","-0.4285","114984","4","15858","없음","없음","275705","126294","89510","높음","1","0","0.5","45713","91506","43300","3389","0.7037","0.2222","0.037","0.037","0","0","0"
"X","미니다리미","디지털/가전>생활가전","X","O","15.37","7300","4224","-0.4214","16576","6609","-0.6013","68770","9","10471","없음","없음","112222","53316","44630","높음","1","0","0.35","28138","62589","43282","2318","0.6667","0.1481","0.0741","0.1111","0","0","0"
"X","위닉스건조기","디지털/가전>생활가전","O","O","0.2","11230","12395","0.1037","32256","29113","-0.0974","218650","7","34878","없음","없음","2272","50","449810","높음","0.95","0.05","0.2","425587","7693","1314","284","0.4074","0","0.5185","0.0741","0","0","0"
"X","핸드드라이어","디지털/가전>생활가전","X","O","34.27","2640","2808","0.0636","10001","11266","0.1265","44504","3","6904","없음","없음","90467","31589","310018","높음","1","0","0.625","145531","458","97","16","0.037","0.1111","0.5185","0.3333","77","20","9"
"X","직방도어락","디지털/가전>생활가전","O","O","0.22","11930","11923","-0.0006","41475","37839","-0.0877","125331","3","12375","없음","없음","2673","153","283955","높음","1","0","0.275","226450","8186","1508","303","0.7778","0","0.2222","0","0","0","0"
"X","세탁건조기일체형","디지털/가전>생활가전","X","O","0.68","11270","12565","0.1149","29578","27082","-0.0844","197986","3","54312","있음","3","7669","3832","1845513","높음","0.95","0.05","0.025","1395216","11815","2037","437","0.4815","0","0.3333","0.1852","0","0","0"
"X","fy9wt","디지털/가전>생활가전","X","O","0.29","2340","0","","7274","0","","0","","0","없음","없음","668","26","451995","높음","1","0","0.025","563710","5094","616","145","0.0286","0","0.8857","0.0857","0","0","0"
"X","엘지통돌이세탁기","디지털/가전>생활가전","O","O","6.02","6100","6226","0.0207","19958","20150","0.0096","58326","7","5472","없음","없음","36723","1986","585386","높음","1","0","0.575","459483","30975","7698","1191","0.3846","0","0.4231","0.1923","450","450","90"
"X","f21vdsk","디지털/가전>생활가전","X","O","0.33","2370","2615","0.1034","7303","5793","-0.2068","31670","1","3349","없음","없음","773","11","1030162","높음","1","0","0.025","1035195","24595","4026","910","0.2963","0","0.5556","0.1481","4446","1482","1112"
"X","세탁기받침대","디지털/가전>생활가전","X","O","43.15","4380","4818","0.1","13894","13271","-0.0448","64915","4","6444","없음","없음","188997","74916","11192","높음","1","0","0.025","18555","9008","4634","333","0.1852","0.4074","0.2593","0.1481","0","0","0"
"X","세탁기렌탈","디지털/가전>생활가전","X","O","8.83","6900","6196","-0.102","22811","16045","-0.2966","111284","10","11871","없음","없음","60932","507","61872","높음","1","0","0","603554","41082","7703","1521","0.5556","0","0.2963","0.1481","0","0","0"
"X","엘지세탁기건조기","디지털/가전>생활가전","X","O","26.74","6630","6086","-0.0821","19471","18531","-0.0483","38988","3","7492","있음","1,3,7","177308","12712","2175803","높음","1","0","0.525","2208107","5536","1486","205","0.7037","0","0.1481","0.1481","80","46","20"
"X","미니재봉틀","디지털/가전>생활가전","X","O","25.31","3250","2868","-0.1175","12145","9548","-0.2138","50573","5","5169","없음","없음","82273","33544","82243","높음","0.975","0.025","0.175","22732","22920","8726","848","0.1852","0.4815","0.1481","0.1852","1039","783","208"
"X","소형건조기","디지털/가전>생활가전","X","O","47.49","4870","4873","0.0006","12690","12509","-0.0143","61542","7","7672","없음","없음","231263","138332","337592","높음","0.95","0.05","0.4","266778","15201","3987","563","0.2963","0.2963","0.1481","0.2593","23","8","3"
"X","wa16cg6441by","디지털/가전>생활가전","X","O","0.15","3200","3142","-0.0181","9879","7733","-0.2172","31416","9","3411","없음","없음","473","0","452855","높음","0.925","0.075","0.025","455852","42484","7699","1573","0.3704","0.1111","0.4815","0.037","450","450","450"
"X","콘에어스팀다리미","디지털/가전>생활가전","O","O","0.35","4020","2985","-0.2575","10860","8057","-0.2581","53227","5","6794","없음","없음","1413","477","79170","높음","0.9","0.1","0.4","78912","62304","43270","2307","0.5926","0.1111","0.2222","0.0741","0","0","0"
"X","물치실","디지털/가전>생활가전","X","O","4.31","6030","6602","0.0949","18886","26394","0.3975","68011","12","7210","없음","없음","25986","8531","52318","높음","1","0","0.175","33878","57038","17204","2112","0.4074","0.3333","0.1852","0.0741","7","7","4"
"X","미싱","디지털/가전>생활가전","X","O","103.41","8510","29162","2.4268","27752","48810","0.7588","189015","11","44802","있음","11","880006","355310","643096","높음","1","0","0.475","147972","24960","8722","924","0.5185","0.2222","0.1111","0.1481","911","783","228"
"X","올인원세탁기","디지털/가전>생활가전","X","O","1.98","6660","6485","-0.0263","19136","20953","0.095","54153","3","7361","없음","없음","13190","3787","2564181","높음","0.95","0.05","0.275","1493168","4354","616","161","0.5185","0","0.2963","0.1852","143","143","29"
"X","워시콤보","디지털/가전>생활가전","O","O","1.33","7670","7899","0.0299","23567","17354","-0.2636","169748","4","29483","있음","3,4,5,7,8","10221","106","3089433","높음","1","0","0.375","3186759","703","245","26","0.2963","0","0.6667","0.037","1","1","1"
"X","오랄비전동칫솔모","디지털/가전>생활가전","O","O","2.99","3830","3785","-0.0117","11852","11550","-0.0255","62353","4","7361","없음","없음","11433","4581","21852","높음","1","0","0.05","28469","23945","9046","886","0.5926","0.1481","0.1852","0.0741","0","0","0"
"X","w20wd","디지털/가전>생활가전","X","O","0.16","3220","4358","0.3534","9466","11585","0.2239","77204","1","9929","없음","없음","528","1","2832720","높음","1","0","0.075","2628506","9854","2030","364","0.5185","0","0.4444","0.037","0","0","0"
"X","fh25esx","디지털/가전>생활가전","X","O","0.19","2180","0","","6999","0","","0","","0","없음","없음","421","0","3340859","중간","0.975","0.025","0.025","3384650","364","141","10","0.0833","0","0.8889","0.0278","141","141","141"
"X","니카사스팀다리미","디지털/가전>생활가전","O","O","0.01","17080","0","","27015","0","","0","","0","없음","없음","89","44","254346","중간","0.525","0.475","0.025","77561","52933","43305","1960","0.2222","0.2593","0.4074","0.1111","50","50","17"
"X","독서등","디지털/가전>생활가전","X","O","48.51","8510","8384","-0.0148","27052","29803","0.1017","127550","9","13664","없음","없음","412849","168044","31954","높음","0.975","0.025","0.1","18504","48750","16397","1805","0.4444","0.2963","0.1481","0.1111","0","0","0"
"X","탈수기","디지털/가전>생활가전","X","O","106.03","3650","4916","0.3468","17044","34297","1.0123","84019","12","16446","있음","7,12","387009","148378","98306","높음","1","0","0.425","89505","11052","3357","409","0.2963","0.3704","0.2593","0.0741","12","6","6"
"X","tr16mv6","디지털/가전>생활가전","X","O","0.32","1420","0","","4229","0","","0","","0","없음","없음","454","0","490820","높음","1","0","0.025","442947","20960","7709","582","0.1389","0.0278","0.8333","0","0","0","0"
"X","삼성올인원세탁기","디지털/가전>생활가전","O","O","0.78","4560","5597","0.2274","12423","16186","0.3029","44265","3","8938","있음","3,4","3547","7","1770318","높음","1","0","0.25","2787521","9263","4026","330","0.4286","0","0.5714","0","0","0","0"
"X","손건조기","디지털/가전>생활가전","X","O","58.24","1690","2312","0.368","6793","52951","6.7949","22374","12","10441","있음","12","98429","37230","302472","높음","1","0","0.65","152698","965","518","35","0.037","0.2593","0.4815","0.2222","53","20","9"
"X","삼성스타일러","디지털/가전>생활가전","O","O","0.19","8940","10660","0.1924","21753","28755","0.3219","113701","1","13672","없음","없음","1675","572","609694","높음","0.875","0.125","0","926164","1715","497","51","0.2121","0","0.4545","0.3333","105","15","10"
"X","엘지워시타워","디지털/가전>생활가전","O","O","4.09","5950","6508","0.0938","19372","19986","0.0317","96570","1","9577","없음","없음","24306","49","2733799","높음","1","0","0.675","2604927","9974","2038","277","0.6389","0","0.3056","0.0556","12","11","6"
"X","유리문도어락","디지털/가전>생활가전","X","O","10.5","2940","4240","0.4422","9091","12565","0.3821","66171","11","7074","없음","없음","30862","6100","58492","높음","1","0","0","63883","3551","823","131","0.7037","0.0741","0.1481","0.0741","0","0","0"
"X","브라더미싱","디지털/가전>생활가전","X","O","5.19","8620","8897","0.0321","30770","29196","-0.0512","146783","3","13226","없음","없음","44757","13042","1068711","높음","1","0","0.225","432842","11227","8726","415","0.4074","0.037","0.4815","0.0741","0","0","0"
"X","분리세탁기","디지털/가전>생활가전","X","X","3.07","4590","0","","4967","0","","0","","0","없음","없음","14091","4194","182259","중간","0.225","0.775","0.125","325665","60","23","2","0","0.037","0.037","0.9259","33","15","1"
"X","번호키","디지털/가전>생활가전","X","O","64.66","3150","3093","-0.0181","10052","8888","-0.1158","65856","3","6124","없음","없음","203688","31665","129647","높음","1","0","0","63210","43097","6871","1596","0.8519","0.037","0.037","0.0741","0","0","0"
"X","엘지드럼세탁기","디지털/가전>생활가전","X","O","27.02","4290","4165","-0.0291","13780","12459","-0.0959","55211","1","5596","없음","없음","115920","9022","1240877","높음","1","0","0.65","996397","32744","6452","909","0.6667","0","0.2778","0.0556","202","191","101"
"O","보플제거기","디지털/가전>생활가전","X","O","69.98","2330","4305","0.8476","4360","16993","2.8975","54868","12","9601","있음","1,2,3,10,11,12","163050","41858","30613","높음","1","0","0.4","22514","80552","34255","2983","0.4074","0.2963","0.1481","0.1481","0","0","0"
"X","무선칫솔살균기","디지털/가전>생활가전","X","O","13.23","1880","3951","1.1016","6247","17147","1.7448","45696","12","9450","있음","7,12","24875","5947","30953","높음","1","0","0.375","31144","22349","8184","827","0.037","0.6296","0.2222","0.1111","28","28","9"
"X","t19mx8a","디지털/가전>생활가전","X","O","0.14","3000","2598","-0.134","11345","7865","-0.3067","24740","8","2689","없음","없음","413","0","753296","높음","1","0","0.025","690210","13343","2389","494","0.2963","0","0.6667","0.037","0","0","0"
"X","연수기렌탈","디지털/가전>생활가전","X","O","0.32","1740","2119","0.2178","3835","7358","0.9186","20420","12","4198","있음","9,10,11,12","552","0","26425","높음","0.975","0.025","0.025","101927","27590","12930","766","0.1944","0.0833","0.2778","0.4444","6","5","0"
"X","아카라도어락","디지털/가전>생활가전","O","X","0.09","7320","2980","-0.5929","26747","20087","-0.249","43142","10","14505","있음","9,10","664","288","301593","높음","0.875","0.125","0.025","296407","6538","2525","242","0.2963","0.0741","0.4815","0.1481","0","0","0"
"X","보풀제거기추천","디지털/가전>생활가전","X","O","70.31","2050","4610","1.2488","4046","24078","4.9511","57176","1","12054","있음","1,2,3,11,12","144143","39411","30014","높음","1","0","0.525","25182","78739","34264","2916","0.4815","0.2593","0.1852","0.0741","0","0","0"
"X","삼성건조기필터","디지털/가전>생활가전","O","O","11.53","4660","4320","-0.073","11750","10628","-0.0955","44122","3","4770","없음","없음","53710","734","16584","높음","1","0","0.05","35984","613","306","18","0","0.1471","0.8529","0","0","0","0"
"X","무선스탠드","디지털/가전>생활가전","X","O","170.76","2690","2547","-0.0532","9016","9376","0.0399","70638","4","8947","없음","없음","459342","164659","40344","높음","0.975","0.025","0.275","25089","37487","16395","1388","0.2963","0.5926","0.0741","0.037","189","189","189"
"X","벌레퇴치기","디지털/가전>생활가전","X","O","107.62","4190","2615","-0.3759","16844","2859","-0.8303","101930","6","29116","있음","5,6,7","450927","148889","38589","높음","1","0","0.1","28100","45350","12714","1679","0.3333","0.5926","0.0741","0","0","0","0"
"X","일반세탁기","디지털/가전>생활가전","X","O","55.48","4480","3979","-0.1118","15478","11687","-0.2449","70525","8","6896","없음","없음","248537","47603","510224","높음","1","0","0.7","446528","31186","7683","1199","0.4231","0","0.4231","0.1538","447","447","112"
"X","wf2420hcvvc","디지털/가전>생활가전","X","O","0.12","3120","2476","-0.2064","8547","7144","-0.1642","26398","1","3684","없음","없음","379","0","1369734","중간","1","0","0.025","1792890","8672","2033","321","0.7407","0","0.2222","0.037","7","7","7"
"X","rd21ese","디지털/가전>생활가전","X","O","0.53","2030","5064","1.4946","5344","16127","2.0178","13709","1","3024","있음","1,11,12","1070","0","1370182","높음","1","0","0.025","1091312","7828","2163","244","0.3125","0","0.6563","0.0313","191","191","191"
"X","미싱기","디지털/가전>생활가전","X","O","201.66","4360","4359","-0.0002","13907","13509","-0.0286","70817","1","7055","없음","없음","879256","354400","700064","높음","1","0","0.45","148970","24559","8722","909","0.4444","0.2593","0.1111","0.1852","1039","783","208"
"X","wa21a8376kv","디지털/가전>생활가전","X","O","0.27","2130","2216","0.0404","6265","5461","-0.1283","24864","1","2560","없음","없음","579","0","234844","높음","1","0","0.025","443189","11600","3906","322","0.0556","0.1389","0.8056","0","0","0","0"
"X","df24cb9900cr","디지털/가전>생활가전","X","O","0.11","2580","2888","0.1194","6036","7602","0.2594","28643","1","3341","없음","없음","282","0","1735871","높음","0.975","0.025","0.025","590508","2830","1874","80","0.1143","0.0571","0.7429","0.0857","21","7","7"
"X","드럼세탁기15kg","디지털/가전>생활가전","X","O","2.21","3250","3174","-0.0234","10623","9067","-0.1465","45226","8","4559","없음","없음","7195","709","2736609","높음","1","0","0.575","684681","24755","6457","853","0.2759","0","0.5862","0.1379","0","0","0"
"X","음파전동칫솔","디지털/가전>생활가전","X","O","11.75","2640","2350","-0.1098","8114","9475","0.1677","46320","1","4346","없음","없음","31018","13370","56881","높음","0.95","0.05","0.575","42970","35464","8192","1313","0.3333","0.2593","0.1852","0.2222","106","82","18"
"X","t19mx8","디지털/가전>생활가전","X","X","0.64","2090","2204","0.0545","7086","8001","0.1291","25076","12","2401","없음","없음","1341","0","459099","높음","1","0","0.05","702795","16460","2392","609","0.3333","0.037","0.5556","0.0741","0","0","0"
"X","wd90f25ahs","디지털/가전>생활가전","X","O","0.04","6910","0","","20049","0","","0","","0","없음","없음","261","0","4061101","중간","1","0","0.025","2437599","4102","2033","151","0.4815","0.037","0.4815","0","0","0","0"
"X","wd90f25ahy","디지털/가전>생활가전","X","O","0.05","5370","0","","17132","0","","0","","0","없음","없음","279","0","1328036","높음","1","0","0.025","2583098","6611","2080","244","0.5556","0","0.4444","0","0","0","0"
"X","필립스다리미","디지털/가전>생활가전","O","O","2.03","4260","3143","-0.2622","12966","7752","-0.4021","55555","5","5825","없음","없음","8663","1918","109265","높음","1","0","0.5","89829","41517","9451","1537","0.7407","0.037","0.1481","0.0741","0","0","0"
"X","t21mx9a","디지털/가전>생활가전","X","O","0.4","1450","2274","0.5683","4576","5663","0.2375","17799","11","2129","없음","없음","575","0","854577","높음","0.95","0.05","0.025","653241","18923","2388","540","0.2857","0.0286","0.6857","0","0","0","0"
"X","워터픽구강세정기","디지털/가전>생활가전","O","O","0.31","8380","8104","-0.0329","28018","22993","-0.1793","117120","7","11529","없음","없음","2620","1501","106962","높음","0.8","0.2","0.25","82859","54018","17224","2000","0.5185","0.2593","0.1111","0.1111","1","1","0"
"X","게이트맨","디지털/가전>생활가전","O","O","0.52","13600","12908","-0.0509","46433","33598","-0.2764","191183","7","20811","없음","없음","7030","219","232847","높음","1","0","0.525","160283","6865","2525","254","0.7037","0","0.1481","0.1481","0","0","0"
"X","wf21dg6650bw","디지털/가전>생활가전","X","O","0.18","2550","0","","6280","0","","0","","0","없음","없음","469","0","994616","중간","0.975","0.025","0.025","1150543","14333","6457","398","0.4167","0","0.5556","0.0278","0","0","0"
"X","건식다리미","디지털/가전>생활가전","X","O","28.63","1470","1088","-0.2599","4426","2616","-0.4089","20172","5","2448","없음","없음","42082","19461","30441","높음","0.975","0.025","0.4","33020","34415","9451","1274","0.2963","0","0.5556","0.1481","0","0","0"
"X","스탠드스팀다리미","디지털/가전>생활가전","X","O","6.55","5180","5329","0.0288","17756","35410","0.9943","41898","12","5023","없음","없음","33942","15508","94033","높음","1","0","0.275","93184","60386","43286","2236","0.6296","0.1111","0.1111","0.1481","0","0","0"
"X","t17dx3a","디지털/가전>생활가전","X","O","0.57","2000","2001","0.0005","7529","5454","-0.2756","28415","7","2978","없음","없음","1137","0","118335","높음","0.975","0.025","0.05","473609","13748","7696","491","0.1429","0","0.8214","0.0357","449","449","449"
"X","아카라k100","디지털/가전>생활가전","O","O","0.03","4260","4546","0.0671","14377","16886","0.1745","39828","5","8162","있음","5,7,8,9,11","143","0","343753","중간","1","0","0.025","280561","44530","29071","1649","0.0741","0.2593","0.5556","0.1111","0","0","0"
"X","엘지스타일러","디지털/가전>생활가전","O","O","3.8","7520","9072","0.2064","17663","26266","0.4871","113474","2","14987","없음","없음","28583","265","1151777","높음","1","0","0.65","1030515","2586","1064","95","0.3333","0","0.4815","0.1852","15","15","3"
"X","wf2522hdeee","디지털/가전>생활가전","X","O","0.03","2270","0","","3246","0","","0","","0","없음","없음","62","0","2712237","높음","1","0","0.025","2179344","14086","2237","402","0","0","1","0","0","0","0"
"X","lg워시콤보","디지털/가전>생활가전","O","O","1.81","5550","5719","0.0305","17060","11832","-0.3064","124068","4","18604","없음","없음","10033","6","2581915","높음","1","0","0.375","2880970","323","143","10","0.125","0","0.6875","0.1875","143","143","24"
"X","삼성아기사랑세탁기","디지털/가전>생활가전","O","O","0.18","4950","5057","0.0216","16085","12739","-0.208","80265","8","8510","없음","없음","912","7","382606","높음","1","0","0.05","419663","8981","3220","332","0.1481","0.2222","0.5556","0.0741","0","0","0"
"X","lg세탁기렌탈","디지털/가전>생활가전","X","O","33.32","1430","1636","0.1441","3660","3288","-0.1016","12683","4","1403","없음","없음","47649","6","44762","높음","1","0","0.025","683759","19168","5408","709","0.5185","0","0.2593","0.2222","193","191","32"
"X","wf2420hcwwc","디지털/가전>생활가전","X","O","0.19","2280","2272","-0.0035","9136","9342","0.0225","25238","10","2647","없음","없음","434","0","1635540","높음","1","0","0.025","1502708","19242","6457","712","0.4815","0","0.4815","0.037","0","0","0"
"X","코맥스도어락","디지털/가전>생활가전","O","O","0.65","4930","4884","-0.0093","17901","15670","-0.1246","106078","7","10952","없음","없음","3215","30","95730","높음","1","0","0.2","117422","6550","2525","242","0.5556","0.0741","0.3333","0.037","0","0","0"
"X","다이소보풀제거기","디지털/가전>생활가전","O","X","0","5990","9341","0.5594","9991","30587","2.0615","90898","1","14126","없음","없음","25","6","19602","중간","0.76","0.24","0","14811","86305","34264","3196","0.4444","0.3333","0.2222","0","0","0","0"
"X","모토로라무전기","디지털/가전>생활가전","O","O","13.22","3400","3425","0.0074","12649","12335","-0.0248","49821","5","4787","없음","없음","44962","17381","305575","높음","0.925","0.075","0.1","115874","1548","287","57","0.0741","0","0.7407","0.1852","0","0","0"
"X","tr10wl","디지털/가전>생활가전","X","O","0.68","1290","1364","0.0574","4370","3894","-0.1089","23810","1","2562","없음","없음","875","1","281232","높음","0.975","0.025","0.025","493275","75670","5408","2364","0.1875","0","0.7188","0.0938","0","0","0"
"X","지문도어락","디지털/가전>생활가전","X","O","41.01","1510","1500","-0.0066","4924","4520","-0.082","26668","10","2584","없음","없음","61921","32240","171989","높음","1","0","0.15","155025","11241","2522","416","0.7778","0","0.0741","0.1481","0","0","0"
"X","tr15wv5","디지털/가전>생활가전","X","O","0.2","1740","0","","5310","0","","407","12","317","있음","12","355","0","576137","중간","1","0","0.025","309572","11981","7710","342","0.2571","0.0571","0.6857","0","0","0","0"
"X","번호키도어락","디지털/가전>생활가전","X","O","24.16","2660","2630","-0.0113","8738","7902","-0.0957","62661","7","5884","없음","없음","64265","22432","130317","높음","1","0","0.025","69514","39766","6872","1472","0.8889","0","0.1111","0","0","0","0"
"X","스탠드칫솔살균기","디지털/가전>생활가전","O","O","22.1","170","147","-0.1353","279","183","-0.3441","2083","2","309","없음","없음","3757","691","52212","높음","1","0","0.6","56215","35840","8732","1327","0.5556","0.1111","0.1852","0.1481","0","0","0"
"X","미니탈수기","디지털/가전>생활가전","X","O","19.72","2510","2340","-0.0677","8821","6536","-0.259","36127","7","4653","없음","없음","49507","26952","99210","높음","0.95","0.05","0.025","79221","10841","3339","401","0.1481","0.3333","0.2593","0.2593","207","207","30"
"X","칫솔면도기살균기","디지털/가전>생활가전","X","O","49.85","230","250","0.087","635","601","-0.0535","3105","7","418","없음","없음","11465","4570","36325","높음","1","0","0.55","33657","53906","19740","1996","0.2963","0.5926","0.1111","0","0","0","0"
"X","칫솔살균기휴대용","디지털/가전>생활가전","X","O","12.89","2660","4129","0.5523","9386","11269","0.2006","37595","3","5256","없음","없음","34295","8842","25745","높음","1","0","0.4","16613","49104","7495","1818","0.5926","0.1852","0.2222","0","0","0","0"
"X","세탁기배수호스","디지털/가전>생활가전","X","O","26.84","3000","2937","-0.021","9741","9703","-0.0039","48581","1","4625","없음","없음","80514","9643","5110","높음","1","0","0.05","7664","10826","2775","400","0.1481","0.3704","0.4815","0","0","0","0"
"X","파나소닉구강세정기","디지털/가전>생활가전","O","O","0.78","4530","5191","0.1459","14427","11495","-0.2032","65823","1","8109","없음","없음","3541","1179","84301","높음","0.925","0.075","0.275","83495","24356","17207","902","0.4444","0.1852","0.3333","0.037","14","14","14"
"O","핸드드라이기","디지털/가전>생활가전","X","O","128.28","720","823","0.1431","3736","4007","0.0725","13960","3","1894","없음","없음","92361","31972","316929","높음","1","0","0.625","173980","1012","517","37","0.037","0.2222","0.4815","0.2593","53","20","8"
"X","세탁기호스","디지털/가전>생활가전","X","O","56.78","4190","4261","0.0169","13922","13878","-0.0032","98478","1","9527","없음","없음","237895","30446","6035","높음","1","0","0.025","14241","10757","2047","398","0.2963","0.4074","0.1481","0.1481","0","0","0"
"X","t19mx8b","디지털/가전>생활가전","X","O","0.3","1230","1050","-0.1463","3019","2672","-0.1149","11030","10","1321","없음","없음","374","0","1050900","높음","1","0","0.025","1151673","10827","2390","386","0.25","0.0357","0.6786","0.0357","450","450","450"
"X","핸디형스팀다리미","디지털/가전>생활가전","X","O","22.63","3840","3752","-0.0229","14742","13673","-0.0725","63793","4","9745","없음","없음","86915","38731","62686","높음","1","0","0.425","45553","92849","43274","2579","0.5","0.3333","0.1111","0.0556","0","0","0"
"X","무선다리미","디지털/가전>생활가전","X","O","18.71","2020","1427","-0.2936","6383","3154","-0.5059","32028","4","3606","없음","없음","37799","20185","59735","높음","0.95","0.05","0.375","44805","61891","43301","2292","0.4815","0.1852","0.1111","0.2222","4","2","1"
"X","드럼세탁기21kg","디지털/가전>생활가전","X","O","3.37","3180","3272","0.0289","10389","9185","-0.1159","44407","8","4406","없음","없음","10717","26","1088778","높음","1","0","0.475","1253779","27574","6457","861","0.4688","0","0.375","0.1563","1682","1483","336"
"X","건조기10kg","디지털/가전>생활가전","X","O","6.32","1990","2296","0.1538","4729","4852","0.026","18032","7","1997","없음","없음","12583","5748","661206","높음","1","0","0.25","739628","13652","5836","505","0.4444","0.037","0.3704","0.1481","12","12","3"
"X","통돌이세탁기10kg","디지털/가전>생활가전","O","O","3.06","2460","2268","-0.078","7512","6173","-0.1782","32217","8","3145","없음","없음","7523","3374","337065","높음","1","0","0.05","312855","42619","8637","1183","0.0833","0","0.6667","0.25","3","2","0"
"X","wf21t6000kw","디지털/가전>생활가전","X","O","0.17","2510","2948","0.1745","7816","7217","-0.0766","23992","4","2553","없음","없음","426","0","870722","높음","1","0","0.025","1263564","30407","6449","921","0.3636","0","0.6364","0","0","0","0"
"X","책상스탠드조명","디지털/가전>생활가전","X","O","140.42","2050","1990","-0.0293","6255","7702","0.2313","31210","1","4134","없음","없음","287856","122966","53490","높음","0.975","0.025","0.2","26360","63428","16393","2349","0.5556","0.2222","0.1111","0.1111","189","189","63"
"X","진공스팀다리미","디지털/가전>생활가전","X","O","0.64","3160","0","","5769","0","","0","","0","없음","없음","2032","1013","271816","중간","0.775","0.225","0","119285","47405","43280","1755","0.2222","0.1111","0.1481","0.5185","2","1","0"
"X","sc5gmr81a","디지털/가전>생활가전","X","O","0.1","2450","0","","6681","0","","0","","0","없음","없음","256","0","2017946","높음","1","0","0.025","857525","646","244","18","0.3714","0.1143","0.4571","0.0571","1","1","1"
"X","유토렉스칫솔살균기","디지털/가전>생활가전","O","O","1.44","2240","2236","-0.0018","6995","6267","-0.1041","42506","7","5659","없음","없음","3226","79","34949","높음","1","0","0.8","41294","30026","6645","1112","0.6667","0.0741","0.2222","0.037","0","0","0"
"O","핸드드라이","디지털/가전>생활가전","X","X","378.48","180","188","0.0444","3757","3487","-0.0719","5463","1","1089","있음","1,2","68127","18983","241283","높음","0.975","0.025","0.3","124834","6827","5760","252","0.0741","0.2222","0.3333","0.3704","45","20","5"
"X","의류건조기","디지털/가전>생활가전","X","O","49.96","4130","4621","0.1189","11582","11496","-0.0074","52791","7","6282","없음","없음","206328","94076","747578","높음","1","0","0.825","385539","53080","25763","1965","0.5185","0.1852","0.0741","0.2222","62","35","10"
"X","미니건조기5kg","디지털/가전>생활가전","X","O","1.88","3860","4001","0.0365","8707","8583","-0.0142","54138","7","7114","없음","없음","7258","4649","280934","높음","0.825","0.175","0.1","366264","11873","3987","439","0.3333","0.2963","0.1111","0.2593","10","10","1"
"X","삼성통돌이세탁기19kg","디지털/가전>생활가전","O","O","0.18","1670","1213","-0.2737","4069","2178","-0.4647","13396","7","1760","없음","없음","303","0","569955","높음","0.975","0.025","0","643218","25375","7714","939","0.4815","0","0.5185","0","0","0","0"
"X","인터넷전화기","디지털/가전>생활가전","X","O","12.6","1930","2045","0.0596","7038","6853","-0.0263","39535","1","4159","없음","없음","24314","8074","63420","높음","0.825","0.175","0.05","39107","17969","3644","665","0.5556","0.0741","0.2222","0.1481","0","0","0"
"X","에어다리미","디지털/가전>생활가전","X","X","6.05","2010","656","-0.6736","6390","1251","-0.8042","6560","5","1512","있음","4,5,6,10","12158","5029","218500","높음","0.425","0.575","0","74896","51777","43285","1917","0.2593","0.1481","0.1852","0.4074","7","2","1"
"X","부라더미싱","디지털/가전>생활가전","X","O","6.89","6460","7396","0.1449","21920","21517","-0.0184","115325","1","10689","없음","없음","44494","12891","1067261","높음","1","0","0.275","444874","11164","8723","310","0.2778","0.0278","0.5278","0.1667","0","0","0"
"X","업무용무전기","디지털/가전>생활가전","X","O","26.62","3280","5207","0.5875","9784","67053","5.8533","22588","12","10793","있음","12","87302","16835","206185","높음","1","0","0.325","125948","1064","224","39","0.037","0.1481","0.7037","0.1111","0","0","0"
"X","코콤지문도어락","디지털/가전>생활가전","O","O","2.21","170","272","0.6","748","1909","1.5521","195","3","60","있음","3,10","375","33","133791","높음","1","0","0.075","158769","212","52","7","0.3333","0.037","0.6296","0","0","0","0"
"X","lg통돌이세탁기19kg","디지털/가전>생활가전","O","O","1.57","1830","1604","-0.1235","5877","3860","-0.3432","30115","9","3242","없음","없음","2865","0","667442","높음","1","0","0.275","656754","25800","7683","889","0.3448","0","0.6207","0.0345","444","444","444"
"X","t17dx3","디지털/가전>생활가전","X","O","1.01","1640","1687","0.0287","4840","3207","-0.3374","18977","2","2098","없음","없음","1660","0","513325","높음","1","0","0.05","619687","13373","7696","495","0.1481","0","0.8148","0.037","449","449","449"
"X","wf25dg8650bv","디지털/가전>생활가전","X","O","0.2","2240","0","","6337","0","","0","","0","없음","없음","447","0","999864","높음","1","0","0.025","1285046","16760","4025","478","0.3714","0.0286","0.6","0","0","0","0"
"X","건조기9kg","디지털/가전>생활가전","X","O","1.82","2860","3006","0.051","7162","6946","-0.0302","42295","7","4550","없음","없음","5198","1179","662377","높음","1","0","0.25","583291","14872","5836","512","0.2759","0.0345","0.5517","0.1379","0","0","0"
"X","빌트인세탁기","디지털/가전>생활가전","X","O","3.43","2470","2479","0.0036","8692","7764","-0.1068","42592","3","4230","없음","없음","8473","1290","624108","높음","1","0","0.375","459065","3140","340","116","0.1111","0","0.8889","0","0","0","0"
"X","삼성ai콤보","디지털/가전>생활가전","O","O","0.38","8290","10833","0.3068","21788","22105","0.0145","103297","3","17294","있음","3,4,5,7,8,11","3109","3","2086279","높음","0.975","0.025","0.125","2412936","3302","2031","91","0.3056","0","0.6944","0","0","0","0"
"X","fx25esr","디지털/가전>생활가전","O","O","0.74","1130","1534","0.3575","5098","4931","-0.0328","13797","5","2014","없음","없음","834","0","1708489","중간","1","0","0.05","1407058","14206","6023","405","0.4286","0","0.4857","0.0857","403","212","134"
"X","도어락추천","디지털/가전>생활가전","X","O","264.56","3800","3299","-0.1318","12650","9270","-0.2672","42280","7","4602","없음","없음","1005325","195240","153529","높음","1","0","0.1","115589","32567","6880","1206","0.8519","0","0.0741","0.0741","0","0","0"
"X","sc5gmr80a","디지털/가전>생활가전","X","O","0.32","2460","0","","7361","0","","0","","0","없음","없음","791","0","1320321","높음","1","0","0.05","1251770","838","244","23","0.2222","0","0.7222","0.0556","3","2","2"
"X","솔리티도어락","디지털/가전>생활가전","X","O","1.47","5730","5725","-0.0009","19074","17278","-0.0942","80446","8","7631","없음","없음","8451","194","150513","높음","1","0","0.2","97284","33348","6872","1235","0.8148","0.037","0.037","0.1111","0","0","0"
"X","wf19t6000kw","디지털/가전>생활가전","X","O","0.18","2490","2642","0.061","7828","8256","0.0547","45652","11","4338","없음","없음","447","4","854928","높음","1","0","0.025","948060","34612","7696","1281","0.3333","0","0.6296","0.037","0","0","0"
"X","와이드스탠드","디지털/가전>생활가전","O","O","70.78","1610","1494","-0.072","5694","5697","0.0005","39653","3","6026","없음","없음","113951","26148","62702","높음","1","0","0.25","65265","30915","7816","1145","0.7407","0.1111","0","0.1481","0","0","0"
"X","fg24vns","디지털/가전>생활가전","X","O","0.35","1210","1136","-0.0612","4720","3644","-0.228","14115","1","2220","없음","없음","418","0","598695","높음","1","0","0.025","1094244","10096","5836","280","0.3889","0","0.5278","0.0833","3","3","1"
"X","다리미추천","디지털/가전>생활가전","X","O","243.14","3990","2361","-0.4083","11673","4102","-0.6486","50213","5","7360","없음","없음","970130","421006","95729","높음","1","0","0.375","39699","93103","43270","3210","0.6552","0.069","0.1034","0.1724","0","0","0"
"X","오아구강세정기","디지털/가전>생활가전","O","O","0.12","4110","4210","0.0243","14005","12203","-0.1287","68424","1","6887","없음","없음","493","13","33306","높음","1","0","0.225","43903","36214","17208","1341","0.5185","0.0741","0.3704","0.037","11","11","11"
"X","바디드라이기","디지털/가전>생활가전","X","O","5.22","4420","6153","0.3921","17668","15464","-0.1247","81947","1","8668","없음","없음","23062","13529","243305","높음","1","0","0.35","232987","2453","520","90","0.2222","0.2593","0.3704","0.1481","0","0","0"
"X","wf21dg6650bv","디지털/가전>생활가전","X","O","0.24","1620","0","","5100","0","","0","","0","없음","없음","381","0","584911","높음","1","0","0.025","1009292","12312","4027","342","0.4167","0.0556","0.5278","0","0","0","0"
"X","건조기렌탈","디지털/가전>생활가전","X","O","7.19","3940","4332","0.0995","10308","8674","-0.1585","66874","7","8107","없음","없음","28318","251","32795","높음","1","0","0","252908","350468","73261","12980","0.6667","0.037","0.1852","0.1111","0","0","0"
"X","rh18wtsn","디지털/가전>생활가전","X","O","0.24","1830","2955","0.6148","4354","5764","0.3238","21326","7","2838","없음","없음","441","1","1119868","높음","0.975","0.025","0.025","950579","16125","6452","597","0.4815","0","0.5185","0","0","0","0"
"X","책상조명","디지털/가전>생활가전","X","O","42.1","13180","13087","-0.0071","29859","36004","0.2058","60220","1","7609","없음","없음","554921","251209","54647","높음","0.975","0.025","0.15","27260","73085","16393","2030","0.5833","0.3056","0.1111","0","0","0","0"
"X","통돌이세탁기16kg","디지털/가전>생활가전","O","O","1.19","2420","2098","-0.1331","7298","5464","-0.2513","33962","8","3314","없음","없음","2887","389","492142","높음","1","0","0.125","488796","17750","7699","657","0.3704","0","0.5926","0.037","450","450","450"
"X","lg통돌이세탁기21kg","디지털/가전>생활가전","O","O","1.5","1300","1045","-0.1962","3925","2574","-0.3442","26419","1","2784","없음","없음","1955","0","875725","높음","1","0","0.15","863740","10132","2392","375","0.3333","0","0.6296","0.037","211","211","211"
"X","끌리젠스팀다리미","디지털/가전>생활가전","O","O","0.01","7590","7511","-0.0104","17984","21921","0.2189","19734","5","2882","없음","없음","52","2","111848","중간","0.95","0.05","0.025","62072","49497","43277","1833","0.3333","0.1852","0.4815","0","0","0","0"
"X","보만스팀다리미","디지털/가전>생활가전","O","O","0.27","3920","3392","-0.1347","12101","8979","-0.258","99251","4","12971","없음","없음","1055","101","57709","높음","0.95","0.05","0.35","56985","66751","43280","2472","0.2593","0.1481","0.5556","0.037","0","0","0"
"X","lg통돌이세탁기15kg","디지털/가전>생활가전","O","O","0.83","1470","1398","-0.049","3983","2880","-0.2769","15389","7","1693","없음","없음","1216","187","600132","높음","1","0","0.125","525280","18390","7710","681","0.1481","0","0.7407","0.1111","0","0","0"
"X","논보틀구강세정기","디지털/가전>생활가전","X","X","0.29","710","594","-0.1634","2384","2398","0.0059","24759","5","8409","있음","5,6","203","172","49659","중간","0.65","0.35","0","49600","39187","17223","1451","0.2963","0.3333","0.2963","0.0741","1","1","1"
"X","w21wam","디지털/가전>생활가전","X","O","0.16","2110","1515","-0.282","6757","7211","0.0672","5310","10","1593","있음","9,10,11","335","2","3403911","높음","1","0","0.025","1730348","9351","2035","346","0.4444","0","0.5185","0.037","1","1","1"
"X","아이프리보풀제거기","디지털/가전>생활가전","O","O","0.37","1930","3722","0.9285","3282","13122","2.9982","36670","11","6852","있음","1,2,3,10,11,12","717","54","38120","높음","0.95","0.05","0.375","37700","110007","34258","4074","0.4074","0.1852","0.2593","0.1481","0","0","0"
"X","lg스타일러5벌","디지털/가전>생활가전","O","O","3.14","2330","2401","0.0305","6295","6310","0.0024","29372","1","4443","없음","없음","7324","1","1378851","높음","1","0","0.5","1434895","2628","1064","82","0.2813","0","0.625","0.0938","6","6","2"
"X","유무선전화기","디지털/가전>생활가전","X","O","16.9","1420","1401","-0.0134","5236","4653","-0.1113","25070","1","2727","없음","없음","24004","9897","127453","높음","1","0","0.225","113698","7672","1532","284","0.4815","0.1481","0.2222","0.1481","0","0","0"
"X","위닉스미니건조기","디지털/가전>생활가전","O","O","0.12","6350","6214","-0.0214","15260","14017","-0.0815","111194","5","12368","없음","없음","731","23","404504","높음","0.975","0.025","0.125","378166","15791","3987","584","0.3333","0.0741","0.4815","0.1111","0","0","0"
"X","wa2525","디지털/가전>생활가전","X","O","7.28","810","0","","3008","0","","0","","0","없음","없음","5899","0","3557848","높음","1","0","0.35","3952558","4448","1489","123","0.2778","0","0.6944","0.0278","1","1","1"
"X","의류관리기","디지털/가전>생활가전","X","O","30.93","2830","3531","0.2477","7476","10766","0.4401","68666","1","8026","없음","없음","87544","39706","1036506","높음","1","0","0.675","306508","1697","497","62","0.2593","0.1852","0.1481","0.4074","107","15","10"
"X","fy9wtb","디지털/가전>생활가전","X","O","0.26","950","0","","3270","0","","5","11","5","있음","11","248","0","646103","높음","1","0","0.025","615749","5350","616","152","0.0286","0","0.9714","0","0","0","0"
"X","tr13ml2","디지털/가전>생활가전","X","O","0.29","1580","1594","0.0089","5339","4577","-0.1427","32478","1","3675","없음","없음","453","1","422812","높음","1","0","0.025","382176","34509","7693","1278","0.2963","0","0.4444","0.2593","473","448","68"
"O","f17itp","디지털/가전>생활가전","X","X","0.19","740","0","","815","0","","0","","0","없음","없음","140","2","908820","중간","1","0","0.025","755033","9682","6692","268","0.3333","0","0.6667","0","0","0","0"
"X","rg20wn","디지털/가전>생활가전","X","O","0.27","1340","1537","0.147","3647","9021","1.4735","3182","11","1059","있음","10,11,12","363","0","1285219","높음","1","0","0.025","1307266","16079","4024","472","0.4706","0","0.4706","0.0588","191","191","96"
"X","중고건조기","디지털/가전>생활가전","X","O","9.75","1180","1231","0.0432","3239","3115","-0.0383","17129","7","1695","없음","없음","11502","7112","426367","높음","0.95","0.05","0","232218","32264","10469","896","0.1667","0.1944","0.6389","0","0","0","0"
"X","무선스팀다리미","디지털/가전>생활가전","O","O","11.27","1880","1468","-0.2191","5968","3941","-0.3396","27359","4","3557","없음","없음","21194","12364","62725","높음","0.975","0.025","0.5","43492","67950","43301","2516","0.5185","0.2963","0.037","0.1481","4","2","1"
"X","sc5mbr80a","디지털/가전>생활가전","X","O","0.35","2060","0","","4692","0","","0","","0","없음","없음","723","0","1186130","높음","1","0","0.025","1537411","686","244","19","0.1667","0","0.6944","0.1389","7","3","1"
"X","무타공도어락들락날락","디지털/가전>생활가전","X","O","0.01","3100","0","","8940","0","","270","12","178","있음","11,12","31","0","105241","높음","1","0","0","97554","29457","6871","1091","0.8148","0.037","0.1481","0","0","0","0"
"X","일체형세탁건조기","디지털/가전>생활가전","X","O","1.91","3740","4160","0.1123","10963","10643","-0.0292","89656","3","20702","있음","2,3","7150","3645","2599433","높음","0.975","0.025","0.1","1350314","12056","2029","446","0.5556","0","0.2222","0.2222","757","616","126"
"X","fg21en","디지털/가전>생활가전","X","O","0.65","940","1273","0.3543","3521","3472","-0.0139","4936","1","672","없음","없음","610","0","2392349","중간","0.875","0.125","0.05","2156201","4606","1483","131","0.6286","0","0.1714","0.2","285","191","41"
"X","t21ez9","디지털/가전>생활가전","X","O","0.55","830","0","","2319","0","","0","","0","없음","없음","459","0","1040507","높음","1","0","0.025","657259","33181","7710","921","0.4722","0.0833","0.4167","0.0278","212","212","212"
"X","wd90f25chy","디지털/가전>생활가전","X","O","0.13","3150","0","","10715","0","","0","","0","없음","없음","408","0","1051207","높음","1","0","0.025","1980024","8674","2128","247","0.2571","0.1429","0.6","0","0","0","0"
"X","베스틴도어락","디지털/가전>생활가전","O","O","0.12","4320","4783","0.1072","15853","14068","-0.1126","58570","11","5850","없음","없음","510","17","363970","높음","1","0","0.35","289457","1683","475","62","0.8519","0.037","0.1111","0","0","0","0"
"X","삼성세탁건조기","디지털/가전>생활가전","O","O","19.72","3660","4236","0.1574","9969","8180","-0.1795","206716","3","51625","있음","3,4","72173","6372","1502101","높음","1","0","0.525","2109823","13475","5834","499","0.5926","0","0.2593","0.1481","0","0","0"
"X","아파트도어락","디지털/가전>생활가전","X","O","42.61","930","985","0.0591","2973","2455","-0.1742","7691","8","847","없음","없음","39628","13018","103098","높음","1","0","0.05","106916","31428","6878","1164","0.7778","0","0.1111","0.1111","0","0","0"
"X","lg트롬세탁기","디지털/가전>생활가전","O","O","23.26","3720","3540","-0.0484","12599","11012","-0.126","63427","1","6019","없음","없음","86544","43","1093871","높음","1","0","0.575","785769","8871","1899","305","0.5172","0","0.3103","0.1724","2","2","0"
"X","삼성통돌이세탁기16kg","디지털/가전>생활가전","O","O","0.34","1210","1129","-0.0669","4182","2798","-0.3309","24061","8","2519","없음","없음","407","0","541059","높음","0.95","0.05","0","470781","25060","7698","928","0.2963","0","0.6667","0.037","450","450","450"
"X","미니스타일러","디지털/가전>생활가전","O","O","10.4","1570","1545","-0.0159","4086","6916","0.6926","32911","12","3800","없음","없음","16330","9752","132887","높음","0.825","0.175","0","71218","45765","43300","1578","0.1724","0.2759","0.1034","0.4483","443","331","34"
"X","푸시풀도어락","디지털/가전>생활가전","X","O","7.93","1490","1705","0.1443","4631","4932","0.065","22922","11","2283","없음","없음","11810","1549","205172","높음","1","0","0.1","146710","13718","2524","508","0.7778","0.037","0.037","0.1481","0","0","0"
"X","공부스탠드","디지털/가전>생활가전","O","O","50.55","1520","1565","0.0296","5100","5331","0.0453","38096","4","6938","있음","1,2,3,4","76833","25176","63158","높음","1","0","0.275","27630","59473","16387","2202","0.5556","0.2593","0.1852","0","0","0","0"
"X","밀레도어락","디지털/가전>생활가전","O","O","0.6","4210","4263","0.0126","13958","11999","-0.1403","47726","8","5234","없음","없음","2506","9","67683","높음","1","0","0.225","87380","8146","2952","301","0.8519","0","0.1481","0","0","0","0"
"O","세탁소용보풀제거기","디지털/가전>생활가전","X","O","8.51","930","8222","7.8409","3792","130675","33.4607","12268","2","4815","있음","2,11,12","7911","1576","36293","높음","1","0","0.25","31815","81233","34255","3008","0.4444","0.2222","0.1852","0.1481","0","0","0"
"X","dv21dg8600bw","디지털/가전>생활가전","X","O","0.29","1790","0","","3944","0","","0","","0","없음","없음","516","0","509329","높음","1","0","0.025","1541363","4664","2185","172","0","0.3704","0.6296","0","0","0","0"
"X","f17htp","디지털/가전>생활가전","X","X","0.51","970","0","","3313","0","","0","","0","없음","없음","496","0","818469","높음","1","0","0.025","546250","28522","7710","792","0.3889","0.1389","0.4444","0.0278","191","191","191"
"X","uv살균기","디지털/가전>생활가전","X","O","72.95","2160","2370","0.0972","6879","6744","-0.0196","37772","3","5350","없음","없음","157566","68971","53876","높음","1","0","0.125","64385","3776","1029","139","0.1852","0.0741","0.4815","0.2593","680","340","97"
"X","신발세탁기","디지털/가전>생활가전","X","O","57.25","3680","3310","-0.1005","10261","8857","-0.1368","40821","7","4877","없음","없음","210698","108515","111440","높음","0.3","0.7","0.025","90833","9902","6298","341","0.1379","0.1379","0.0345","0.6897","174","52","9"
"O","wf24t8500kv","디지털/가전>생활가전","X","O","0.08","2640","3987","0.5102","4608","6248","0.3559","25265","3","2918","없음","없음","209","0","1250309","중간","1","0","0.025","1040798","39406","7695","1125","0.6","0.0571","0.3143","0.0286","0","0","0"
"X","삼성건조기9kg","디지털/가전>생활가전","O","O","1.32","1640","1270","-0.2256","4603","2870","-0.3765","35771","2","4654","없음","없음","2165","19","621907","높음","0.975","0.025","0.2","684483","13928","5836","480","0.3103","0","0.5517","0.1379","0","0","0"
"X","책상스텐드","디지털/가전>생활가전","O","O","1466.05","1130","1233","0.0912","3544","4044","0.1411","23282","2","2994","없음","없음","1656641","536242","60615","높음","1","0","0.275","24842","60079","16396","2225","0.5926","0.3333","0.0741","0","0","0","0"
"X","sync도어락","디지털/가전>생활가전","O","O","0.25","3400","3416","0.0047","11514","11141","-0.0324","53199","7","5276","없음","없음","864","49","66312","높음","1","0","0","67479","20872","6873","773","0.2963","0.0741","0.5185","0.1111","0","0","0"
"X","구강세정기추천","디지털/가전>생활가전","X","O","31.83","3370","3191","-0.0531","11261","9256","-0.178","51639","1","5126","없음","없음","107253","43889","73309","높음","0.975","0.025","0.5","56099","62992","17223","2333","0.5185","0.2222","0.037","0.2222","163","55","27"
"X","비스포크ai콤보","디지털/가전>생활가전","O","X","0.26","8360","10633","0.2719","21050","14178","-0.3265","232125","3","62998","있음","3,4","2188","2","3430838","높음","1","0","0.125","3002630","3579","2031","132","0.4074","0","0.5926","0","0","0","0"
"X","통돌이세탁기20kg","디지털/가전>생활가전","O","O","0.22","2580","2433","-0.057","8547","6971","-0.1844","28508","8","2694","없음","없음","570","165","774302","높음","0.975","0.025","0.125","820369","18788","7695","647","0.3793","0","0.3103","0.3103","659","449","73"
"X","wf25dg8650bw","디지털/가전>생활가전","X","O","0.33","1620","0","","3935","0","","0","","0","없음","없음","528","0","522141","높음","1","0","0.025","1336580","13735","6457","392","0.3714","0","0.6286","0","0","0","0"
"X","아쿠아픽구강세정기","디지털/가전>생활가전","O","O","0.22","4330","4855","0.1212","15641","12635","-0.1922","80367","1","10050","없음","없음","932","33","57884","높음","1","0","0.25","67825","75873","17223","2810","0.6296","0.0741","0.2963","0","0","0","0"
"X","w2520wzm","디지털/가전>생활가전","X","O","0.19","2420","0","","7538","0","","0","","0","없음","없음","453","0","3469204","높음","1","0","0.025","1899746","12527","3062","357","0.5429","0.0857","0.3429","0.0286","1","1","1"
"X","미닉스미니건조기","디지털/가전>생활가전","O","O","0.11","10110","16387","0.6209","27103","32559","0.2013","196715","7","22103","없음","없음","1080","66","179521","높음","0.8","0.2","0.05","298990","26426","3987","978","0.2593","0.1111","0.5556","0.0741","1","1","1"
"X","칫솔건조기","디지털/가전>생활가전","X","O","62.14","1050","1162","0.1067","3297","3324","0.0082","18191","2","1852","없음","없음","65243","23629","31258","높음","1","0","0.625","28749","57477","19743","2128","0.4074","0.4815","0.0741","0.037","0","0","0"
"X","스팀다리미스탠드","디지털/가전>생활가전","O","O","13.47","2520","1850","-0.2659","7331","4952","-0.3245","39660","5","5725","없음","없음","33942","15508","97365","높음","1","0","0.325","92085","58086","43308","2151","0.6296","0.1852","0.037","0.1481","0","0","0"
"X","침대독서등","디지털/가전>생활가전","X","O","67.12","1840","2481","0.3484","5560","8812","0.5849","31246","1","4389","없음","없음","123498","65249","23023","높음","1","0","0.025","23049","36040","16394","1334","0.4815","0.4074","0","0.1111","189","189","63"
"X","lg세탁기건조기세트","디지털/가전>생활가전","X","O","17.64","1240","1894","0.5274","3241","4703","0.4511","7058","1","1181","있음","1,2,3,4,7","21874","294","2278121","높음","1","0","0.825","2149037","6081","1489","209","0.7931","0","0.1034","0.1034","79","46","26"
"O","충전식보풀제거기","디지털/가전>생활가전","X","X","121.72","340","1606","3.7235","2206","70800","31.0943","2134","12","988","있음","12","41385","12663","30129","높음","1","0","0.55","24575","67015","34260","2482","0.4815","0.2963","0.1111","0.1111","0","0","0"
"X","f12wva","디지털/가전>생활가전","X","O","0.89","1390","1370","-0.0144","4360","4343","-0.0039","12413","3","1238","없음","없음","1236","1","196670","높음","0.925","0.075","0.05","793318","7326","1899","215","0.1765","0","0.8235","0","0","0","0"
"O","보풀기","디지털/가전>생활가전","X","O","64.91","70","226","2.2286","1009","13067","11.9504","1439","1","283","있음","1,2,3,11,12","4544","722","23264","중간","1","0","0","20794","97221","34264","3600","0.4074","0.3333","0.2593","0","0","0","0"
"X","두더지퇴치기","디지털/가전>생활가전","X","O","5.99","3140","2073","-0.3398","12812","6310","-0.5075","51833","4","7687","없음","없음","18796","8862","26412","높음","0.925","0.075","0.025","22575","2591","734","95","0.1111","0.4444","0.2963","0.1481","0","0","0"
"O","글리너보풀제거기","디지털/가전>생활가전","O","X","0.23","4230","7286","0.7225","5290","67750","11.8072","40060","12","12945","있음","1,12","988","680","43078","중간","0.425","0.575","0","32200","5456","3496","202","0.037","0.1852","0.2593","0.5185","209","84","15"
"X","s3bof","디지털/가전>생활가전","X","O","0.93","1180","1399","0.1856","3647","2803","-0.2314","26994","7","3467","없음","없음","1101","2","290184","높음","0.875","0.125","0.05","545281","594","244","19","0.129","0.0323","0.8065","0.0323","0","0","0"
"O","브리즈케어","디지털/가전>생활가전","O","O","1.24","10000","196062","18.6062","13409","385536","27.752","16659","11","7034","있음","10,11,12","12419","2748","56942","중간","0.75","0.25","0","68202","48043","38162","1501","0.2188","0.125","0.2188","0.4375","23","16","2"
"X","슈드레서","디지털/가전>생활가전","X","O","5.1","2610","2821","0.0808","8171","8571","0.049","52165","1","5744","없음","없음","13314","8646","257305","높음","0.7","0.3","0.125","246144","605","257","22","0.1481","0.037","0.037","0.7778","242","30","12"
"X","공업용미싱","디지털/가전>생활가전","X","O","31.12","2010","1991","-0.0095","6399","6341","-0.0091","37764","3","3901","없음","없음","62553","26536","489248","높음","1","0","0","476960","571","221","21","0.1852","0.037","0.4815","0.2963","23","16","3"
"X","스마트도어락","디지털/가전>생활가전","O","O","19.68","3150","2979","-0.0543","11135","10231","-0.0812","37238","5","4247","없음","없음","61982","31529","174924","높음","1","0","0.05","125945","30415","6871","1126","0.7037","0.1111","0.037","0.1481","0","0","0"
"X","wf2420hceec","디지털/가전>생활가전","X","O","0.24","1550","1478","-0.0465","4104","3881","-0.0543","21578","1","3147","없음","없음","365","0","1571410","높음","1","0","0.025","1174346","6853","2038","190","0.1667","0","0.8333","0","0","0","0"
"X","무전기무전기스토리","디지털/가전>생활가전","X","O","1.37","2280","0","","6438","0","","259","12","259","있음","12","3113","43","218412","높음","1","0","0","80944","978","261","36","0.0741","0.037","0.6667","0.2222","84","33","14"
"X","휴대용스팀다리미","디지털/가전>생활가전","X","O","39.58","2240","1741","-0.2228","8286","7234","-0.127","21648","4","2494","없음","없음","88652","50229","46531","높음","1","0","0.475","34600","71896","43296","2662","0.4815","0.3704","0.1111","0.037","0","0","0"
"O","f9wt","디지털/가전>생활가전","X","O","1.12","450","630","0.4","1471","2160","0.4684","2720","11","777","있음","9,10,11,12","503","0","384571","높음","1","0","0.025","482782","2117","889","68","0.0645","0","0.9355","0","0","0","0"
"X","lg건조기렌탈","디지털/가전>생활가전","X","O","23","850","1196","0.4071","4189","9510","1.2702","18547","1","2950","없음","없음","19546","3","45815","높음","1","0","0","1007290","10131","2163","375","0.4815","0","0.3333","0.1852","0","0","0"
"X","rh10wtw","디지털/가전>생활가전","X","O","0.56","1080","1094","0.013","2752","2397","-0.129","7237","9","1255","있음","4,8,9,10,11","609","0","430151","높음","0.975","0.025","0.05","767669","10389","5836","371","0.25","0","0.75","0","0","0","0"
"O","날파리퇴치기","디지털/가전>생활가전","X","O","35.01","1760","1744","-0.0091","8209","1415","-0.8276","41042","7","9618","있음","5,6,7,8","61618","18504","47750","높음","1","0","0.1","18005","101716","25721","3767","0.4074","0.2963","0.1481","0.1481","0","0","0"
"X","미니스팀다리미","디지털/가전>생활가전","X","O","28.54","2130","1923","-0.0972","6851","4646","-0.3219","19810","4","2886","없음","없음","60784","32962","42441","높음","1","0","0.325","33314","62445","43271","2312","0.5556","0.2963","0.1111","0.037","0","0","0"
"X","어린이전동칫솔","디지털/가전>생활가전","X","O","8.56","1540","1623","0.0539","5480","4942","-0.0982","34551","1","3769","없음","없음","13178","6581","45424","높음","1","0","0.2","30015","63241","17205","2342","0.5926","0.0741","0.2593","0.0741","1","1","1"
"X","통돌이세탁기12kg","디지털/가전>생활가전","O","O","4.47","910","991","0.089","2703","2588","-0.0425","9251","7","891","없음","없음","4067","1467","359950","높음","1","0","0.075","427190","29270","7707","1084","0.2593","0","0.5926","0.1481","0","0","0"
"O","가정용미싱","디지털/가전>생활가전","X","O","138.24","1620","1814","0.1198","5124","5069","-0.0107","27602","5","2855","없음","없음","223952","129718","379707","높음","1","0","0.3","139883","22338","8724","827","0.4074","0.2222","0.2593","0.1111","1039","783","346"
"X","도어락커버","디지털/가전>생활가전","X","O","60.32","1040","1129","0.0856","3558","3085","-0.1329","17777","7","1933","없음","없음","62733","23700","16683","높음","0.975","0.025","0.025","13713","2404","601","89","0.1111","0.1481","0.5926","0.1481","0","0","0"
"X","f15wqwp","디지털/가전>생활가전","X","O","0.36","1500","1581","0.054","8599","7586","-0.1178","49176","1","5047","없음","없음","537","0","420137","높음","1","0","0.1","819238","27006","7697","1000","0.3333","0","0.6667","0","0","0","0"
"X","스텐드조명","디지털/가전>생활가전","X","O","276.45","6430","6993","0.0876","18701","22648","0.2111","2631","1","295","없음","없음","1777582","731018","49281","높음","1","0","0.225","23994","51698","16394","1914","0.5556","0.2963","0.0741","0.0741","189","189","95"
"X","삼성세탁기건조기세트","디지털/가전>생활가전","O","O","12.95","1240","1497","0.2073","3858","2686","-0.3038","64519","1","17666","있음","1,2,3","16061","182","2012657","높음","1","0","0.625","2060661","9800","2037","362","0.6296","0","0.3704","0","0","0","0"
"X","얼굴인식도어락","디지털/가전>생활가전","X","O","3.51","1590","1943","0.222","6954","8929","0.284","20400","2","2481","없음","없음","5588","3376","327545","높음","0.975","0.025","0.225","277339","1702","584","63","0.2963","0","0.5185","0.1852","0","0","0"
"X","dv21dg8600bv","디지털/가전>생활가전","X","O","0.35","1390","0","","3229","0","","0","","0","없음","없음","491","0","335641","높음","1","0","0.025","1320100","7977","5834","295","0.2963","0","0.7037","0","0","0","0"
"X","드럼세탁기9kg","디지털/가전>생활가전","X","O","5.66","1260","1327","0.0532","4389","4093","-0.0674","25882","3","2615","없음","없음","7129","594","466632","높음","1","0","0.475","468746","2597","616","96","0.1111","0","0.8889","0","0","0","0"
"X","삼성비스포크세탁기","디지털/가전>생활가전","O","O","5","4080","4603","0.1282","11642","10228","-0.1215","48607","4","5912","없음","없음","20407","35","2388327","높음","1","0","0.3","1494991","16243","6451","601","0.8148","0","0.1852","0","0","0","0"
"X","wf25cb8895be","디지털/가전>생활가전","X","O","0.14","2060","2108","0.0233","7244","6234","-0.1394","24140","1","3155","없음","없음","283","0","1916873","높음","1","0","0.025","1980332","12382","6457","353","0.2857","0","0.7143","0","0","0","0"
"X","신발살균기","디지털/가전>생활가전","X","O","15.06","3010","2814","-0.0651","6534","8101","0.2398","21027","3","2205","없음","없음","45330","24429","346278","높음","0.9","0.1","0.1","65884","11969","2655","332","0.3611","0.1944","0.3611","0.0833","26","23","9"
"X","필립스소닉케어","디지털/가전>생활가전","O","O","6.2","2790","3431","0.2297","8829","9189","0.0408","45639","2","4867","없음","없음","17303","10378","120296","높음","1","0","0.7","100935","51086","8192","1892","0.8148","0","0","0.1852","2","2","0"
"X","t18wx7","디지털/가전>생활가전","X","O","0.77","830","815","-0.0181","2194","1738","-0.2078","7042","8","843","없음","없음","638","0","617983","중간","1","0","0.025","763782","26201","7706","748","0.2571","0.0286","0.7143","0","0","0","0"
"X","강화유리도어락","디지털/가전>생활가전","X","O","25.06","540","566","0.0481","1818","1816","-0.0011","9721","3","934","없음","없음","13530","1164","56185","높음","1","0","0","63590","3111","823","115","0.4815","0.0741","0.3333","0.1111","0","0","0"
"X","여행용다리미","디지털/가전>생활가전","X","O","22.19","2680","1599","-0.4034","8057","3360","-0.583","33202","9","5697","있음","8,9,10","59469","32038","51657","높음","1","0","0.3","31088","19919","4520","737","0.4815","0.2222","0.1111","0.1852","2","2","0"
"X","벽걸이세탁기","디지털/가전>생활가전","X","O","52.39","1300","1106","-0.1492","4317","3214","-0.2555","23818","7","2322","없음","없음","68109","29548","725516","높음","0.825","0.175","0","350892","7051","5405","261","0.1111","0.1481","0.037","0.7037","23","13","1"
"O","보풀제거","디지털/가전>생활가전","X","X","115.25","1450","1994","0.3752","3860","8596","1.2269","25351","1","3839","없음","없음","167116","42362","3343","높음","1","0","0.85","14931","60601","34266","2244","0.3704","0.2963","0.2593","0.0741","19","19","10"
"X","코스트코스팀다리미","디지털/가전>생활가전","X","O","0.09","3510","2289","-0.3479","10464","12114","0.1577","6913","12","1003","없음","없음","302","25","86617","중간","1","0","0","99733","48799","43273","1807","0.1111","0.1111","0.7037","0.0741","0","0","0"
"X","lg세탁기건조기일체형","디지털/가전>생활가전","X","O","0.45","2540","1618","-0.363","6962","3307","-0.525","145778","3","31979","있음","2,3","1141","190","2024057","높음","1","0","0.05","1849121","9004","1486","310","0.4828","0","0.3793","0.1379","0","0","0"
"X","운동화세탁기","디지털/가전>생활가전","X","O","15.98","5360","4073","-0.2401","14705","10139","-0.3105","74763","4","8588","없음","없음","85660","40779","108496","높음","0.275","0.725","0","95633","5866","2953","183","0.0313","0.1563","0.0625","0.75","271","52","11"
"O","필립스보풀제거기","디지털/가전>생활가전","O","O","0.77","1470","2310","0.5714","2723","8706","2.1972","32104","1","5547","있음","1,2,3,10,11,12","1139","255","26952","높음","0.95","0.05","0.075","24844","53906","34256","1497","0.2778","0.1111","0.3889","0.2222","2","2","0"
"X","가정용모기퇴치기","디지털/가전>생활가전","X","O","31.53","2490","2062","-0.1719","7360","1378","-0.8128","44129","6","15709","있음","6","78512","28718","39590","높음","1","0","0.075","24000","74135","21615","2745","0.2222","0.6667","0.1111","0","0","0","0"
"O","보플제거","디지털/가전>생활가전","X","O","0","0","","","","","","5454","12","793","없음","없음","158174","36213","4261","낮음","1","0","0.825","17322","72273","34258","2676","0.4074","0.3333","0.2222","0.037","0","0","0"
"X","은성스팀다리미","디지털/가전>생활가전","O","O","0.23","2770","2077","-0.2502","8037","4656","-0.4207","49487","4","6216","없음","없음","650","77","147903","높음","0.975","0.025","0.15","167639","1121","251","41","0","0.0741","0.7778","0.1481","3","3","1"
"X","wl21wdu","디지털/가전>생활가전","X","O","0.23","1480","1459","-0.0142","5214","5801","0.1126","25384","1","3444","없음","없음","336","0","3241877","높음","1","0","0.15","2788835","8187","2033","303","0.3704","0","0.5926","0.037","1","1","1"
"O","f9wtb","디지털/가전>생활가전","X","O","0.57","560","441","-0.2125","2213","1875","-0.1527","4964","10","1171","있음","8,9,10,11,12","318","2","543609","높음","1","0","0.025","550707","3195","342","118","0.037","0","0.9259","0.037","0","0","0"
"X","wd80f25chy","디지털/가전>생활가전","X","X","0.1","2400","0","","7983","0","","0","","0","없음","없음","230","0","1722408","중간","1","0","0.025","1571805","25060","5679","696","0.3056","0","0.6944","0","0","0","0"
"X","원룸세탁기","디지털/가전>생활가전","X","O","35.45","2320","2430","0.0474","7724","7635","-0.0115","38944","3","3909","없음","없음","82233","47868","483778","높음","1","0","0.4","357994","17360","5403","642","0.1481","0","0.7037","0.1481","0","0","0"
"X","스탠드조명","디지털/가전>생활가전","X","O","131.52","13520","15129","0.119","41264","48579","0.1773","302335","1","31697","없음","없음","1778135","730986","49281","높음","1","0","0.225","26275","54006","16393","2000","0.4815","0.2593","0.1481","0.1111","203","188","68"
"X","핸디스팀다리미","디지털/가전>생활가전","X","O","39.8","2180","1809","-0.1702","6453","4476","-0.3064","46778","5","5793","없음","없음","86766","38694","59418","높음","1","0","0.525","39819","81723","43278","3026","0.6296","0.3333","0.037","0","0","0","0"
"X","lg세탁건조기","디지털/가전>생활가전","X","O","33.43","2800","3308","0.1814","7028","5413","-0.2298","151938","3","74322","있음","3","93603","10552","2285650","높음","1","0","0.15","1837011","12535","2160","348","0.6667","0","0.3056","0.0278","0","0","0"
"O","ww90t3000kw","디지털/가전>생활가전","X","O","0.49","1670","1695","0.015","5375","4272","-0.2052","26308","8","2759","없음","없음","815","0","387376","높음","1","0","0.025","896836","1184","265","38","0.0323","0.0968","0.8387","0.0323","107","107","107"
"X","ta25gz9","디지털/가전>생활가전","X","O","0.41","1250","0","","4438","0","","0","","0","없음","없음","513","0","774588","높음","0.975","0.025","0.025","594853","12779","2388","354","0.1667","0.0278","0.75","0.0556","292","292","146"
"O","삼성통돌이세탁기21kg","디지털/가전>생활가전","O","O","0.16","880","765","-0.1307","3453","2805","-0.1877","15696","5","1704","없음","없음","144","0","157807","중간","1","0","0","728519","25148","7695","931","0.3704","0","0.6296","0","0","0","0"
"O","미니세탁기소형","디지털/가전>생활가전","X","O","197.53","1030","0","","3960","0","","0","","0","없음","없음","203452","127330","212586","중간","0.975","0.025","0.25","68682","3056","1440","113","0.037","0.2593","0.1481","0.5556","304","207","20"
"O","lg통돌이세탁기25kg","디지털/가전>생활가전","O","O","1.4","810","778","-0.0395","2918","2710","-0.0713","3805","6","434","없음","없음","1130","7","937924","높음","0.975","0.025","0.075","1037080","6215","2388","230","0.2222","0","0.6667","0.1111","448","448","149"
"X","wl21egzu","디지털/가전>생활가전","X","O","0.16","1750","3044","0.7394","5225","9354","0.7902","32257","1","12027","있음","1","285","0","3689490","높음","1","0","0.2","2579725","13035","2031","383","0.6176","0","0.2941","0.0882","192","191","64"
"X","벤큐헤일로2","디지털/가전>생활가전","O","X","0.03","1800","0","","5060","0","","0","","0","없음","없음","61","34","341712","중간","0.35","0.65","0","217450","3296","1791","103","0.5938","0.1875","0.125","0.0938","0","0","0"
"X","삼성건조기21kg","디지털/가전>생활가전","O","O","2.44","1120","1210","0.0804","2181","1046","-0.5204","6372","3","1375","있음","1,2,3","2728","2","608252","높음","0.975","0.025","0.025","1652017","12223","5834","452","0.3333","0","0.6667","0","0","0","0"
"X","모기트랩","디지털/가전>생활가전","X","O","35.08","2140","1638","-0.2346","5125","1791","-0.6505","35857","6","9780","있음","5,6,7","75074","24118","41221","높음","1","0","0.175","30194","46342","12703","1716","0.4074","0.3704","0.1481","0.0741","191","184","96"
"X","필립스구강세정기","디지털/가전>생활가전","O","O","1.03","2300","2688","0.1687","8051","7417","-0.0787","35951","1","3678","없음","없음","2364","1389","113747","높음","0.925","0.075","0.225","92248","53061","17208","1965","0.4444","0.1111","0.3333","0.1111","11","11","4"
"X","f9wtbq","디지털/가전>생활가전","X","O","0.53","820","919","0.1207","3437","5010","0.4577","4527","10","1228","있음","9,10,11,12","435","0","480192","높음","0.975","0.025","0.025","536646","4443","524","130","0.0294","0","0.9706","0","0","0","0"
"X","삼성세탁기건조기일체형","디지털/가전>생활가전","O","O","0.33","3470","1639","-0.5277","9366","3301","-0.6476","103522","3","15783","없음","없음","1159","0","2327251","높음","1","0","0.075","2127629","16883","6455","625","0.7407","0","0.2593","0","0","0","0"
"X","건조기세탁기","디지털/가전>생활가전","X","O","531.27","2400","2459","0.0246","6683","6283","-0.0599","35720","3","4401","없음","없음","1275049","413515","1927934","높음","1","0","0.575","1395424","14762","5836","546","0.6296","0","0.1852","0.1852","0","0","0"
"X","스타일러5벌","디지털/가전>생활가전","O","O","2.8","2680","3798","0.4172","7110","11557","0.6255","34573","2","4958","없음","없음","7494","38","1356279","높음","1","0","0.4","1599943","5086","3635","158","0.3125","0","0.625","0.0625","0","0","0"
"O","올인원세탁건조기","디지털/가전>생활가전","X","O","1.95","2320","2144","-0.0759","6177","4666","-0.2446","43529","3","13722","있음","3","4527","1033","2407175","높음","0.975","0.025","0.5","1583940","7669","2033","284","0.5185","0","0.3333","0.1481","0","0","0"
"X","도어록","디지털/가전>생활가전","X","O","843.58","1180","1157","-0.0195","4028","3491","-0.1333","35225","7","3432","없음","없음","995424","191298","138136","높음","1","0","0.125","72540","57087","19645","2114","0.8148","0.037","0.1111","0.037","0","0","0"
"O","lg통돌이세탁기16kg","디지털/가전>생활가전","O","O","2.23","850","699","-0.1776","3829","2478","-0.3528","24501","8","2920","없음","없음","1895","39","575067","높음","1","0","0.175","493153","16803","7697","600","0.25","0","0.6786","0.0714","742","449","371"
"O","tr12wl","디지털/가전>생활가전","X","O","0.63","820","619","-0.2451","3431","2450","-0.2859","26379","5","2861","없음","없음","519","0","388594","높음","0.975","0.025","0.025","419301","24202","5404","930","0.1154","0","0.8462","0.0385","292","292","292"
"X","rd22gs","디지털/가전>생활가전","X","O","0.85","1040","1342","0.2904","2936","4573","0.5576","9802","7","1241","없음","없음","882","0","1619469","중간","1","0","0.025","1377387","5680","2160","210","0.2222","0","0.7778","0","0","0","0"
"X","f17ctp","디지털/가전>생활가전","X","O","0.56","920","0","","3149","0","","0","","0","없음","없음","519","0","1090404","높음","1","0","0.025","621599","31284","6449","869","0.1944","0.0833","0.5833","0.1389","206","65","41"
"O","wf25d20ceep","디지털/가전>생활가전","X","O","0.13","1030","1670","0.6214","2854","4249","0.4888","12551","3","1815","없음","없음","137","0","2643859","높음","0.975","0.025","0.025","1950332","19341","6452","716","0.6667","0","0.3333","0","0","0","0"
"X","유니코도어락","디지털/가전>생활가전","O","O","1.26","2350","2216","-0.057","7958","6902","-0.1327","33051","7","3659","없음","없음","2952","7","73894","높음","1","0","0.15","96031","9034","4034","334","0.4074","0.037","0.5556","0","0","0","0"
"O","한샘칫솔살균기","디지털/가전>생활가전","O","O","0.48","1270","1435","0.1299","4571","4490","-0.0177","23669","1","2507","없음","없음","605","15","33739","높음","1","0","0.35","27044","20774","7502","769","0.3704","0.1852","0.3704","0.0741","1844","1843","922"
"X","fh25vax","디지털/가전>생활가전","X","O","0.35","1030","1475","0.432","2353","1817","-0.2278","7594","4","1030","없음","없음","356","0","2120819","높음","1","0","0.025","2621620","8053","2037","298","0.4815","0","0.4815","0.037","0","0","0"
"O","wf25cb8895bv","디지털/가전>생활가전","X","O","0.15","1480","1890","0.277","3654","4547","0.2444","9388","1","1300","없음","없음","229","4","1494592","중간","1","0","0.025","2011734","3362","2028","124","0.3333","0","0.6667","0","0","0","0"
"O","트롬세탁기렌탈","디지털/가전>생활가전","","","78.94","360","0","","360","0","","0","","0","없음","없음","28420","0","30575","높음","0.975","0.025","0.175","966715","12040","1783","445","0","0","1","0","0","0","0"
"X","wd80f25chw","디지털/가전>생활가전","X","X","0.11","2660","0","","7190","0","","0","","0","없음","없음","294","0","2553340","높음","1","0","0.025","1225059","3116","2062","86","0.3611","0.0556","0.5556","0.0278","0","0","0"
"O","업소용모기퇴치기","디지털/가전>생활가전","X","O","22.34","1560","0","","5121","237","-0.9537","20183","6","7568","있음","4,5,6","34856","11257","61511","높음","1","0","0.05","58047","47731","12725","1767","0.2593","0.4074","0.1111","0.2222","107","90","18"
"X","iot도어락","디지털/가전>생활가전","X","O","2.4","750","1083","0.444","2743","3457","0.2603","13131","11","1798","없음","없음","1798","396","280639","높음","1","0","0.275","169083","4798","1086","133","0.6389","0.1111","0.25","0","0","0","0"
"O","locpro도어락","디지털/가전>생활가전","O","O","0.4","1830","1818","-0.0066","6480","5863","-0.0952","29272","7","2912","없음","없음","726","25","130358","높음","1","0","0.175","129922","25871","6871","958","0.5185","0","0.4815","0","0","0","0"
"O","파파스탠드","디지털/가전>생활가전","O","O","8.35","2130","1902","-0.107","6713","6823","0.0164","62445","1","9916","없음","없음","17784","5833","51582","높음","1","0","0.075","59778","28280","7816","1087","0.4231","0","0.5","0.0769","0","0","0"
"X","휴대용독서등","디지털/가전>생활가전","X","O","24.58","1700","1995","0.1735","3902","5365","0.3749","9293","12","999","없음","없음","41793","14122","18876","높음","0.95","0.05","0.025","15940","12008","2608","461","0.3462","0.4231","0.0769","0.1538","0","0","0"
"X","통돌이","디지털/가전>생활가전","O","O","49.94","4460","4463","0.0007","15679","14977","-0.0448","67461","10","6216","없음","없음","222740","56361","549480","높음","1","0","0.55","426920","38242","7696","1416","0.4815","0.037","0.2593","0.2222","741","449","124"
"X","휴대용건조기","디지털/가전>생활가전","X","O","166.95","1110","7910","6.1261","5590","20167","2.6077","16420","11","6526","있음","11","185315","99275","93274","높음","0.525","0.475","0.025","59088","1428","329","52","0.1481","0.2963","0.0741","0.4815","415","329","32"
"O","미닉스건조기필터","디지털/가전>생활가전","O","O","0.38","1190","1781","0.4966","3934","4604","0.1703","13021","11","1609","없음","없음","456","10","10967","높음","0.925","0.075","0","12431","7002","930","194","0.0278","0.5278","0.4444","0","0","0","0"
"X","라문아물레또","디지털/가전>생활가전","O","O","0.16","3080","2720","-0.1169","11835","12496","0.0559","61576","1","8439","없음","없음","485","2","474749","높음","1","0","0.025","422958","1027","533","36","0.3214","0.0357","0.6429","0","0","0","0"
"X","삼성그랑데세탁기","디지털/가전>생활가전","O","O","10.14","2650","2755","0.0396","8373","7027","-0.1608","59890","1","7001","없음","없음","26880","7","1301078","높음","1","0","0.425","1058625","32228","7684","1193","0.7407","0","0.2593","0","0","0","0"
"O","sc5gmr5e","디지털/가전>생활가전","X","O","0.37","1010","2072","1.0515","3411","11178","2.277","5059","11","1586","있음","10,11,12","378","1","1491327","높음","1","0","0.025","793158","29262","7260","860","0.2647","0.0588","0.6471","0.0294","1","1","1"
"O","wa10cg5441bw","디지털/가전>생활가전","X","O","0.45","1050","1285","0.2238","3745","3658","-0.0232","16300","2","1710","없음","없음","475","0","263348","높음","0.975","0.025","0.025","438292","37550","7696","1390","0.1852","0.1111","0.6667","0.037","292","292","292"
"X","의류탈수기","디지털/가전>생활가전","X","X","26.99","800","356","-0.555","3453","1128","-0.6733","4069","7","764","있음","6,7,8,9","21594","13686","116933","높음","0.85","0.15","0.05","127811","4251","2306","157","0.1481","0.2593","0.3704","0.2222","217","211","36"
"X","스타일러가격","디지털/가전>생활가전","O","O","36.17","4160","4025","-0.0325","9070","11572","0.2759","10992","2","1374","없음","없음","150481","56290","1123901","높음","1","0","0.6","617798","14692","3635","544","0.5556","0.0741","0.2222","0.1481","52","34","13"
"O","f9wtq","디지털/가전>생활가전","X","O","0.79","600","564","-0.06","2031","1972","-0.029","3659","8","791","있음","7,8,9,10,11,12","471","0","401634","높음","1","0","0.025","568695","6369","889","187","0.0294","0","0.9706","0","0","0","0"
"O","fh25kax","디지털/가전>생활가전","X","O","0.37","890","4491","4.0461","3160","8826","1.793","5855","11","1941","있음","11","332","0","2333522","높음","1","0","0.025","2827433","868","315","24","0.0833","0","0.8889","0.0278","1","1","1"
"O","세탁소보풀제거기","디지털/가전>생활가전","X","X","6.6","2670","4802","0.7985","4601","22517","3.8939","18887","12","4784","있음","1,2,12","17633","4887","31377","높음","1","0","0.225","28933","87698","34255","3248","0.5185","0.1852","0.1852","0.1111","0","0","0"
"O","신일신발건조기","디지털/가전>생활가전","O","O","0.47","920","613","-0.3337","1072","20709","18.3181","1153","7","753","있음","7","428","19","1449102","높음","0.975","0.025","0.025","202857","7842","3524","290","0.2963","0.2222","0.4074","0.0741","0","0","0"
"X","엘지세탁기건조기세트","디지털/가전>생활가전","X","O","8.38","2640","3254","0.2326","7832","6567","-0.1615","66274","2","8399","없음","없음","22119","308","2317264","높음","1","0","0.85","1851634","8163","2029","302","0.6296","0","0.1852","0.1852","141","141","28"
"O","통돌이세탁기15kg","디지털/가전>생활가전","O","O","1.76","1380","2176","0.5768","3945","4099","0.039","12580","7","1327","없음","없음","2432","906","649148","높음","1","0","0.15","397250","19176","7685","710","0.2593","0","0.6296","0.1111","447","447","149"
"X","해충퇴치기","디지털/가전>생활가전","X","O","272.45","1830","1402","-0.2339","8485","2772","-0.6733","43943","6","12744","있음","5,6,7","498584","160513","41991","높음","1","0","0.125","35851","42440","12723","1571","0.2222","0.5926","0.0741","0.1111","1","1","0"
"O","jmw바디드라이어","디지털/가전>생활가전","X","O","0.02","1600","0","","3129","0","","0","","0","없음","없음","35","1","204873","높음","0.9714","0.0286","0","119924","27387","6029","944","0.4828","0.1724","0.2069","0.1379","432","425","108"
"O","t19mx7","디지털/가전>생활가전","X","O","1.33","940","1364","0.4511","2954","5995","1.0295","13180","11","1711","없음","없음","1247","0","370068","높음","1","0","0.025","738551","18724","2388","693","0.2222","0","0.7778","0","0","0","0"
"X","소형드럼세탁기","디지털/가전>생활가전","X","O","20.73","1270","1257","-0.0102","4687","3866","-0.1752","21931","1","2223","없음","없음","26333","16470","541017","높음","1","0","0.05","438090","2215","342","76","0.2414","0","0.5862","0.1724","20","20","4"
"X","사무실전화기","디지털/가전>생활가전","X","O","49.19","1120","1332","0.1893","4444","4523","0.0178","23606","1","2480","없음","없음","55088","11869","24864","높음","1","0","0.375","36013","27674","6893","1024","0.6667","0.0741","0.1481","0.1111","0","0","0"
"O","휴대용워터픽","디지털/가전>생활가전","O","O","0.41","1940","2126","0.0959","6150","5662","-0.0793","29293","8","3011","없음","없음","802","482","106118","높음","0.55","0.45","0.15","133931","8212","3939","304","0.2222","0.2593","0.4444","0.0741","27","27","14"
"X","목문도어락","디지털/가전>생활가전","X","O","48.73","770","874","0.1351","2523","5461","1.1645","15736","12","2322","없음","없음","37525","4756","63354","높음","1","0","0","58110","32007","19631","1185","0.7037","0.037","0.2222","0.037","0","0","0"
"X","휴대용구강세정기","디지털/가전>생활가전","X","O","19.75","2050","1853","-0.0961","6611","5708","-0.1366","23986","1","2500","없음","없음","40487","14543","69096","높음","0.95","0.05","0.45","32401","40991","17224","1138","0.2778","0.4722","0.1667","0.0833","88","62","29"
"X","싱거미싱","디지털/가전>생활가전","O","O","5.68","3370","3201","-0.0501","11420","10605","-0.0714","66084","5","6213","없음","없음","19125","9183","582759","높음","0.9","0.1","0.25","403976","1194","391","44","0.6296","0","0.2963","0.0741","8","7","4"
"O","아가사랑세탁기","디지털/가전>생활가전","O","O","0.45","2120","1647","-0.2231","6948","3541","-0.4904","28359","8","3823","없음","없음","960","68","374361","높음","1","0","0.125","444255","9574","3220","354","0.2593","0.1852","0.5556","0","0","0","0"
"X","어린이무전기","디지털/가전>생활가전","X","O","4.84","1420","1365","-0.0387","5081","6452","0.2698","25475","4","3627","없음","없음","6876","4924","57109","높음","0.825","0.175","0","45681","797","224","29","0.1111","0","0.3704","0.5185","166","76","12"
"O","운동화건조기","디지털/가전>생활가전","X","O","15.72","3410","3191","-0.0642","9039","9743","0.0779","49959","7","7402","없음","없음","53603","29412","82324","높음","0.95","0.05","0.125","32011","14048","5029","520","0.2593","0.1852","0.2963","0.2593","1","1","0"
"X","필립스전동칫솔모","디지털/가전>생활가전","O","O","4.22","1810","1639","-0.0945","6066","5272","-0.1309","31081","1","3115","없음","없음","7647","3308","13416","높음","0.975","0.025","0.075","47069","63591","9747","2355","0.7407","0","0.1111","0.1481","0","0","0"
"X","rd22ese","디지털/가전>생활가전","X","O","1.08","850","1030","0.2118","2729","3139","0.1502","17118","7","2046","없음","없음","915","0","1085429","높음","1","0","0.05","1109903","5364","2160","178","0.1667","0","0.8","0.0333","1","1","1"
"O","skk-atv","디지털/가전>생활가전","X","X","0.14","650","823","0.2662","2060","2308","0.1204","9340","3","936","없음","없음","89","6","57699","중간","0.975","0.025","0.025","1881018","4438","4026","126","0.0571","0","0.7143","0.2286","0","0","0"
"O","wf25dg8650bw2t","디지털/가전>생활가전","X","O","0.15","1040","0","","2029","0","","0","","0","없음","없음","154","0","2148237","높음","1","0","0.025","1568872","11623","2793","430","0.5926","0.037","0.3704","0","0","0","0"
"X","휴대용다리미","디지털/가전>생활가전","X","O","58.68","2480","1409","-0.4319","6716","2270","-0.662","30816","9","6174","있음","8,9,10","145535","74429","42418","높음","1","0","0.45","32193","67746","43275","2509","0.5926","0.2963","0.037","0.0741","0","0","0"
"X","wa18cg6k46bd","디지털/가전>생활가전","X","O","0.29","1010","953","-0.0564","3238","2404","-0.2576","18168","1","1811","없음","없음","296","0","501788","높음","0.975","0.025","0.025","580736","32478","7696","1082","0.2333","0.1","0.6667","0","0","0","0"
"O","디지털무전기","디지털/가전>생활가전","X","O","306.69","1340","1517","0.1321","3499","8042","1.2984","19443","4","2017","없음","없음","410968","131022","130114","높음","0.975","0.025","0.125","117374","940","225","34","0.037","0.1852","0.7037","0.0741","0","0","0"
"X","dv21dg8200bv","디지털/가전>생활가전","X","O","0.2","1280","0","","2377","0","","0","","0","없음","없음","251","0","1115982","높음","1","0","0","941461","13042","5836","483","0.4074","0","0.5926","0","0","0","0"
"O","rd22es","디지털/가전>생활가전","X","O","1.64","550","716","0.3018","1402","1180","-0.1583","15145","5","1959","없음","없음","904","0","1994789","중간","1","0","0.025","1086602","4388","2160","162","0.0741","0","0.9259","0","0","0","0"
"O","삼성건조기17kg","디지털/가전>생활가전","O","O","3.15","840","1302","0.55","1926","2581","0.3401","14735","6","1840","없음","없음","2644","0","717532","높음","0.975","0.025","0.175","981399","16408","5836","607","0.5185","0","0.3704","0.1111","0","0","0"
"X","테팔다리미","디지털/가전>생활가전","O","O","3.26","2130","1628","-0.2357","7077","4790","-0.3232","40672","5","4593","없음","없음","6952","1368","82024","높음","0.975","0.025","0.575","66915","28776","8805","1065","0.6667","0.0741","0.2222","0.037","0","0","0"
"X","트롬세탁기","디지털/가전>생활가전","O","O","22.41","3890","3615","-0.0707","12746","10621","-0.1667","66481","1","6776","없음","없음","87173","207","1045535","높음","1","0","0.65","817560","10251","1899","379","0.5556","0","0.4074","0.037","0","0","0"
"O","tr12hn","디지털/가전>생활가전","X","O","0.64","640","744","0.1625","2308","2370","0.0269","8318","11","855","없음","없음","407","0","228036","높음","1","0","0.025","456836","25096","7696","784","0.2188","0.0313","0.625","0.125","742","449","186"
"X","dv21dg8200bw","디지털/가전>생활가전","X","O","0.21","1190","0","","2286","0","","0","","0","없음","없음","250","0","1025012","높음","0.975","0.025","0","922728","25941","6457","741","0.4857","0.0571","0.4571","0","0","0","0"
"X","일반전화기","디지털/가전>생활가전","X","O","40.34","960","2336","1.4333","3334","4416","0.3245","19099","11","2927","없음","없음","38723","8660","22289","높음","1","0","0.5","24022","24161","6892","894","0.7037","0.037","0.1481","0.1111","0","0","0"
"X","주키도어락","디지털/가전>생활가전","O","O","22.05","260","234","-0.1","686","717","0.0452","3239","12","339","없음","없음","5732","695","87482","높음","1","0","0.25","102908","24376","6881","902","0.6296","0.0741","0.2593","0.037","0","0","0"
"O","w10egn","디지털/가전>생활가전","X","O","0.93","860","1025","0.1919","2986","3046","0.0201","12985","3","1573","없음","없음","797","0","1719230","높음","1","0","0.05","1566094","3094","1489","110","0.1429","0","0.8571","0","0","0","0"
"O","도어락레인커버","디지털/가전>생활가전","X","O","26.87","740","601","-0.1878","2711","1945","-0.2826","11391","7","1371","없음","없음","19883","9686","13634","높음","0.975","0.025","0","17605","2296","601","71","0.0938","0.1563","0.5938","0.1563","0","0","0"
"O","wf80f25bdw","디지털/가전>생활가전","X","X","0.11","1130","0","","1898","0","","0","","0","없음","없음","120","0","1794959","높음","1","0","0.025","1383003","21977","6457","627","0.5714","0","0.4","0.0286","191","191","191"
"X","구강세척기","디지털/가전>생활가전","X","O","55","1800","1780","-0.0111","5377","5007","-0.0688","22705","4","2337","없음","없음","99006","41590","69733","높음","0.975","0.025","0.525","52259","53476","17223","1980","0.4815","0.2963","0.1481","0.0741","0","0","0"
"O","동국제약구강세정기","디지털/가전>생활가전","O","O","0.92","780","558","-0.2846","1955","1850","-0.0537","8682","1","1201","없음","없음","718","0","58578","높음","1","0","0.075","49601","18327","17204","678","0.1111","0.2593","0.5926","0.037","0","0","0"
"X","삼성세탁기콤보","디지털/가전>생활가전","O","O","0.91","3630","3702","0.0198","9445","9186","-0.0274","16556","3","2839","있음","3,4,5,6,10,11","3304","13","2198947","중간","1","0","0.125","2810249","9731","4026","304","0.5","0","0.4688","0.0313","0","0","0"
"O","wa80f19e8w","디지털/가전>생활가전","X","X","0.2","1170","0","","2904","0","","0","","0","없음","없음","238","0","634184","높음","1","0","0","567462","33638","7684","934","0.3889","0.1111","0.5","0","0","0","0"
"O","미니듀얼세탁기","디지털/가전>생활가전","X","X","5.46","470","0","","636","0","","0","","0","없음","없음","2568","1201","214918","중간","0.35","0.65","0","260995","2606","1474","96","0.037","0.0741","0.1852","0.7037","31","15","2"
"O","f21wdsp","디지털/가전>생활가전","X","O","0.32","1090","1204","0.1046","2845","2942","0.0341","17136","9","1938","없음","없음","347","0","997058","높음","1","0","0.025","1107965","37273","6449","1064","0.6","0.0286","0.2857","0.0857","209","141","70"
"O","lg트롬건조기","디지털/가전>생활가전","O","O","14.23","2880","2797","-0.0288","7556","6928","-0.0831","39145","7","4116","없음","없음","40980","25","1091827","높음","1","0","0.625","1016277","10176","2158","376","0.4444","0","0.4074","0.1481","0","0","0"
"X","sc5mbr60b","디지털/가전>생활가전","O","O","0.56","1250","0","","3365","0","","0","","0","없음","없음","698","0","868905","높음","1","0","0.025","953737","613","244","17","0.1389","0.0278","0.5278","0.3056","14","7","1"
"X","방화문도어락","디지털/가전>생활가전","X","O","138.41","450","1636","2.6356","1624","3461","1.1312","12443","11","3046","있음","11","62286","13178","92786","높음","1","0","0","58000","39060","6964","1085","0.7778","0.0833","0.1389","0","0","0","0"
"O","신일탈수기","디지털/가전>생활가전","O","O","1.63","1210","1246","0.0298","3991","2730","-0.316","21695","9","3285","없음","없음","1967","130","134250","높음","1","0","0.35","136545","3755","2304","129","0.069","0.3103","0.5517","0.069","2","1","1"
"O","lg건조기10kg","디지털/가전>생활가전","X","O","5.02","820","1028","0.2537","1954","1964","0.0051","6363","7","833","없음","없음","4115","747","695497","높음","1","0","0.15","1626618","6861","2160","254","0.3704","0","0.5185","0.1111","0","0","0"
"X","wf24d20cwwc","디지털/가전>생활가전","X","O","0.13","1510","1347","-0.1079","4349","3916","-0.0996","17232","7","1958","없음","없음","199","0","2147364","높음","1","0","0.025","1758368","19689","6450","729","0.6667","0","0.2963","0.037","0","0","0"
"O","로라스타스팀다리미","디지털/가전>생활가전","O","O","0.71","4960","2425","-0.5111","11824","8533","-0.2783","90397","5","10294","없음","없음","3534","2609","885886","높음","0.475","0.525","0.175","763425","44888","43309","1662","0.4444","0.037","0.1481","0.3704","7","3","1"
"O","에버넷도어락","디지털/가전>생활가전","O","O","2.48","2130","1954","-0.0826","7651","6262","-0.1815","41165","7","3977","없음","없음","5275","48","62160","높음","1","0","0.15","61310","7418","2954","274","0.5556","0","0.3333","0.1111","0","0","0"
"O","f24wdwp","디지털/가전>생활가전","X","O","0.95","850","900","0.0588","2715","2450","-0.0976","24278","10","2960","없음","없음","810","2","1280345","높음","1","0","0.025","1374951","22744","6449","668","0.4706","0","0.3235","0.2059","2030","912","290"
"O","도어락스티커","디지털/가전>생활가전","X","O","10.9","630","733","0.1635","2336","2318","-0.0077","13707","1","1292","없음","없음","6868","1765","2373","높음","1","0","0","9974","6991","1959","258","0.0741","0.5185","0.2593","0.1481","0","0","0"
"X","삼성원바디","디지털/가전>생활가전","O","O","3.07","1360","1717","0.2625","4389","4543","0.0351","13672","1","2199","없음","없음","4181","0","2588980","높음","1","0","0.225","2370158","7741","2038","221","0.4571","0","0.5429","0","0","0","0"
"X","소형세탁기5kg","디지털/가전>생활가전","X","O","11.9","900","0","","3881","844","-0.7825","216","9","54","있음","8,9,10,12","10711","6422","151850","높음","0.65","0.35","0","204857","14239","5411","527","0.1852","0.037","0.2222","0.5556","44","33","3"
"X","w2520whm","디지털/가전>생활가전","X","X","0.04","1090","0","","1755","0","","0","","0","없음","없음","45","0","3296983","중간","1","0","0","300261","1508","324","43","0.5429","0.2","0.2286","0.0286","1","1","1"
"X","보풀제거기c타입","디지털/가전>생활가전","X","O","38.63","60","0","","732","0","","0","","0","없음","없음","2318","266","25750","높음","1","0","0.275","21816","57509","34471","2129","0.5185","0.2222","0.2593","0","0","0","0"
"O","샤오미구강세정기","디지털/가전>생활가전","O","O","1.09","1530","1575","0.0294","4172","3511","-0.1584","16617","1","1902","없음","없음","1673","1350","37499","높음","0.125","0.875","0.075","100575","37520","17208","1389","0.1481","0.1852","0.1481","0.5185","73","52","5"
"X","진공흡착스팀다리미","디지털/가전>생활가전","X","X","0.57","1160","0","","1416","0","","0","","0","없음","없음","659","370","222801","높음","0.55","0.45","0","121126","58891","43304","2181","0.1852","0.1852","0.0741","0.5556","3","1","0"
"O","dv20cb8800be","디지털/가전>생활가전","X","O","0.63","920","1364","0.4826","2641","3328","0.2601","13601","7","1893","없음","없음","581","0","492657","높음","1","0","0.025","1353667","5082","2033","158","0.375","0","0.625","0","0","0","0"
"X","wf21cb6650bw","디지털/가전>생활가전","X","O","0.32","2850","3023","0.0607","6695","8014","0.197","18036","7","2317","없음","없음","903","2","348429","높음","0.95","0.05","0.025","1120275","15746","6451","583","0.4444","0","0.5185","0.037","0","0","0"
"X","조류퇴치기","디지털/가전>생활가전","X","O","49.03","1000","792","-0.208","5819","3083","-0.4702","25239","7","5320","있음","6,7","49033","21459","34208","높음","0.95","0.05","0","43823","2071","230","76","0.037","0.3704","0.4815","0.1111","0","0","0"
"X","세탁건조일체형","디지털/가전>생활가전","X","O","4.33","2340","2709","0.1577","6472","6930","0.0708","37233","3","7230","있음","2,3,4","10140","5290","2138909","높음","0.925","0.075","0.1","1349827","9172","2033","339","0.4444","0","0.3704","0.1852","0","0","0"
"O","엘지통돌이세탁기19kg","디지털/가전>생활가전","O","O","2.06","1370","1397","0.0197","4251","3388","-0.203","2648","9","282","없음","없음","2825","0","668833","높음","1","0","0.25","649363","28883","7696","1069","0.4074","0","0.5556","0.037","449","449","449"
"X","드럼세탁기10kg","디지털/가전>생활가전","X","O","4.13","1600","1700","0.0625","5642","5057","-0.1037","24490","1","2359","없음","없음","6600","2718","1020278","높음","0.925","0.075","0.275","449437","4769","1901","176","0.2593","0","0.5926","0.1481","0","0","0"
"X","디지털생활무전기","디지털/가전>생활가전","X","X","103.51","3710","4255","0.1469","16063","21339","0.3285","6029","1","760","없음","없음","384030","115880","127864","높음","0.975","0.025","0.125","104824","360","80","13","0","0.3333","0.4815","0.1852","51","51","10"
"X","드럼세탁기건조기","디지털/가전>생활가전","X","O","143.92","1360","1535","0.1287","3964","3510","-0.1145","22167","7","2146","없음","없음","195731","68742","2041572","높음","1","0","0.65","1496370","11050","2033","409","0.7037","0","0.2963","0","0","0","0"
"X","엘지워시콤보","디지털/가전>생활가전","O","O","4.09","2500","2589","0.0356","7736","5792","-0.2513","57242","4","9795","있음","3,4,5,7,8","10229","6","2664599","높음","1","0","0.375","2957812","2285","1486","84","0.3704","0","0.5185","0.1111","156","141","52"
"O","wd90f25aht","디지털/가전>생활가전","X","O","0.19","1950","0","","6035","0","","0","","0","없음","없음","374","0","540780","높음","1","0","0.025","1620841","4444","2126","130","0.2059","0.0294","0.6471","0.1176","0","0","0"
"O","lg통돌이","디지털/가전>생활가전","O","O","21.08","1750","1618","-0.0754","6096","4829","-0.2078","27541","7","2604","없음","없음","36884","2000","621814","높음","1","0","0.55","482733","30511","7695","1130","0.4074","0","0.3333","0.2593","951","449","136"
"X","소형세탁기7kg","디지털/가전>생활가전","X","X","7.24","580","0","","2104","956","-0.5456","34","4","14","있음","4,5,7","4201","2829","248942","높음","0.9","0.1","0.05","261915","15396","5407","570","0.2593","0.037","0.5926","0.1111","0","0","0"
"X","wf2522hdbba","디지털/가전>생활가전","X","O","0.16","1080","1018","-0.0574","3985","2635","-0.3388","7442","10","1424","있음","7,8,9,10,11","170","0","2497017","높음","1","0","0.025","2062255","9229","2033","341","0.6667","0","0.3333","0","0","0","0"
"O","무전기이어폰","디지털/가전>생활가전","X","O","51.06","1220","1235","0.0123","3983","4788","0.2021","19359","3","1941","없음","없음","62294","10786","6577","높음","1","0","0.05","17854","1763","687","65","0.1481","0","0.6667","0.1852","33","33","7"
"O","스텐드","디지털/가전>생활가전","X","O","4580.11","4140","4331","0.0461","13187","13757","0.0432","84018","1","9225","없음","없음","18961653","6723227","54707","높음","0.95","0.05","0.975","29273","53301","16393","1974","0.5185","0.4074","0.037","0.037","15","15","15"
"X","신발소독기","디지털/가전>생활가전","X","O","49.57","890","1066","0.1978","3153","3655","0.1592","13908","3","1510","없음","없음","44119","20439","394507","높음","0.875","0.125","0.1","102228","5997","2657","222","0.2963","0.1481","0.1852","0.3704","88","30","9"
"O","칫솔살균건조기","디지털/가전>생활가전","X","O","81.42","750","1087","0.4493","1903","4588","1.4109","13977","12","3615","있음","12","61066","21878","30971","높음","1","0","0.625","27691","67437","19743","2497","0.3333","0.5185","0.1111","0.037","0","0","0"
"X","프리즘스탠드","디지털/가전>생활가전","O","O","6.21","1780","1481","-0.168","5235","4983","-0.0481","44077","1","5835","없음","없음","11053","1402","60478","높음","1","0","0.7","68736","28394","16393","1051","0.5926","0","0.2593","0.1481","0","0","0"
"O","rd20wna","디지털/가전>생활가전","X","O","1.08","830","936","0.1277","2158","2521","0.1682","17569","1","2016","없음","없음","899","0","1229429","높음","0.975","0.025","0.025","1470212","14221","2158","490","0.2069","0","0.7241","0.069","0","0","0"
"X","wf2520hceed","디지털/가전>생활가전","X","O","0.1","1190","1889","0.5874","3572","5624","0.5745","4565","11","1013","있음","8,9,10,11,12","117","0","445594","높음","1","0","0.025","1977842","17876","4024","662","0.6296","0.037","0.3333","0","0","0","0"
"O","도어락설치","디지털/가전>생활가전","X","X","63.7","1020","1035","0.0147","3549","3285","-0.0744","31684","7","2997","없음","없음","64977","10231","134536","높음","1","0","0.175","108088","33978","6871","1258","0.7407","0.037","0.1111","0.1111","0","0","0"
"X","클린디칫솔살균기","디지털/가전>생활가전","O","O","0.05","4010","5259","0.3115","15333","16517","0.0772","87184","1","15282","있음","1,3,8,12","188","2","48495","중간","1","0","0.075","40055","26176","8187","969","0","0.7037","0.2222","0.0741","0","0","0"
"X","t21mx9b","디지털/가전>생활가전","X","O","0.49","780","919","0.1782","2449","1974","-0.194","13612","2","1880","없음","없음","381","0","815443","높음","0.975","0.025","0.025","1018373","18264","7711","589","0.2581","0","0.6774","0.0645","212","212","106"
"X","코웨이연수기렌탈","디지털/가전>생활가전","O","O","1.52","220","220","0","627","32","-0.949","6057","4","2093","있음","4,7,8","334","0","30525","높음","1","0","0.025","27649","6700","1805","191","0.0286","0.0571","0.8857","0.0286","0","0","0"
"O","벽걸이전화기","디지털/가전>생활가전","X","O","76.96","380","386","0.0158","1508","1345","-0.1081","7244","1","864","없음","없음","29245","10855","20332","높음","0.975","0.025","0.475","20545","5355","698","198","0.4074","0","0.4444","0.1481","0","0","0"
"X","wa2525egzf","디지털/가전>생활가전","X","O","0.31","1740","0","","6843","0","","0","","0","없음","없음","533","0","4230435","높음","1","0","0.05","1824400","16491","4024","471","0.3714","0.0571","0.5429","0.0286","0","0","0"
"X","통돌이세탁기6kg","디지털/가전>생활가전","O","O","2.65","940","1021","0.0862","1572","866","-0.4491","1099","8","169","없음","없음","2489","1302","182229","높음","0.875","0.125","0","259660","17346","5396","642","0.4444","0","0.3704","0.1852","0","0","0"
"X","전기모기퇴치기","디지털/가전>생활가전","X","O","189.1","1540","1223","-0.2058","4523","1058","-0.7661","55814","6","17468","있음","5,6,7","291216","95559","42365","높음","1","0","0.2","26219","69212","15173","2563","0.2222","0.5556","0.1111","0.1111","0","0","0"
"O","lg드럼세탁기24kg","디지털/가전>생활가전","X","O","10.32","600","451","-0.2483","1507","1275","-0.1539","9063","1","1102","없음","없음","6191","36","1208702","높음","1","0","0.675","1271935","7527","1486","278","0.5185","0","0.4074","0.0741","205","191","103"
"O","lg오브제세탁기","디지털/가전>생활가전","X","O","47.6","1530","1440","-0.0588","5262","4419","-0.1602","41791","3","4725","없음","없음","72823","17","2181218","높음","1","0","0.225","1701259","6300","1489","233","0.8889","0","-0.1481","0.2593","269","191","38"
"O","wa80f19s8c","디지털/가전>생활가전","X","X","0.22","720","0","","1972","0","","0","","0","없음","없음","158","0","733898","높음","1","0","0.025","402526","18939","6457","526","0.1667","0.0833","0.75","0","0","0","0"
"X","코콤무타공도어락","디지털/가전>생활가전","O","O","0.63","970","2436","1.5113","1661","66440","39","235","12","210","있음","12","611","10","98214","높음","1","0","0.05","111637","7149","6871","264","0.4074","0.1481","0.4444","0","0","0","0"
"X","미니미싱기","디지털/가전>생활가전","X","O","92.15","890","929","0.0438","2910","2602","-0.1058","18130","5","1820","없음","없음","82015","33413","82243","높음","0.975","0.025","0.175","32931","22922","8727","848","0.1852","0.3704","0.2222","0.2222","289","129","48"
"X","집전화기","디지털/가전>생활가전","X","O","27.85","1790","1967","0.0989","5961","5520","-0.074","28633","1","2953","없음","없음","49843","12800","22381","높음","0.975","0.025","0.475","29397","27712","6892","1026","0.6667","0.0741","0.1111","0.1481","0","0","0"
"X","보풀제거기usb충전식","디지털/가전>생활가전","","X","428.8","20","","","","","","0","","0","없음","없음","8576","2374","36588","높음","0.975","0.025","0.675","19710","24711","9502","915","0.4815","0.3704","0.0741","0.0741","0","0","0"
"X","여행용스팀다리미","디지털/가전>생활가전","X","O","42.28","1130","998","-0.1168","4323","8913","1.0618","22220","12","5509","있음","12","47773","27165","52477","높음","1","0","0.3","36342","68018","43289","2519","0.4815","0.4074","0.037","0.0741","0","0","0"
"O","락프로도어락","디지털/가전>생활가전","O","O","0.39","1860","1909","0.0263","6245","5626","-0.0991","22731","7","2509","없음","없음","726","25","131045","높음","1","0","0.175","132669","23951","6876","887","0.3704","0","0.6296","0","0","0","0"
"O","삼성디지털도어락","디지털/가전>생활가전","O","O","2.42","1200","1268","0.0567","3893","3635","-0.0663","13883","1","1457","없음","없음","2907","266","144008","높음","1","0","0.2","185068","14243","2530","527","0.5556","0","0.4444","0","0","0","0"
"O","책상스텐드조명","디지털/가전>생활가전","X","O","265.31","1090","1081","-0.0083","2604","3311","0.2715","14581","1","1764","없음","없음","289191","122583","52177","높음","0.975","0.025","0.2","27620","64374","16388","2384","0.6296","0.2593","0.1111","0","0","0","0"
"O","진공흡입스팀다리미","디지털/가전>생활가전","X","X","0.39","1640","0","","2301","0","","0","","0","없음","없음","638","341","156367","중간","0.325","0.675","0","133552","58531","43277","2167","0.2222","0.0741","0.1852","0.5185","1","1","0"
"O","lg통돌이세탁기10kg","디지털/가전>생활가전","O","O","3.41","650","840","0.2923","2253","2268","0.0067","13407","1","1469","없음","없음","2215","539","354871","높음","1","0","0.05","377680","55989","5408","2073","0.1852","0","0.6667","0.1481","0","0","0"
"X","고성능생활무전기","디지털/가전>생활가전","X","O","55.07","410","521","0.2707","1072","1070","-0.0019","4362","1","554","없음","없음","22579","5761","157090","높음","0.95","0.05","0.125","100171","503","96","18","0","0.1481","0.5926","0.2593","84","42","12"
"O","무전기스토리","디지털/가전>생활가전","X","X","2.53","1230","1640","0.3333","3777","70547","17.6781","400","12","194","있음","12","3113","43","218412","중간","1","0","0","67905","848","261","31","0.0741","0.037","0.6667","0.2222","37","33","6"
"X","소형빨래건조기","디지털/가전>생활가전","X","O","36.78","1320","1386","0.05","3230","3137","-0.0288","9605","7","1401","없음","없음","48544","36427","349111","높음","0.95","0.05","0.45","181522","13055","3987","483","0.2593","0.3333","0.037","0.3704","382","329","38"
"X","ai콤보세탁기","디지털/가전>생활가전","X","O","0.39","7150","13714","0.918","10850","17771","0.6379","2536","4","388","없음","없음","2800","2","1574201","높음","1","0","0.125","2957181","1238","330","45","0.3704","0","0.5926","0.037","141","141","141"
"O","wf2422hdeeh","디지털/가전>생활가전","X","O","0.08","980","1664","0.698","2578","4317","0.6746","7568","11","2088","있음","9,10,11,12","82","0","2241149","중간","1","0","0.025","1404463","15717","4026","462","0.6176","0","0.3824","0","0","0","0"
"X","삼성에어드레서필터","디지털/가전>생활가전","O","O","3.09","2380","3853","0.6189","5567","14421","1.5904","19676","1","2830","없음","없음","7363","5","17330","높음","1","0","0","24816","4244","1008","157","0.037","0.2593","0.7037","0","0","0","0"
"X","lg드럼세탁기21kg","디지털/가전>생활가전","X","O","8.2","850","1063","0.2506","2323","2005","-0.1369","12308","1","1404","없음","없음","6972","23","1077661","높음","1","0","0.45","1066380","14868","4029","413","0.3611","0","0.5833","0.0556","1483","1483","742"
"O","wa23a8377kv","디지털/가전>생활가전","X","O","0.49","1040","969","-0.0683","3673","2984","-0.1876","17826","1","2038","없음","없음","506","0","122237","높음","1","0","0.025","810622","19524","7695","557","0.2857","0.0286","0.6286","0.0571","210","210","105"
"O","wf25dg8650bv2t","디지털/가전>생활가전","X","O","0.16","910","0","","2678","0","","0","","0","없음","없음","144","0","2203533","높음","1","0","0.025","1539358","12774","4025","440","0.6552","0","0.3448","0","0","0","0"
"X","국산칫솔살균기","디지털/가전>생활가전","X","O","1.34","1510","2296","0.5205","2870","1597","-0.4436","1680","8","459","있음","8","2023","28","25422","높음","1","0","0","34796","23530","8168","871","0.2593","0.5185","0.1852","0.037","1","1","1"
"X","삼성콤보세탁기","디지털/가전>생활가전","O","O","1.07","3130","3587","0.146","8595","8347","-0.0289","47390","3","6925","없음","없음","3335","13","1962697","높음","0.975","0.025","0.125","2983617","3275","2033","121","0.3333","0","0.6296","0.037","0","0","0"
"X","엘지오브제세탁기","디지털/가전>생활가전","X","O","46.56","1540","1768","0.1481","4735","4447","-0.0608","33917","3","3518","없음","없음","71709","18","2177860","높음","1","0","0.225","1878334","7832","1486","217","0.75","0","0.0556","0.1944","294","191","42"
"X","dv90t5540bv","디지털/가전>생활가전","X","O","0.58","1210","1286","0.0628","3065","3069","0.0013","13462","7","1724","없음","없음","700","0","229595","높음","0.8","0.2","0.025","783200","12158","5834","450","0.2593","0","0.7407","0","0","0","0"
"X","fh25ga","디지털/가전>생활가전","X","O","0.66","570","727","0.2754","1535","1465","-0.0456","6925","4","1044","없음","없음","378","0","3652100","높음","1","0","0.075","3072156","2870","1486","89","0.1875","0","0.75","0.0625","332","191","166"
"O","fx24ene-gng","디지털/가전>생활가전","X","O","0.46","950","1671","0.7589","4035","4410","0.0929","11714","3","1335","없음","없음","439","0","2436717","높음","1","0","0.075","2332592","7312","2033","228","0.5","0","0.4375","0.0625","47","46","24"
"X","드럼세탁기19kg","디지털/가전>생활가전","X","O","8.33","540","562","0.0407","1813","1751","-0.0342","9618","8","976","없음","없음","4497","139","1057967","높음","1","0","0.25","860992","23626","6452","875","0.4815","0","0.5185","0","0","0","0"
"X","샤오미모니터조명","디지털/가전>생활가전","O","O","1.11","1000","1297","0.297","3027","3655","0.2075","19255","2","2420","없음","없음","1113","763","57398","중간","0.425","0.575","0.025","60737","3429","1636","127","0.1852","0.1111","0.1852","0.5185","608","506","43"
"X","led무선스탠드","디지털/가전>생활가전","O","X","210.73","590","0","","985","412","-0.5817","1050","8","230","있음","3,8,9","124329","25334","41072","높음","0.975","0.025","0.375","17923","46128","16393","1281","0.5","0.4167","0.0556","0.0278","188","188","188"
"O","rg20en","디지털/가전>생활가전","X","O","0.34","760","956","0.2579","2227","3222","0.4468","1497","9","586","있음","9,11","259","0","1468002","높음","1","0","0.025","1264057","12580","2160","370","0.5","0","0.4706","0.0294","1","1","1"
"X","워키토키","디지털/가전>생활가전","X","O","25.23","5290","4608","-0.1289","18129","14468","-0.2019","107240","6","10560","없음","없음","133483","73242","113178","높음","0.75","0.25","0","56790","913","226","33","0.0741","0.037","0.5185","0.3704","155","76","16"
"X","필립스칫솔모","디지털/가전>생활가전","O","O","13.87","950","928","-0.0232","3117","2652","-0.1492","19414","1","1845","없음","없음","13173","5688","24460","높음","0.975","0.025","0.45","37151","65145","9747","2412","0.7778","0.0741","0.0741","0.0741","0","0","0"
"O","tr15mv5","디지털/가전>생활가전","X","O","0.35","710","0","","2278","0","","460","12","246","있음","11,12","248","0","631302","높음","1","0","0.025","540790","18409","7709","575","0.1563","0","0.8438","0","0","0","0"
"O","가정용칫솔살균기","디지털/가전>생활가전","X","O","53.97","530","945","0.783","1901","2375","0.2493","10840","7","3649","있음","7","28602","9471","33232","높음","1","0","0.6","32726","44715","19740","1242","0.1667","0.5833","0.1667","0.0833","2","2","1"
"O","살균기","디지털/가전>생활가전","X","O","468.69","1150","1199","0.0426","3422","2858","-0.1648","20783","3","2765","없음","없음","538993","228485","85787","높음","1","0","0.55","78614","10899","8184","403","0.1111","0.1852","0.4444","0.2593","6","3","1"
"O","업소용세탁기","디지털/가전>생활가전","X","X","56.54","750","765","0.02","2472","2201","-0.1096","12232","1","1160","없음","없음","42406","17311","5448408","높음","0.7","0.3","0.05","2465885","9319","5403","345","0.1111","0","0.5556","0.3333","0","0","0"
"O","인터넷전화","디지털/가전>생활가전","X","O","11.64","3770","3943","0.0459","13304","13127","-0.0133","72057","1","7431","없음","없음","43891","11556","122114","높음","0.95","0.05","0","57320","17114","3642","633","0.4444","0.1111","0.2222","0.2222","0","0","0"
"O","t25px9a","디지털/가전>생활가전","X","O","0.9","540","598","0.1074","1844","1765","-0.0428","7890","8","807","없음","없음","486","1","1110499","높음","0.975","0.025","0.025","1093402","7946","2388","294","0.1111","0.037","0.7407","0.1111","630","210","210"
"X","wa2525gehf","디지털/가전>생활가전","X","X","0.22","1880","0","","6599","0","","0","","0","없음","없음","413","0","3964324","높음","1","0","0","1110358","18395","7683","510","0.3333","0.0833","0.5556","0.0278","0","0","0"
"O","lg스타일러렌탈","디지털/가전>생활가전","O","O","13.27","460","1098","1.387","866","1403","0.6201","11530","1","2396","있음","1,2,3","6103","2","37162","높음","0.95","0.05","0.125","889756","5375","1856","191","0.0714","0.2857","0.4643","0.1786","57","17","11"
"X","lg올인원세탁기","디지털/가전>생활가전","X","O","0.68","1350","1909","0.4141","4277","6447","0.5074","22929","3","5828","있음","3","916","64","3229774","높음","1","0","0.05","1931228","5015","1487","185","0.2593","0","0.4815","0.2593","14","14","2"
"O","고양이퇴치기","디지털/가전>생활가전","X","O","23.41","690","756","0.0957","2055","1405","-0.3163","13843","4","1710","없음","없음","16153","7771","36807","높음","0.95","0.05","0","25378","4747","1411","175","0.037","0.5185","0.2593","0.1852","22","22","4"
"O","w20wanq","디지털/가전>생활가전","X","O","0.54","850","1534","0.8047","3071","2572","-0.1625","19433","1","3558","있음","1,2,3,4,9","459","0","2602227","높음","1","0","0.025","1645546","15357","4265","438","0.4286","0","0.5429","0.0286","0","0","0"
"X","건설무전기","디지털/가전>생활가전","X","O","10.98","1490","0","","4280","1284","-0.7","84","10","67","있음","10","16356","4708","248954","높음","1","0","0.45","116242","696","224","25","0.037","0.037","0.6296","0.2963","0","0","0"
"O","위니아세탁기","디지털/가전>생활가전","O","O","3.93","2340","2307","-0.0141","8563","6781","-0.2081","36439","8","3620","없음","없음","9192","282","310747","높음","1","0","0.325","316812","19551","7710","751","0.1154","0.0769","0.7308","0.0769","0","0","0"
"O","sc5msr82a","디지털/가전>생활가전","X","O","0.59","640","0","","1694","0","","0","","0","없음","없음","378","0","1874508","중간","1","0","0.025","1242932","971","244","27","0.2","0","0.5714","0.2286","13","7","2"
"X","포충기가정용","디지털/가전>생활가전","X","O","80.94","1060","681","-0.3575","5375","682","-0.8731","14058","7","4475","있음","6,7,8","85799","31842","45661","높음","1","0","0.175","28129","36290","12703","1344","0.4074","0.5185","0.037","0.037","0","0","0"
"X","led스탠드실버","디지털/가전>생활가전","X","X","506.09","70","0","","250","0","","0","","0","없음","없음","35426","8754","57004","높음","0.975","0.025","0.3","38720","3818","2614","146","0.1154","0.0385","0.8462","0","0","0","0"
"O","보조키도어락","디지털/가전>생활가전","O","O","175.62","340","183","-0.4618","1059","451","-0.5741","10494","7","1052","없음","없음","59712","9285","49742","높음","1","0","0.125","66083","18051","4036","668","0.7407","0","0.1481","0.1111","0","0","0"
"X","치아세정기","디지털/가전>생활가전","X","O","18.33","2040","2990","0.4657","8791","9837","0.119","26043","11","3046","없음","없음","37401","15126","59153","높음","0.975","0.025","0.3","53050","59112","17207","2189","0.4815","0.1852","0.1481","0.1852","108","78","22"
"X","wa25b8377kv","디지털/가전>생활가전","X","O","0.29","1160","1137","-0.0198","3558","3142","-0.1169","12878","1","1306","없음","없음","336","0","378884","높음","1","0","0.025","984875","18960","7683","677","0.25","0.0357","0.7143","0","0","0","0"
